Objectclas,Objectid,Changenr,Username,Udate,Utime,Tcode
MATERIAL,000000000010000000,0001000000,VZIINV01,2026-09-07T00:00:00,08:40:00,MM02
MATERIAL,000000000010000001,0001000001,VZIINV01,2026-09-07T00:00:00,11:24:00,MM02
MATERIAL,000000000010000001,0001000002,VZIINV01,2026-07-12T00:00:00,15:03:00,MM02
MATERIAL,000000000010000002,0001000003,VZIINV01,2026-06-17T00:00:00,16:55:00,MM02
MATERIAL,000000000080000001,0001000004,VZIINV02,2026-06-16T00:00:00,17:11:00,MM02
MATERIAL,000000000030000001,0001000005,VZIINV02,2026-05-24T00:00:00,16:43:00,MM02
MATERIAL,000000000080000003,0001000006,VZIINV01,2026-08-31T00:00:00,13:02:00,MM02
MATERIAL,000000000010000015,0001000007,VZIINV01,2026-06-07T00:00:00,09:41:00,MM02
MATERIAL,000000000010000019,0001000008,VZIINV01,2026-06-08T00:00:00,11:23:00,MM02
MATERIAL,000000000010000020,0001000009,VZIINV01,2026-08-01T00:00:00,09:46:00,MM02
MATERIAL,000000000080000004,0001000010,VZIINV01,2026-08-30T00:00:00,16:46:00,MM02
MATERIAL,000000000010000026,0001000011,VZIINV02,2026-08-20T00:00:00,09:33:00,MM02
MATERIAL,000000000010000026,0001000012,VZIINV01,2026-07-04T00:00:00,11:27:00,MM02
MATERIAL,000000000010000034,0001000013,VZIINV01,2026-08-19T00:00:00,12:04:00,MM02
MATERIAL,000000000010000036,0001000014,VZIINV02,2026-05-25T00:00:00,12:20:00,MM02
MATERIAL,000000000010000041,0001000015,VZIINV01,2026-06-29T00:00:00,17:33:00,MM02
MATERIAL,000000000030000006,0001000016,VZIINV02,2026-09-07T00:00:00,13:30:00,MM02
MATERIAL,000000000080000008,0001000017,VZIINV02,2026-07-22T00:00:00,13:26:00,MM02
MATERIAL,000000000010000043,0001000018,VZIINV01,2026-06-15T00:00:00,09:19:00,MM02
MATERIAL,000000000080000012,0001000019,VZIINV01,2026-07-18T00:00:00,16:53:00,MM02
MATERIAL,000000000010000058,0001000020,VZIINV01,2026-09-07T00:00:00,16:04:00,MM02
MATERIAL,000000000010000059,0001000021,VZIINV02,2026-08-23T00:00:00,07:18:00,MM02
MATERIAL,000000000010000060,0001000022,VZIINV01,2026-07-01T00:00:00,13:11:00,MM02
MATERIAL,000000000080000014,0001000023,VZIINV01,2026-06-23T00:00:00,09:58:00,MM02
MATERIAL,000000000010000075,0001000024,VZIINV01,2026-06-13T00:00:00,09:14:00,MM02
MATERIAL,000000000010000082,0001000025,VZIINV01,2026-07-12T00:00:00,15:29:00,MM02
MATERIAL,000000000010000083,0001000026,VZIINV01,2026-06-20T00:00:00,11:43:00,MM02
MATERIAL,000000000010000086,0001000027,VZIINV02,2026-08-02T00:00:00,08:54:00,MM02
MATERIAL,000000000080000021,0001000028,VZIINV01,2026-08-04T00:00:00,07:17:00,MM02
MATERIAL,000000000030000016,0001000029,VZIINV01,2026-07-31T00:00:00,10:03:00,MM02
MATERIAL,000000000010000097,0001000030,VZIINV01,2026-08-22T00:00:00,09:06:00,MM02
MATERIAL,000000000010000100,0001000031,VZIINV01,2026-07-20T00:00:00,12:21:00,MM02
MATERIAL,000000000010000101,0001000032,VZIINV02,2026-06-14T00:00:00,17:45:00,MM02
MATERIAL,000000000010000105,0001000033,VZIINV01,2026-06-27T00:00:00,09:39:00,MM02
MATERIAL,000000000010000112,0001000034,VZIINV01,2026-06-17T00:00:00,07:37:00,MM02
MATERIAL,000000000010000116,0001000035,VZIINV01,2026-09-07T00:00:00,14:30:00,MM02
MATERIAL,000000000010000120,0001000036,VZIINV01,2026-08-09T00:00:00,07:22:00,MM02
MATERIAL,000000000010000125,0001000037,VZIINV02,2026-08-13T00:00:00,13:05:00,MM02
MATERIAL,000000000010000131,0001000038,VZIINV02,2026-06-10T00:00:00,09:41:00,MM02
MATERIAL,000000000010000133,0001000039,VZIINV01,2026-07-31T00:00:00,10:19:00,MM02
MATERIAL,000000000010000135,0001000040,VZIINV01,2026-09-07T00:00:00,17:15:00,MM02
MATERIAL,000000000010000137,0001000041,VZIINV02,2026-06-18T00:00:00,15:28:00,MM02
MATERIAL,000000000080000028,0001000042,VZIINV02,2026-06-15T00:00:00,15:45:00,MM02
MATERIAL,000000000080000029,0001000043,VZIINV01,2026-07-27T00:00:00,10:07:00,MM02
MATERIAL,000000000030000023,0001000044,VZIINV01,2026-06-21T00:00:00,14:34:00,MM02
MATERIAL,000000000010000153,0001000045,VZIINV02,2026-05-15T00:00:00,10:21:00,MM02
MATERIAL,000000000010000156,0001000046,VZIINV01,2026-05-28T00:00:00,17:49:00,MM02
MATERIAL,000000000080000036,0001000047,VZIINV02,2026-09-07T00:00:00,17:29:00,MM02
MATERIAL,000000000080000039,0001000048,VZIINV01,2026-06-28T00:00:00,11:18:00,MM02
MATERIAL,000000000010000171,0001000049,VZIINV01,2026-06-01T00:00:00,09:05:00,MM02
MATERIAL,000000000010000173,0001000050,VZIINV02,2026-08-03T00:00:00,13:33:00,MM02
MATERIAL,000000000010000176,0001000051,VZIINV02,2026-05-20T00:00:00,14:32:00,MM02
MATERIAL,000000000010000180,0001000052,VZIINV01,2026-08-22T00:00:00,17:04:00,MM02
MATERIAL,000000000010000180,0001000053,VZIINV02,2026-07-27T00:00:00,11:46:00,MM02
MATERIAL,000000000010000183,0001000054,VZIINV02,2026-08-05T00:00:00,09:42:00,MM02
MATERIAL,000000000010000183,0001000055,VZIINV01,2026-07-13T00:00:00,16:40:00,MM02
MATERIAL,000000000010000192,0001000056,VZIINV01,2026-06-21T00:00:00,14:18:00,MM02
MATERIAL,000000000010000197,0001000057,VZIINV02,2026-07-23T00:00:00,09:24:00,MM02
MATERIAL,000000000010000199,0001000058,VZIINV02,2026-08-28T00:00:00,07:26:00,MM02
MATERIAL,000000000030000034,0001000059,VZIINV02,2026-07-25T00:00:00,14:00:00,MM02
MATERIAL,000000000010000204,0001000060,VZIINV02,2026-09-03T00:00:00,10:06:00,MM02
MATERIAL,000000000010000207,0001000061,VZIINV01,2026-07-09T00:00:00,09:44:00,MM02
MATERIAL,000000000030000038,0001000062,VZIINV01,2026-07-25T00:00:00,08:13:00,MM02
MATERIAL,000000000010000213,0001000063,VZIINV02,2026-08-02T00:00:00,08:40:00,MM02
MATERIAL,000000000080000051,0001000064,VZIINV02,2026-08-27T00:00:00,13:06:00,MM02
MATERIAL,000000000010000219,0001000065,VZIINV01,2026-06-17T00:00:00,11:03:00,MM02
MATERIAL,000000000080000053,0001000066,VZIINV01,2026-07-26T00:00:00,12:42:00,MM02
MATERIAL,000000000080000054,0001000067,VZIINV02,2026-07-04T00:00:00,09:21:00,MM02
MATERIAL,000000000010000220,0001000068,VZIINV02,2026-07-01T00:00:00,12:48:00,MM02
MATERIAL,000000000010000224,0001000069,VZIINV01,2026-05-24T00:00:00,12:18:00,MM02
MATERIAL,000000000010000228,0001000070,VZIINV01,2026-09-03T00:00:00,10:20:00,MM02
MATERIAL,000000000010000230,0001000071,VZIINV02,2026-05-31T00:00:00,16:26:00,MM02
MATERIAL,000000000010000233,0001000072,VZIINV02,2026-07-28T00:00:00,16:51:00,MM02
MATERIAL,000000000030000046,0001000073,VZIINV02,2026-06-11T00:00:00,12:30:00,MM02
MATERIAL,000000000030000047,0001000074,VZIINV01,2026-08-09T00:00:00,13:19:00,MM02
MATERIAL,000000000010000240,0001000075,VZIINV02,2026-06-01T00:00:00,17:10:00,MM02
MATERIAL,000000000010000244,0001000076,VZIINV02,2026-06-25T00:00:00,11:46:00,MM02
MATERIAL,000000000010000246,0001000077,VZIINV01,2026-06-11T00:00:00,12:39:00,MM02
MATERIAL,000000000080000060,0001000078,VZIINV02,2026-08-10T00:00:00,09:23:00,MM02
MATERIAL,000000000010000259,0001000079,VZIINV02,2026-05-22T00:00:00,17:31:00,MM02
MATERIAL,000000000080000065,0001000080,VZIINV02,2026-07-02T00:00:00,17:49:00,MM02
MATERIAL,000000000010000263,0001000081,VZIINV01,2026-07-06T00:00:00,10:05:00,MM02
MATERIAL,000000000010000264,0001000082,VZIINV01,2026-08-22T00:00:00,14:19:00,MM02
MATERIAL,000000000030000053,0001000083,VZIINV01,2026-06-25T00:00:00,11:12:00,MM02
MATERIAL,000000000080000066,0001000084,VZIINV02,2026-05-31T00:00:00,15:19:00,MM02
MATERIAL,000000000010000274,0001000085,VZIINV02,2026-08-03T00:00:00,09:05:00,MM02
MATERIAL,000000000010000277,0001000086,VZIINV02,2026-07-06T00:00:00,07:28:00,MM02
MATERIAL,000000000010000285,0001000087,VZIINV02,2026-08-27T00:00:00,12:15:00,MM02
MATERIAL,000000000080000071,0001000088,VZIINV01,2026-06-18T00:00:00,13:17:00,MM02
MATERIAL,000000000010000295,0001000089,VZIINV02,2026-06-05T00:00:00,13:41:00,MM02
MATERIAL,000000000080000073,0001000090,VZIINV01,2026-09-04T00:00:00,17:27:00,MM02
MATERIAL,000000000010000301,0001000091,VZIINV01,2026-08-09T00:00:00,15:39:00,MM02
MATERIAL,000000000010000305,0001000092,VZIINV02,2026-05-24T00:00:00,08:14:00,MM02
MATERIAL,000000000010000308,0001000093,VZIINV02,2026-06-06T00:00:00,14:37:00,MM02
MATERIAL,000000000010000309,0001000094,VZIINV02,2026-06-11T00:00:00,10:07:00,MM02
MATERIAL,000000000010000317,0001000095,VZIINV02,2026-08-12T00:00:00,13:44:00,MM02
MATERIAL,000000000010000317,0001000096,VZIINV02,2026-08-08T00:00:00,16:58:00,MM02
MATERIAL,000000000010000319,0001000097,VZIINV01,2026-06-25T00:00:00,16:20:00,MM02
MATERIAL,000000000010000323,0001000098,VZIINV01,2026-09-07T00:00:00,10:40:00,MM02
MATERIAL,000000000010000327,0001000099,VZIINV02,2026-08-16T00:00:00,07:42:00,MM02
MATERIAL,000000000010000329,0001000100,VZIINV02,2026-08-11T00:00:00,08:53:00,MM02
MATERIAL,000000000010000331,0001000101,VZIINV01,2026-08-17T00:00:00,16:41:00,MM02
MATERIAL,000000000010000338,0001000102,VZIINV02,2026-08-11T00:00:00,08:08:00,MM02
MATERIAL,000000000080000078,0001000103,VZIINV01,2026-05-18T00:00:00,15:03:00,MM02
MATERIAL,000000000010000340,0001000104,VZIINV02,2026-09-06T00:00:00,10:49:00,MM02
MATERIAL,000000000010000351,0001000105,VZIINV02,2026-07-13T00:00:00,17:21:00,MM02
MATERIAL,000000000030000073,0001000106,VZIINV01,2026-08-28T00:00:00,13:25:00,MM02
MATERIAL,000000000010000356,0001000107,VZIINV01,2026-07-11T00:00:00,17:23:00,MM02
MATERIAL,000000000010000357,0001000108,VZIINV01,2026-07-30T00:00:00,15:36:00,MM02
MATERIAL,000000000010000364,0001000109,VZIINV01,2026-07-09T00:00:00,17:18:00,MM02
MATERIAL,000000000080000082,0001000110,VZIINV01,2026-09-01T00:00:00,14:27:00,MM02
MATERIAL,000000000080000084,0001000111,VZIINV01,2026-08-02T00:00:00,12:14:00,MM02
MATERIAL,000000000010000378,0001000112,VZIINV02,2026-07-18T00:00:00,17:44:00,MM02
MATERIAL,000000000080000087,0001000113,VZIINV01,2026-06-07T00:00:00,14:04:00,MM02
MATERIAL,000000000010000383,0001000114,VZIINV01,2026-08-09T00:00:00,10:14:00,MM02
MATERIAL,000000000010000384,0001000115,VZIINV02,2026-08-09T00:00:00,09:48:00,MM02
MATERIAL,000000000080000088,0001000116,VZIINV01,2026-06-02T00:00:00,07:59:00,MM02
MATERIAL,000000000010000386,0001000117,VZIINV02,2026-08-16T00:00:00,09:36:00,MM02
MATERIAL,000000000010000388,0001000118,VZIINV02,2026-09-03T00:00:00,07:47:00,MM02
MATERIAL,000000000010000398,0001000119,VZIINV01,2026-06-12T00:00:00,15:06:00,MM02
MATERIAL,000000000010000399,0001000120,VZIINV01,2026-06-24T00:00:00,07:43:00,MM02
MATERIAL,000000000030000086,0001000121,VZIINV02,2026-09-07T00:00:00,17:47:00,MM02
MATERIAL,000000000010000408,0001000122,VZIINV02,2026-08-09T00:00:00,08:08:00,MM02
MATERIAL,000000000010000409,0001000123,VZIINV02,2026-07-06T00:00:00,17:54:00,MM02
MATERIAL,000000000010000412,0001000124,VZIINV01,2026-06-02T00:00:00,13:11:00,MM02
MATERIAL,000000000010000415,0001000125,VZIINV02,2026-08-10T00:00:00,07:57:00,MM02
MATERIAL,000000000010000418,0001000126,VZIINV01,2026-07-25T00:00:00,08:44:00,MM02
MATERIAL,000000000010000419,0001000127,VZIINV02,2026-08-18T00:00:00,08:03:00,MM02
MATERIAL,000000000010000423,0001000128,VZIINV01,2026-07-14T00:00:00,07:49:00,MM02
MATERIAL,000000000010000425,0001000129,VZIINV02,2026-06-10T00:00:00,10:34:00,MM02
MATERIAL,000000000010000431,0001000130,VZIINV02,2026-08-21T00:00:00,15:36:00,MM02
MATERIAL,000000000010000435,0001000131,VZIINV02,2026-08-01T00:00:00,08:41:00,MM02
MATERIAL,000000000010000435,0001000132,VZIINV02,2026-08-27T00:00:00,15:44:00,MM02
MATERIAL,000000000010000437,0001000133,VZIINV02,2026-09-07T00:00:00,13:35:00,MM02
MATERIAL,000000000010000438,0001000134,VZIINV01,2026-08-25T00:00:00,11:27:00,MM02
MATERIAL,000000000010000441,0001000135,VZIINV01,2026-08-26T00:00:00,07:15:00,MM02
MATERIAL,000000000010000446,0001000136,VZIINV02,2026-07-17T00:00:00,16:31:00,MM02
MATERIAL,000000000010000446,0001000137,VZIINV02,2026-06-18T00:00:00,08:07:00,MM02
MATERIAL,000000000010000451,0001000138,VZIINV02,2026-07-05T00:00:00,11:34:00,MM02
MATERIAL,000000000010000452,0001000139,VZIINV01,2026-06-06T00:00:00,13:55:00,MM02
MATERIAL,000000000010000457,0001000140,VZIINV02,2026-06-12T00:00:00,07:47:00,MM02
MATERIAL,000000000010000458,0001000141,VZIINV02,2026-07-05T00:00:00,13:39:00,MM02
MATERIAL,000000000010000458,0001000142,VZIINV01,2026-05-31T00:00:00,16:28:00,MM02
MATERIAL,000000000010000463,0001000143,VZIINV01,2026-09-07T00:00:00,14:45:00,MM02
MATERIAL,000000000010000466,0001000144,VZIINV02,2026-05-19T00:00:00,14:22:00,MM02
MATERIAL,000000000010000473,0001000145,VZIINV01,2026-08-25T00:00:00,09:16:00,MM02
MATERIAL,000000000080000102,0001000146,VZIINV02,2026-07-20T00:00:00,10:36:00,MM02
MATERIAL,000000000010000481,0001000147,VZIINV01,2026-08-24T00:00:00,12:06:00,MM02
MATERIAL,000000000010000490,0001000148,VZIINV01,2026-07-20T00:00:00,09:42:00,MM02
MATERIAL,000000000010000491,0001000149,VZIINV01,2026-06-17T00:00:00,11:43:00,MM02
MATERIAL,000000000010000499,0001000150,VZIINV02,2026-08-06T00:00:00,15:18:00,MM02
MATERIAL,000000000010000507,0001000151,VZIINV01,2026-07-26T00:00:00,10:14:00,MM02
MATERIAL,000000000010000508,0001000152,VZIINV01,2026-08-18T00:00:00,10:31:00,MM02
MATERIAL,000000000010000510,0001000153,VZIINV02,2026-09-07T00:00:00,10:29:00,MM02
MATERIAL,000000000010000517,0001000154,VZIINV01,2026-08-30T00:00:00,12:45:00,MM02
MATERIAL,000000000010000522,0001000155,VZIINV02,2026-07-10T00:00:00,11:11:00,MM02
MATERIAL,000000000030000109,0001000156,VZIINV02,2026-08-01T00:00:00,15:25:00,MM02
MATERIAL,000000000010000529,0001000157,VZIINV01,2026-06-04T00:00:00,15:53:00,MM02
MATERIAL,000000000010000541,0001000158,VZIINV01,2026-06-15T00:00:00,08:11:00,MM02
MATERIAL,000000000010000543,0001000159,VZIINV01,2026-07-25T00:00:00,15:42:00,MM02
MATERIAL,000000000010000544,0001000160,VZIINV01,2026-06-12T00:00:00,12:32:00,MM02
MATERIAL,000000000010000559,0001000161,VZIINV01,2026-07-05T00:00:00,08:33:00,MM02
MATERIAL,000000000010000560,0001000162,VZIINV01,2026-06-14T00:00:00,15:42:00,MM02
MATERIAL,000000000080000122,0001000163,VZIINV02,2026-08-12T00:00:00,14:00:00,MM02
MATERIAL,000000000080000123,0001000164,VZIINV01,2026-05-13T00:00:00,12:22:00,MM02
MATERIAL,000000000010000564,0001000165,VZIINV02,2026-08-13T00:00:00,08:36:00,MM02
MATERIAL,000000000010000566,0001000166,VZIINV02,2026-06-06T00:00:00,08:17:00,MM02
MATERIAL,000000000080000128,0001000167,VZIINV01,2026-08-24T00:00:00,07:27:00,MM02
MATERIAL,000000000080000129,0001000168,VZIINV01,2026-06-30T00:00:00,17:00:00,MM02
MATERIAL,000000000010000571,0001000169,VZIINV02,2026-07-19T00:00:00,16:52:00,MM02
MATERIAL,000000000080000130,0001000170,VZIINV01,2026-08-22T00:00:00,11:14:00,MM02
MATERIAL,000000000010000581,0001000171,VZIINV02,2026-06-11T00:00:00,14:43:00,MM02
MATERIAL,000000000010000586,0001000172,VZIINV02,2026-06-16T00:00:00,16:12:00,MM02
MATERIAL,000000000080000136,0001000173,VZIINV01,2026-06-21T00:00:00,07:46:00,MM02
MATERIAL,000000000010000601,0001000174,VZIINV01,2026-08-24T00:00:00,12:05:00,MM02
MATERIAL,000000000010000603,0001000175,VZIINV01,2026-07-21T00:00:00,10:56:00,MM02
MATERIAL,000000000010000603,0001000176,VZIINV01,2026-06-20T00:00:00,15:59:00,MM02
MATERIAL,000000000010000605,0001000177,VZIINV02,2026-07-14T00:00:00,14:26:00,MM02
MATERIAL,000000000010000607,0001000178,VZIINV01,2026-06-05T00:00:00,10:55:00,MM02
MATERIAL,000000000010000610,0001000179,VZIINV01,2026-07-03T00:00:00,12:24:00,MM02
MATERIAL,000000000010000613,0001000180,VZIINV02,2026-09-01T00:00:00,14:37:00,MM02
MATERIAL,000000000010000614,0001000181,VZIINV01,2026-08-02T00:00:00,07:05:00,MM02
MATERIAL,000000000010000618,0001000182,VZIINV02,2026-09-07T00:00:00,08:28:00,MM02
MATERIAL,000000000010000618,0001000183,VZIINV02,2026-06-21T00:00:00,11:30:00,MM02
MATERIAL,000000000010000619,0001000184,VZIINV02,2026-07-13T00:00:00,13:07:00,MM02
MATERIAL,000000000080000146,0001000185,VZIINV02,2026-05-25T00:00:00,11:00:00,MM02
MATERIAL,000000000080000148,0001000186,VZIINV02,2026-06-18T00:00:00,08:18:00,MM02
MATERIAL,000000000030000142,0001000187,VZIINV02,2026-05-27T00:00:00,15:30:00,MM02
MATERIAL,000000000030000142,0001000188,VZIINV02,2026-08-13T00:00:00,10:57:00,MM02
MATERIAL,000000000010000638,0001000189,VZIINV01,2026-08-14T00:00:00,10:25:00,MM02
MATERIAL,000000000010000641,0001000190,VZIINV02,2026-05-30T00:00:00,10:14:00,MM02
MATERIAL,000000000010000645,0001000191,VZIINV01,2026-08-17T00:00:00,15:06:00,MM02
MATERIAL,000000000030000146,0001000192,VZIINV01,2026-09-04T00:00:00,08:22:00,MM02
MATERIAL,000000000010000647,0001000193,VZIINV02,2026-05-31T00:00:00,10:07:00,MM02
MATERIAL,000000000010000653,0001000194,VZIINV02,2026-08-21T00:00:00,15:35:00,MM02
MATERIAL,000000000010000657,0001000195,VZIINV02,2026-07-07T00:00:00,11:31:00,MM02
MATERIAL,000000000010000658,0001000196,VZIINV01,2026-07-04T00:00:00,15:00:00,MM02
MATERIAL,000000000010000661,0001000197,VZIINV02,2026-09-07T00:00:00,07:12:00,MM02
MATERIAL,000000000010000663,0001000198,VZIINV01,2026-06-01T00:00:00,07:39:00,MM02
MATERIAL,000000000010000667,0001000199,VZIINV01,2026-07-28T00:00:00,08:39:00,MM02
MATERIAL,000000000010000668,0001000200,VZIINV02,2026-05-30T00:00:00,08:16:00,MM02
MATERIAL,000000000030000151,0001000201,VZIINV01,2026-05-23T00:00:00,16:55:00,MM02
MATERIAL,000000000010000672,0001000202,VZIINV01,2026-07-08T00:00:00,16:47:00,MM02
MATERIAL,000000000010000676,0001000203,VZIINV01,2026-08-08T00:00:00,11:53:00,MM02
MATERIAL,000000000030000153,0001000204,VZIINV02,2026-09-07T00:00:00,12:33:00,MM02
MATERIAL,000000000010000683,0001000205,VZIINV01,2026-08-02T00:00:00,14:32:00,MM02
MATERIAL,000000000030000155,0001000206,VZIINV01,2026-08-04T00:00:00,16:52:00,MM02
MATERIAL,000000000030000155,0001000207,VZIINV01,2026-08-06T00:00:00,12:02:00,MM02
MATERIAL,000000000080000162,0001000208,VZIINV02,2026-07-28T00:00:00,09:29:00,MM02
MATERIAL,000000000080000164,0001000209,VZIINV01,2026-07-15T00:00:00,17:29:00,MM02
MATERIAL,000000000080000166,0001000210,VZIINV02,2026-06-24T00:00:00,12:05:00,MM02
MATERIAL,000000000010000691,0001000211,VZIINV01,2026-07-01T00:00:00,11:35:00,MM02
MATERIAL,000000000010000694,0001000212,VZIINV02,2026-08-20T00:00:00,14:45:00,MM02
MATERIAL,000000000010000695,0001000213,VZIINV02,2026-09-07T00:00:00,10:46:00,MM02
MATERIAL,000000000010000695,0001000214,VZIINV02,2026-07-07T00:00:00,15:01:00,MM02
MATERIAL,000000000030000158,0001000215,VZIINV01,2026-08-19T00:00:00,13:13:00,MM02
MATERIAL,000000000010000696,0001000216,VZIINV02,2026-08-28T00:00:00,11:30:00,MM02
MATERIAL,000000000010000699,0001000217,VZIINV02,2026-08-23T00:00:00,07:23:00,MM02
MATERIAL,000000000010000703,0001000218,VZIINV02,2026-07-25T00:00:00,13:09:00,MM02
MATERIAL,000000000010000704,0001000219,VZIINV02,2026-06-12T00:00:00,10:28:00,MM02
MATERIAL,000000000080000168,0001000220,VZIINV02,2026-08-22T00:00:00,08:30:00,MM02
MATERIAL,000000000010000706,0001000221,VZIINV02,2026-07-26T00:00:00,09:21:00,MM02
MATERIAL,000000000010000712,0001000222,VZIINV02,2026-08-09T00:00:00,08:07:00,MM02
MATERIAL,000000000010000716,0001000223,VZIINV01,2026-08-17T00:00:00,13:16:00,MM02
MATERIAL,000000000010000720,0001000224,VZIINV01,2026-06-21T00:00:00,15:04:00,MM02
MATERIAL,000000000010000721,0001000225,VZIINV01,2026-06-11T00:00:00,15:17:00,MM02
MATERIAL,000000000030000161,0001000226,VZIINV01,2026-07-12T00:00:00,09:05:00,MM02
MATERIAL,000000000080000170,0001000227,VZIINV02,2026-08-09T00:00:00,13:05:00,MM02
MATERIAL,000000000010000731,0001000228,VZIINV01,2026-07-29T00:00:00,16:50:00,MM02
MATERIAL,000000000010000732,0001000229,VZIINV01,2026-07-23T00:00:00,14:43:00,MM02
MATERIAL,000000000010000736,0001000230,VZIINV01,2026-08-08T00:00:00,13:05:00,MM02
MATERIAL,000000000010000737,0001000231,VZIINV02,2026-06-10T00:00:00,09:45:00,MM02
MATERIAL,000000000080000172,0001000232,VZIINV01,2026-06-02T00:00:00,07:43:00,MM02
MATERIAL,000000000010000739,0001000233,VZIINV02,2026-08-03T00:00:00,12:40:00,MM02
MATERIAL,000000000010000740,0001000234,VZIINV01,2026-06-19T00:00:00,08:45:00,MM02
MATERIAL,000000000010000741,0001000235,VZIINV02,2026-09-07T00:00:00,17:14:00,MM02
MATERIAL,000000000080000174,0001000236,VZIINV02,2026-08-21T00:00:00,10:43:00,MM02
MATERIAL,000000000010000747,0001000237,VZIINV02,2026-05-17T00:00:00,13:45:00,MM02
MATERIAL,000000000030000168,0001000238,VZIINV02,2026-08-12T00:00:00,16:39:00,MM02
MATERIAL,000000000030000169,0001000239,VZIINV01,2026-05-23T00:00:00,14:28:00,MM02
MATERIAL,000000000030000171,0001000240,VZIINV01,2026-08-19T00:00:00,11:13:00,MM02
MATERIAL,000000000010000764,0001000241,VZIINV01,2026-09-05T00:00:00,15:06:00,MM02
MATERIAL,000000000010000765,0001000242,VZIINV01,2026-07-01T00:00:00,11:49:00,MM02
MATERIAL,000000000010000769,0001000243,VZIINV01,2026-07-05T00:00:00,08:20:00,MM02
MATERIAL,000000000010000779,0001000244,VZIINV01,2026-07-05T00:00:00,14:35:00,MM02
MATERIAL,000000000010000782,0001000245,VZIINV02,2026-08-06T00:00:00,13:35:00,MM02
MATERIAL,000000000010000787,0001000246,VZIINV02,2026-08-09T00:00:00,10:31:00,MM02
MATERIAL,000000000010000791,0001000247,VZIINV02,2026-07-12T00:00:00,11:12:00,MM02
MATERIAL,000000000010000798,0001000248,VZIINV01,2026-07-03T00:00:00,08:16:00,MM02
MATERIAL,000000000010000809,0001000249,VZIINV01,2026-07-18T00:00:00,11:25:00,MM02
MATERIAL,000000000010000810,0001000250,VZIINV01,2026-05-28T00:00:00,07:39:00,MM02
MATERIAL,000000000010000816,0001000251,VZIINV02,2026-06-25T00:00:00,16:44:00,MM02
MATERIAL,000000000010000817,0001000252,VZIINV02,2026-08-09T00:00:00,09:21:00,MM02
MATERIAL,000000000030000186,0001000253,VZIINV02,2026-05-23T00:00:00,08:45:00,MM02
MATERIAL,000000000010000821,0001000254,VZIINV01,2026-07-10T00:00:00,08:39:00,MM02
MATERIAL,000000000010000824,0001000255,VZIINV02,2026-05-27T00:00:00,08:26:00,MM02
MATERIAL,000000000010000826,0001000256,VZIINV02,2026-08-08T00:00:00,09:39:00,MM02
MATERIAL,000000000010000829,0001000257,VZIINV01,2026-08-02T00:00:00,13:33:00,MM02
MATERIAL,000000000010000830,0001000258,VZIINV02,2026-06-25T00:00:00,14:41:00,MM02
MATERIAL,000000000010000832,0001000259,VZIINV02,2026-05-29T00:00:00,17:29:00,MM02
MATERIAL,000000000010000833,0001000260,VZIINV01,2026-08-04T00:00:00,17:58:00,MM02
MATERIAL,000000000010000835,0001000261,VZIINV01,2026-08-06T00:00:00,10:34:00,MM02
MATERIAL,000000000010000838,0001000262,VZIINV02,2026-05-25T00:00:00,11:29:00,MM02
MATERIAL,000000000010000840,0001000263,VZIINV01,2026-06-03T00:00:00,13:32:00,MM02
MATERIAL,000000000030000193,0001000264,VZIINV02,2026-07-19T00:00:00,10:57:00,MM02
MATERIAL,000000000010000845,0001000265,VZIINV01,2026-07-12T00:00:00,10:37:00,MM02
MATERIAL,000000000010000851,0001000266,VZIINV02,2026-06-23T00:00:00,16:40:00,MM02
MATERIAL,000000000010000854,0001000267,VZIINV01,2026-07-04T00:00:00,16:21:00,MM02
MATERIAL,000000000010000855,0001000268,VZIINV01,2026-07-10T00:00:00,15:31:00,MM02
MATERIAL,000000000010000859,0001000269,VZIINV01,2026-06-13T00:00:00,08:59:00,MM02
MATERIAL,000000000030000196,0001000270,VZIINV01,2026-06-19T00:00:00,09:21:00,MM02
MATERIAL,000000000010000867,0001000271,VZIINV02,2026-08-21T00:00:00,17:58:00,MM02
MATERIAL,000000000010000868,0001000272,VZIINV01,2026-05-25T00:00:00,16:32:00,MM02
MATERIAL,000000000080000200,0001000273,VZIINV02,2026-06-29T00:00:00,12:04:00,MM02
MATERIAL,000000000010000873,0001000274,VZIINV02,2026-09-04T00:00:00,15:28:00,MM02
MATERIAL,000000000030000199,0001000275,VZIINV01,2026-07-29T00:00:00,07:08:00,MM02
MATERIAL,000000000010000875,0001000276,VZIINV01,2026-08-20T00:00:00,16:17:00,MM02
MATERIAL,000000000010000879,0001000277,VZIINV01,2026-06-12T00:00:00,12:17:00,MM02
MATERIAL,000000000010000881,0001000278,VZIINV01,2026-07-30T00:00:00,13:56:00,MM02
MATERIAL,000000000010000882,0001000279,VZIINV01,2026-07-24T00:00:00,11:39:00,MM02
MATERIAL,000000000080000204,0001000280,VZIINV01,2026-07-10T00:00:00,08:06:00,MM02
MATERIAL,000000000010000887,0001000281,VZIINV02,2026-06-08T00:00:00,15:49:00,MM02
MATERIAL,000000000010000891,0001000282,VZIINV01,2026-09-07T00:00:00,14:14:00,MM02
MATERIAL,000000000010000892,0001000283,VZIINV01,2026-06-11T00:00:00,10:57:00,MM02
MATERIAL,000000000010000892,0001000284,VZIINV02,2026-06-10T00:00:00,14:25:00,MM02
MATERIAL,000000000010000893,0001000285,VZIINV02,2026-08-23T00:00:00,14:37:00,MM02
MATERIAL,000000000010000894,0001000286,VZIINV01,2026-09-07T00:00:00,15:08:00,MM02
MATERIAL,000000000080000205,0001000287,VZIINV02,2026-06-28T00:00:00,11:39:00,MM02
MATERIAL,000000000010000901,0001000288,VZIINV02,2026-07-11T00:00:00,15:26:00,MM02
MATERIAL,000000000030000205,0001000289,VZIINV01,2026-06-28T00:00:00,15:36:00,MM02
MATERIAL,000000000030000206,0001000290,VZIINV01,2026-08-05T00:00:00,07:03:00,MM02
MATERIAL,000000000010000904,0001000291,VZIINV01,2026-08-18T00:00:00,14:35:00,MM02
MATERIAL,000000000010000910,0001000292,VZIINV01,2026-06-18T00:00:00,14:35:00,MM02
MATERIAL,000000000010000910,0001000293,VZIINV01,2026-05-24T00:00:00,12:17:00,MM02
MATERIAL,000000000080000209,0001000294,VZIINV01,2026-08-24T00:00:00,08:46:00,MM02
MATERIAL,000000000010000914,0001000295,VZIINV01,2026-07-19T00:00:00,09:11:00,MM02
MATERIAL,000000000010000930,0001000296,VZIINV02,2026-08-15T00:00:00,11:41:00,MM02
MATERIAL,000000000010000933,0001000297,VZIINV01,2026-09-07T00:00:00,09:25:00,MM02
MATERIAL,000000000010000937,0001000298,VZIINV02,2026-08-21T00:00:00,08:04:00,MM02
MATERIAL,000000000080000212,0001000299,VZIINV02,2026-07-02T00:00:00,07:42:00,MM02
MATERIAL,000000000010000941,0001000300,VZIINV01,2026-06-22T00:00:00,11:37:00,MM02
MATERIAL,000000000010000947,0001000301,VZIINV02,2026-09-07T00:00:00,14:52:00,MM02
MATERIAL,000000000010000948,0001000302,VZIINV01,2026-08-06T00:00:00,07:50:00,MM02
MATERIAL,000000000010000951,0001000303,VZIINV02,2026-07-28T00:00:00,09:53:00,MM02
MATERIAL,000000000010000952,0001000304,VZIINV01,2026-08-20T00:00:00,15:12:00,MM02
MATERIAL,000000000080000214,0001000305,VZIINV02,2026-07-20T00:00:00,16:20:00,MM02
MATERIAL,000000000010000959,0001000306,VZIINV02,2026-06-25T00:00:00,14:02:00,MM02
MATERIAL,000000000030000222,0001000307,VZIINV01,2026-09-07T00:00:00,13:32:00,MM02
MATERIAL,000000000010000962,0001000308,VZIINV01,2026-08-12T00:00:00,10:53:00,MM02
MATERIAL,000000000010000963,0001000309,VZIINV02,2026-05-27T00:00:00,16:34:00,MM02
MATERIAL,000000000030000225,0001000310,VZIINV01,2026-08-02T00:00:00,11:56:00,MM02
MATERIAL,000000000010000968,0001000311,VZIINV01,2026-06-24T00:00:00,16:03:00,MM02
MATERIAL,000000000010000976,0001000312,VZIINV01,2026-08-07T00:00:00,10:08:00,MM02
MATERIAL,000000000010000979,0001000313,VZIINV02,2026-08-18T00:00:00,10:38:00,MM02
MATERIAL,000000000030000236,0001000314,VZIINV02,2026-07-20T00:00:00,16:06:00,MM02
MATERIAL,000000000030000237,0001000315,VZIINV01,2026-05-30T00:00:00,12:13:00,MM02
MATERIAL,000000000010000996,0001000316,VZIINV01,2026-07-08T00:00:00,12:07:00,MM02
MATERIAL,000000000010000997,0001000317,VZIINV01,2026-08-19T00:00:00,07:47:00,MM02
MATERIAL,000000000010000998,0001000318,VZIINV02,2026-08-20T00:00:00,07:53:00,MM02
MATERIAL,000000000010001000,0001000319,VZIINV01,2026-05-22T00:00:00,11:52:00,MM02
MATERIAL,000000000010001001,0001000320,VZIINV01,2026-06-16T00:00:00,17:06:00,MM02
MATERIAL,000000000010001002,0001000321,VZIINV02,2026-08-09T00:00:00,12:49:00,MM02
MATERIAL,000000000010001005,0001000322,VZIINV02,2026-06-29T00:00:00,10:00:00,MM02
MATERIAL,000000000010001006,0001000323,VZIINV01,2026-08-14T00:00:00,15:14:00,MM02
MATERIAL,000000000010001009,0001000324,VZIINV02,2026-05-24T00:00:00,13:02:00,MM02
MATERIAL,000000000010001010,0001000325,VZIINV02,2026-08-05T00:00:00,07:39:00,MM02
MATERIAL,000000000010001014,0001000326,VZIINV01,2026-06-12T00:00:00,08:37:00,MM02
MATERIAL,000000000010001022,0001000327,VZIINV02,2026-09-07T00:00:00,16:12:00,MM02
MATERIAL,000000000010001023,0001000328,VZIINV02,2026-08-01T00:00:00,10:31:00,MM02
MATERIAL,000000000010001026,0001000329,VZIINV01,2026-07-20T00:00:00,10:23:00,MM02
MATERIAL,000000000010001027,0001000330,VZIINV02,2026-05-14T00:00:00,12:53:00,MM02
MATERIAL,000000000010001028,0001000331,VZIINV01,2026-06-20T00:00:00,17:01:00,MM02
MATERIAL,000000000010001031,0001000332,VZIINV02,2026-08-17T00:00:00,09:55:00,MM02
MATERIAL,000000000010001033,0001000333,VZIINV01,2026-05-19T00:00:00,13:04:00,MM02
MATERIAL,000000000010001033,0001000334,VZIINV01,2026-06-21T00:00:00,10:45:00,MM02
MATERIAL,000000000010001036,0001000335,VZIINV02,2026-07-02T00:00:00,17:24:00,MM02
MATERIAL,000000000010001040,0001000336,VZIINV02,2026-07-10T00:00:00,08:38:00,MM02
MATERIAL,000000000080000227,0001000337,VZIINV01,2026-05-24T00:00:00,08:30:00,MM02
MATERIAL,000000000010001045,0001000338,VZIINV01,2026-08-28T00:00:00,13:21:00,MM02
MATERIAL,000000000010001050,0001000339,VZIINV02,2026-08-30T00:00:00,17:31:00,MM02
MATERIAL,000000000080000231,0001000340,VZIINV02,2026-08-30T00:00:00,10:30:00,MM02
MATERIAL,000000000010001061,0001000341,VZIINV01,2026-07-15T00:00:00,14:44:00,MM02
MATERIAL,000000000010001065,0001000342,VZIINV01,2026-08-16T00:00:00,07:21:00,MM02
MATERIAL,000000000010001074,0001000343,VZIINV02,2026-06-10T00:00:00,12:25:00,MM02
MATERIAL,000000000080000234,0001000344,VZIINV01,2026-07-29T00:00:00,15:59:00,MM02
MATERIAL,000000000010001081,0001000345,VZIINV02,2026-07-27T00:00:00,12:25:00,MM02
MATERIAL,000000000010001084,0001000346,VZIINV01,2026-08-26T00:00:00,08:34:00,MM02
MATERIAL,000000000010001087,0001000347,VZIINV02,2026-09-07T00:00:00,12:32:00,MM02
MATERIAL,000000000010001087,0001000348,VZIINV01,2026-08-03T00:00:00,08:39:00,MM02
MATERIAL,000000000010001091,0001000349,VZIINV01,2026-07-16T00:00:00,14:11:00,MM02
MATERIAL,000000000010001092,0001000350,VZIINV02,2026-05-31T00:00:00,15:35:00,MM02
MATERIAL,000000000010001096,0001000351,VZIINV02,2026-05-14T00:00:00,14:08:00,MM02
MATERIAL,000000000010001098,0001000352,VZIINV02,2026-09-05T00:00:00,12:57:00,MM02
MATERIAL,000000000010001099,0001000353,VZIINV01,2026-05-22T00:00:00,13:44:00,MM02
MATERIAL,000000000080000241,0001000354,VZIINV01,2026-07-28T00:00:00,09:03:00,MM02
MATERIAL,000000000010001107,0001000355,VZIINV01,2026-08-24T00:00:00,07:10:00,MM02
MATERIAL,000000000010001108,0001000356,VZIINV02,2026-05-18T00:00:00,14:48:00,MM02
MATERIAL,000000000010001113,0001000357,VZIINV02,2026-08-16T00:00:00,07:36:00,MM02
MATERIAL,000000000010001114,0001000358,VZIINV01,2026-07-19T00:00:00,09:12:00,MM02
MATERIAL,000000000010001116,0001000359,VZIINV01,2026-08-02T00:00:00,08:55:00,MM02
MATERIAL,000000000010001119,0001000360,VZIINV02,2026-08-02T00:00:00,17:41:00,MM02
MATERIAL,000000000010001121,0001000361,VZIINV02,2026-05-27T00:00:00,15:13:00,MM02
MATERIAL,000000000010001123,0001000362,VZIINV01,2026-09-07T00:00:00,13:19:00,MM02
MATERIAL,000000000010001134,0001000363,VZIINV02,2026-06-22T00:00:00,11:20:00,MM02
MATERIAL,000000000010001139,0001000364,VZIINV01,2026-07-21T00:00:00,14:33:00,MM02
MATERIAL,000000000010001140,0001000365,VZIINV02,2026-06-18T00:00:00,14:40:00,MM02
MATERIAL,000000000010001146,0001000366,VZIINV01,2026-06-07T00:00:00,07:45:00,MM02
MATERIAL,000000000010001146,0001000367,VZIINV01,2026-06-26T00:00:00,12:00:00,MM02
MATERIAL,000000000080000242,0001000368,VZIINV02,2026-06-01T00:00:00,08:10:00,MM02
MATERIAL,000000000010001156,0001000369,VZIINV01,2026-08-28T00:00:00,11:15:00,MM02
MATERIAL,000000000010001160,0001000370,VZIINV02,2026-07-27T00:00:00,07:09:00,MM02
MATERIAL,000000000010001164,0001000371,VZIINV01,2026-08-23T00:00:00,16:22:00,MM02
MATERIAL,000000000010001169,0001000372,VZIINV02,2026-09-04T00:00:00,10:14:00,MM02
MATERIAL,000000000010001170,0001000373,VZIINV01,2026-07-09T00:00:00,15:19:00,MM02
MATERIAL,000000000010001176,0001000374,VZIINV02,2026-06-07T00:00:00,17:30:00,MM02
MATERIAL,000000000010001177,0001000375,VZIINV01,2026-06-26T00:00:00,15:22:00,MM02
MATERIAL,000000000010001182,0001000376,VZIINV02,2026-06-21T00:00:00,15:31:00,MM02
MATERIAL,000000000010001186,0001000377,VZIINV01,2026-08-27T00:00:00,08:53:00,MM02
MATERIAL,000000000010001193,0001000378,VZIINV02,2026-08-01T00:00:00,15:44:00,MM02
MATERIAL,000000000010001195,0001000379,VZIINV02,2026-08-13T00:00:00,08:19:00,MM02
MATERIAL,000000000010001198,0001000380,VZIINV02,2026-09-03T00:00:00,14:50:00,MM02
MATERIAL,000000000080000250,0001000381,VZIINV01,2026-07-29T00:00:00,09:58:00,MM02
MATERIAL,000000000010001204,0001000382,VZIINV02,2026-09-07T00:00:00,09:52:00,MM02
MATERIAL,000000000010001206,0001000383,VZIINV02,2026-08-28T00:00:00,11:51:00,MM02
MATERIAL,000000000010001210,0001000384,VZIINV01,2026-06-01T00:00:00,07:03:00,MM02
MATERIAL,000000000010001214,0001000385,VZIINV01,2026-05-25T00:00:00,14:59:00,MM02
MATERIAL,000000000010001217,0001000386,VZIINV01,2026-06-11T00:00:00,07:09:00,MM02
MATERIAL,000000000010001221,0001000387,VZIINV01,2026-07-22T00:00:00,17:04:00,MM02
MATERIAL,000000000030000296,0001000388,VZIINV02,2026-08-01T00:00:00,12:37:00,MM02
MATERIAL,000000000010001230,0001000389,VZIINV02,2026-07-24T00:00:00,11:49:00,MM02
MATERIAL,000000000030000297,0001000390,VZIINV01,2026-08-21T00:00:00,14:48:00,MM02
MATERIAL,000000000010001233,0001000391,VZIINV02,2026-06-18T00:00:00,08:56:00,MM02
MATERIAL,000000000010001233,0001000392,VZIINV01,2026-08-22T00:00:00,07:29:00,MM02
MATERIAL,000000000010001235,0001000393,VZIINV01,2026-05-28T00:00:00,07:22:00,MM02
MATERIAL,000000000010001236,0001000394,VZIINV01,2026-07-07T00:00:00,09:26:00,MM02
MATERIAL,000000000010001240,0001000395,VZIINV01,2026-06-16T00:00:00,15:18:00,MM02
MATERIAL,000000000010001245,0001000396,VZIINV01,2026-09-07T00:00:00,13:51:00,MM02
MATERIAL,000000000080000258,0001000397,VZIINV02,2026-06-03T00:00:00,12:10:00,MM02
MATERIAL,000000000010001251,0001000398,VZIINV01,2026-08-07T00:00:00,15:25:00,MM02
MATERIAL,000000000010001255,0001000399,VZIINV01,2026-06-25T00:00:00,11:50:00,MM02
MATERIAL,000000000010001259,0001000400,VZIINV01,2026-06-03T00:00:00,07:20:00,MM02
MATERIAL,000000000010001261,0001000401,VZIINV02,2026-08-06T00:00:00,15:08:00,MM02
MATERIAL,000000000010001266,0001000402,VZIINV01,2026-06-12T00:00:00,16:47:00,MM02
MATERIAL,000000000010001268,0001000403,VZIINV01,2026-07-06T00:00:00,17:12:00,MM02
MATERIAL,000000000080000262,0001000404,VZIINV01,2026-09-05T00:00:00,14:58:00,MM02
MATERIAL,000000000010001270,0001000405,VZIINV02,2026-06-03T00:00:00,09:57:00,MM02
MATERIAL,000000000010001272,0001000406,VZIINV01,2026-07-02T00:00:00,10:54:00,MM02
MATERIAL,000000000010001273,0001000407,VZIINV02,2026-08-04T00:00:00,15:09:00,MM02
MATERIAL,000000000010001275,0001000408,VZIINV01,2026-09-04T00:00:00,08:42:00,MM02
MATERIAL,000000000080000263,0001000409,VZIINV02,2026-09-01T00:00:00,08:47:00,MM02
MATERIAL,000000000010001283,0001000410,VZIINV01,2026-06-02T00:00:00,12:54:00,MM02
MATERIAL,000000000010001286,0001000411,VZIINV02,2026-08-11T00:00:00,10:26:00,MM02
MATERIAL,000000000010001287,0001000412,VZIINV01,2026-08-29T00:00:00,08:32:00,MM02
MATERIAL,000000000010001288,0001000413,VZIINV02,2026-06-11T00:00:00,08:58:00,MM02
MATERIAL,000000000010001300,0001000414,VZIINV02,2026-05-16T00:00:00,08:59:00,MM02
MATERIAL,000000000010001301,0001000415,VZIINV01,2026-08-16T00:00:00,14:06:00,MM02
MATERIAL,000000000010001303,0001000416,VZIINV01,2026-07-23T00:00:00,13:25:00,MM02
MATERIAL,000000000030000310,0001000417,VZIINV01,2026-07-09T00:00:00,08:24:00,MM02
MATERIAL,000000000010001308,0001000418,VZIINV02,2026-07-11T00:00:00,08:59:00,MM02
MATERIAL,000000000080000267,0001000419,VZIINV02,2026-06-22T00:00:00,07:48:00,MM02
MATERIAL,000000000010001318,0001000420,VZIINV01,2026-07-31T00:00:00,14:59:00,MM02
MATERIAL,000000000010001319,0001000421,VZIINV01,2026-05-18T00:00:00,13:24:00,MM02
MATERIAL,000000000010001319,0001000422,VZIINV01,2026-06-11T00:00:00,12:07:00,MM02
MATERIAL,000000000010001321,0001000423,VZIINV02,2026-07-07T00:00:00,15:12:00,MM02
MATERIAL,000000000010001321,0001000424,VZIINV02,2026-08-17T00:00:00,13:00:00,MM02
MATERIAL,000000000010001327,0001000425,VZIINV01,2026-06-23T00:00:00,09:46:00,MM02
