Objectclas,Objectid,Changenr,Tabname,Tabkey,Fname,Chngind,Value_new,Value_old
MATERIAL,000000000010000000,0001000000,MARC,0000000000100000001000,MINBE,U,54.900,36.087
MATERIAL,000000000010000000,0001000000,MARC,0000000000100000001000,MABST,U,126.500,152.999
MATERIAL,000000000010000001,0001000001,MARC,0000000000100000011000,MINBE,U,21.900,12.408
MATERIAL,000000000010000001,0001000001,MARC,0000000000100000011000,MABST,U,70.000,117.512
MATERIAL,000000000010000001,0001000002,MARC,0000000000100000012000,MINBE,U,29.700,41.138
MATERIAL,000000000010000001,0001000002,MARC,0000000000100000012000,MABST,U,94.200,129.327
MATERIAL,000000000010000002,0001000003,MARC,0000000000100000022000,MINBE,U,2.900,5.226
MATERIAL,000000000010000002,0001000003,MARC,0000000000100000022000,MABST,U,6.900,9.524
MATERIAL,000000000080000001,0001000004,MARC,0000000000800000014000,MINBE,U,5.500,7.884
MATERIAL,000000000080000001,0001000004,MARC,0000000000800000014000,MABST,U,10.100,10.728
MATERIAL,000000000030000001,0001000005,MARC,0000000000300000011000,MINBE,U,4.100,0.000
MATERIAL,000000000030000001,0001000005,MARC,0000000000300000011000,MABST,U,8.000,0.000
MATERIAL,000000000080000003,0001000006,MARC,0000000000800000034000,MINBE,U,10.600,10.469
MATERIAL,000000000080000003,0001000006,MARC,0000000000800000034000,MABST,U,17.100,25.946
MATERIAL,000000000010000015,0001000007,MARC,0000000000100000151000,MINBE,U,79.600,108.875
MATERIAL,000000000010000015,0001000007,MARC,0000000000100000151000,MABST,U,179.200,197.807
MATERIAL,000000000010000019,0001000008,MARC,0000000000100000193000,MINBE,U,1.200,1.375
MATERIAL,000000000010000019,0001000008,MARC,0000000000100000193000,MABST,U,2.500,3.479
MATERIAL,000000000010000020,0001000009,MARC,0000000000100000203000,MINBE,U,15.100,15.160
MATERIAL,000000000010000020,0001000009,MARC,0000000000100000203000,MABST,U,21.400,35.686
MATERIAL,000000000080000004,0001000010,MARC,0000000000800000042000,MINBE,U,19.200,31.769
MATERIAL,000000000080000004,0001000010,MARC,0000000000800000042000,MABST,U,24.900,36.800
MATERIAL,000000000010000026,0001000011,MARC,0000000000100000262000,MINBE,U,1.800,1.762
MATERIAL,000000000010000026,0001000011,MARC,0000000000100000262000,MABST,U,3.000,3.864
MATERIAL,000000000010000026,0001000012,MARC,0000000000100000261000,MINBE,U,0.500,0.409
MATERIAL,000000000010000026,0001000012,MARC,0000000000100000261000,MABST,U,0.800,0.676
MATERIAL,000000000010000034,0001000013,MARC,0000000000100000341000,MINBE,U,10.700,6.612
MATERIAL,000000000010000034,0001000013,MARC,0000000000100000341000,MABST,U,13.700,16.402
MATERIAL,000000000010000036,0001000014,MARC,0000000000100000362000,MINBE,U,2.700,1.257
MATERIAL,000000000010000036,0001000014,MARC,0000000000100000362000,MABST,U,7.500,12.324
MATERIAL,000000000010000041,0001000015,MARC,0000000000100000414000,MINBE,U,6.100,10.197
MATERIAL,000000000010000041,0001000015,MARC,0000000000100000414000,MABST,U,9.100,10.197
MATERIAL,000000000030000006,0001000016,MARC,0000000000300000062000,MINBE,U,4.400,0.000
MATERIAL,000000000030000006,0001000016,MARC,0000000000300000062000,MABST,U,6.200,0.000
MATERIAL,000000000080000008,0001000017,MARC,0000000000800000084000,MINBE,U,1.500,0.906
MATERIAL,000000000080000008,0001000017,MARC,0000000000800000084000,MABST,U,2.900,4.763
MATERIAL,000000000010000043,0001000018,MARC,0000000000100000434000,MINBE,U,2.200,1.537
MATERIAL,000000000010000043,0001000018,MARC,0000000000100000434000,MABST,U,5.300,6.306
MATERIAL,000000000080000012,0001000019,MARC,0000000000800000123000,MINBE,U,4.700,4.607
MATERIAL,000000000080000012,0001000019,MARC,0000000000800000123000,MABST,U,8.400,10.894
MATERIAL,000000000010000058,0001000020,MARC,0000000000100000584000,MINBE,U,0.600,0.780
MATERIAL,000000000010000058,0001000020,MARC,0000000000100000584000,MABST,U,1.700,2.875
MATERIAL,000000000010000059,0001000021,MARC,0000000000100000593000,MINBE,U,11.200,12.146
MATERIAL,000000000010000059,0001000021,MARC,0000000000100000593000,MABST,U,14.200,21.674
MATERIAL,000000000010000060,0001000022,MARC,0000000000100000604000,MINBE,U,22.600,31.923
MATERIAL,000000000010000060,0001000022,MARC,0000000000100000604000,MABST,U,108.000,105.333
MATERIAL,000000000080000014,0001000023,MARC,0000000000800000144000,MINBE,U,2.800,3.811
MATERIAL,000000000080000014,0001000023,MARC,0000000000800000144000,MABST,U,6.800,11.503
MATERIAL,000000000010000075,0001000024,MARC,0000000000100000752000,MINBE,U,41.300,58.189
MATERIAL,000000000010000075,0001000024,MARC,0000000000100000752000,MABST,U,139.600,194.752
MATERIAL,000000000010000082,0001000025,MARC,0000000000100000823000,MINBE,U,56.700,38.435
MATERIAL,000000000010000082,0001000025,MARC,0000000000100000823000,MABST,U,141.200,129.879
MATERIAL,000000000010000083,0001000026,MARC,0000000000100000833000,MINBE,U,4.200,4.722
MATERIAL,000000000010000083,0001000026,MARC,0000000000100000833000,MABST,U,5.500,5.683
MATERIAL,000000000010000086,0001000027,MARC,0000000000100000864000,MINBE,U,1.500,2.048
MATERIAL,000000000010000086,0001000027,MARC,0000000000100000864000,MABST,U,4.200,5.185
MATERIAL,000000000080000021,0001000028,MARC,0000000000800000213000,MINBE,U,1.400,1.876
MATERIAL,000000000080000021,0001000028,MARC,0000000000800000213000,MABST,U,2.400,1.876
MATERIAL,000000000030000016,0001000029,MARC,0000000000300000163000,MINBE,U,2.500,0.000
MATERIAL,000000000030000016,0001000029,MARC,0000000000300000163000,MABST,U,4.800,0.000
MATERIAL,000000000010000097,0001000030,MARC,0000000000100000974000,MINBE,U,6.200,9.305
MATERIAL,000000000010000097,0001000030,MARC,0000000000100000974000,MABST,U,8.100,9.305
MATERIAL,000000000010000100,0001000031,MARC,0000000000100001004000,MINBE,U,8.200,6.617
MATERIAL,000000000010000100,0001000031,MARC,0000000000100001004000,MABST,U,10.700,18.246
MATERIAL,000000000010000101,0001000032,MARC,0000000000100001014000,MINBE,U,9.500,8.236
MATERIAL,000000000010000101,0001000032,MARC,0000000000100001014000,MABST,U,13.200,12.025
MATERIAL,000000000010000105,0001000033,MARC,0000000000100001054000,MINBE,U,1.500,2.571
MATERIAL,000000000010000105,0001000033,MARC,0000000000100001054000,MABST,U,2.500,2.578
MATERIAL,000000000010000112,0001000034,MARC,0000000000100001121000,MINBE,U,40.500,72.428
MATERIAL,000000000010000112,0001000034,MARC,0000000000100001121000,MABST,U,110.400,190.136
MATERIAL,000000000010000116,0001000035,MARC,0000000000100001162000,MINBE,U,1.400,2.326
MATERIAL,000000000010000116,0001000035,MARC,0000000000100001162000,MABST,U,3.400,3.918
MATERIAL,000000000010000120,0001000036,MARC,0000000000100001204000,MINBE,U,2.100,2.399
MATERIAL,000000000010000120,0001000036,MARC,0000000000100001204000,MABST,U,2.700,4.341
MATERIAL,000000000010000125,0001000037,MARC,0000000000100001254000,MINBE,U,1.500,1.240
MATERIAL,000000000010000125,0001000037,MARC,0000000000100001254000,MABST,U,3.900,6.700
MATERIAL,000000000010000131,0001000038,MARC,0000000000100001311000,MINBE,U,6.700,5.117
MATERIAL,000000000010000131,0001000038,MARC,0000000000100001311000,MABST,U,11.100,16.264
MATERIAL,000000000010000133,0001000039,MARC,0000000000100001333000,MINBE,U,1.900,2.370
MATERIAL,000000000010000133,0001000039,MARC,0000000000100001333000,MABST,U,5.400,6.235
MATERIAL,000000000010000135,0001000040,MARC,0000000000100001352000,MINBE,U,3.300,1.714
MATERIAL,000000000010000135,0001000040,MARC,0000000000100001352000,MABST,U,6.000,5.896
MATERIAL,000000000010000137,0001000041,MARC,0000000000100001373000,MINBE,U,58.900,68.750
MATERIAL,000000000010000137,0001000041,MARC,0000000000100001373000,MABST,U,145.800,169.065
MATERIAL,000000000080000028,0001000042,MARC,0000000000800000281000,MINBE,U,3.200,2.960
MATERIAL,000000000080000028,0001000042,MARC,0000000000800000281000,MABST,U,7.700,10.925
MATERIAL,000000000080000029,0001000043,MARC,0000000000800000294000,MINBE,U,1.600,0.698
MATERIAL,000000000080000029,0001000043,MARC,0000000000800000294000,MABST,U,4.200,3.902
MATERIAL,000000000030000023,0001000044,MARC,0000000000300000231000,MINBE,U,3.200,0.000
MATERIAL,000000000030000023,0001000044,MARC,0000000000300000231000,MABST,U,6.600,0.000
MATERIAL,000000000010000153,0001000045,MARC,0000000000100001532000,MINBE,U,3.400,3.586
MATERIAL,000000000010000153,0001000045,MARC,0000000000100001532000,MABST,U,4.400,5.169
MATERIAL,000000000010000156,0001000046,MARC,0000000000100001563000,MINBE,U,19.100,11.393
MATERIAL,000000000010000156,0001000046,MARC,0000000000100001563000,MABST,U,24.100,37.271
MATERIAL,000000000080000036,0001000047,MARC,0000000000800000363000,MINBE,U,1.100,1.485
MATERIAL,000000000080000036,0001000047,MARC,0000000000800000363000,MABST,U,2.600,1.901
MATERIAL,000000000080000039,0001000048,MARC,0000000000800000394000,MINBE,U,2.100,2.777
MATERIAL,000000000080000039,0001000048,MARC,0000000000800000394000,MABST,U,3.600,4.063
MATERIAL,000000000010000171,0001000049,MARC,0000000000100001712000,MINBE,U,2.500,1.255
MATERIAL,000000000010000171,0001000049,MARC,0000000000100001712000,MABST,U,3.500,3.739
MATERIAL,000000000010000173,0001000050,MARC,0000000000100001733000,MINBE,U,1.200,1.803
MATERIAL,000000000010000173,0001000050,MARC,0000000000100001733000,MABST,U,1.600,1.803
MATERIAL,000000000010000176,0001000051,MARC,0000000000100001761000,MINBE,U,1.900,2.625
MATERIAL,000000000010000176,0001000051,MARC,0000000000100001761000,MABST,U,4.000,4.419
MATERIAL,000000000010000180,0001000052,MARC,0000000000100001801000,MINBE,U,3.700,3.871
MATERIAL,000000000010000180,0001000052,MARC,0000000000100001801000,MABST,U,8.600,13.928
MATERIAL,000000000010000180,0001000053,MARC,0000000000100001804000,MINBE,U,2.700,1.549
MATERIAL,000000000010000180,0001000053,MARC,0000000000100001804000,MABST,U,5.800,9.968
MATERIAL,000000000010000183,0001000054,MARC,0000000000100001831000,MINBE,U,13.200,12.764
MATERIAL,000000000010000183,0001000054,MARC,0000000000100001831000,MABST,U,17.800,31.155
MATERIAL,000000000010000183,0001000055,MARC,0000000000100001832000,MINBE,U,11.300,7.109
MATERIAL,000000000010000183,0001000055,MARC,0000000000100001832000,MABST,U,15.400,13.471
MATERIAL,000000000010000192,0001000056,MARC,0000000000100001924000,MINBE,U,8.800,4.685
MATERIAL,000000000010000192,0001000056,MARC,0000000000100001924000,MABST,U,12.400,21.362
MATERIAL,000000000010000197,0001000057,MARC,0000000000100001971000,MINBE,U,14.800,15.742
MATERIAL,000000000010000197,0001000057,MARC,0000000000100001971000,MABST,U,18.100,20.266
MATERIAL,000000000010000199,0001000058,MARC,0000000000100001993000,MINBE,U,8.500,6.198
MATERIAL,000000000010000199,0001000058,MARC,0000000000100001993000,MABST,U,14.200,18.038
MATERIAL,000000000030000034,0001000059,MARC,0000000000300000341000,MINBE,U,3.400,0.000
MATERIAL,000000000030000034,0001000059,MARC,0000000000300000341000,MABST,U,5.200,0.000
MATERIAL,000000000010000204,0001000060,MARC,0000000000100002043000,MINBE,U,0.700,0.952
MATERIAL,000000000010000204,0001000060,MARC,0000000000100002043000,MABST,U,1.300,1.815
MATERIAL,000000000010000207,0001000061,MARC,0000000000100002073000,MINBE,U,3.200,3.855
MATERIAL,000000000010000207,0001000061,MARC,0000000000100002073000,MABST,U,6.000,4.703
MATERIAL,000000000030000038,0001000062,MARC,0000000000300000384000,MINBE,U,12.700,0.000
MATERIAL,000000000030000038,0001000062,MARC,0000000000300000384000,MABST,U,17.300,0.000
MATERIAL,000000000010000213,0001000063,MARC,0000000000100002134000,MINBE,U,1.800,2.405
MATERIAL,000000000010000213,0001000063,MARC,0000000000100002134000,MABST,U,2.300,2.405
MATERIAL,000000000080000051,0001000064,MARC,0000000000800000514000,MINBE,U,4.500,6.724
MATERIAL,000000000080000051,0001000064,MARC,0000000000800000514000,MABST,U,7.000,8.947
MATERIAL,000000000010000219,0001000065,MARC,0000000000100002192000,MINBE,U,4.500,2.317
MATERIAL,000000000010000219,0001000065,MARC,0000000000100002192000,MABST,U,6.200,5.298
MATERIAL,000000000080000053,0001000066,MARC,0000000000800000531000,MINBE,U,3.200,4.958
MATERIAL,000000000080000053,0001000066,MARC,0000000000800000531000,MABST,U,5.300,4.958
MATERIAL,000000000080000054,0001000067,MARC,0000000000800000544000,MINBE,U,2.800,1.118
MATERIAL,000000000080000054,0001000067,MARC,0000000000800000544000,MABST,U,6.700,7.310
MATERIAL,000000000010000220,0001000068,MARC,0000000000100002201000,MINBE,U,4.100,2.433
MATERIAL,000000000010000220,0001000068,MARC,0000000000100002201000,MABST,U,7.300,12.838
MATERIAL,000000000010000224,0001000069,MARC,0000000000100002244000,MINBE,U,3.000,4.809
MATERIAL,000000000010000224,0001000069,MARC,0000000000100002244000,MABST,U,4.800,7.396
MATERIAL,000000000010000228,0001000070,MARC,0000000000100002284000,MINBE,U,23.000,18.898
MATERIAL,000000000010000228,0001000070,MARC,0000000000100002284000,MABST,U,92.500,150.311
MATERIAL,000000000010000230,0001000071,MARC,0000000000100002301000,MINBE,U,10.700,13.304
MATERIAL,000000000010000230,0001000071,MARC,0000000000100002301000,MABST,U,13.700,20.625
MATERIAL,000000000010000233,0001000072,MARC,0000000000100002332000,MINBE,U,8.500,5.383
MATERIAL,000000000010000233,0001000072,MARC,0000000000100002332000,MABST,U,11.800,19.340
MATERIAL,000000000030000046,0001000073,MARC,0000000000300000463000,MINBE,U,3.900,0.000
MATERIAL,000000000030000046,0001000073,MARC,0000000000300000463000,MABST,U,6.000,0.000
MATERIAL,000000000030000047,0001000074,MARC,0000000000300000471000,MINBE,U,4.200,0.000
MATERIAL,000000000030000047,0001000074,MARC,0000000000300000471000,MABST,U,7.800,0.000
MATERIAL,000000000010000240,0001000075,MARC,0000000000100002404000,MINBE,U,19.800,15.233
MATERIAL,000000000010000240,0001000075,MARC,0000000000100002404000,MABST,U,27.200,26.788
MATERIAL,000000000010000244,0001000076,MARC,0000000000100002444000,MINBE,U,5.000,5.622
MATERIAL,000000000010000244,0001000076,MARC,0000000000100002444000,MABST,U,6.900,6.905
MATERIAL,000000000010000246,0001000077,MARC,0000000000100002463000,MINBE,U,25.800,22.853
MATERIAL,000000000010000246,0001000077,MARC,0000000000100002463000,MABST,U,80.300,134.602
MATERIAL,000000000080000060,0001000078,MARC,0000000000800000603000,MINBE,U,10.000,16.272
MATERIAL,000000000080000060,0001000078,MARC,0000000000800000603000,MABST,U,15.900,16.272
MATERIAL,000000000010000259,0001000079,MARC,0000000000100002594000,MINBE,U,8.800,14.224
MATERIAL,000000000010000259,0001000079,MARC,0000000000100002594000,MABST,U,11.100,16.085
MATERIAL,000000000080000065,0001000080,MARC,0000000000800000651000,MINBE,U,2.100,2.879
MATERIAL,000000000080000065,0001000080,MARC,0000000000800000651000,MABST,U,3.600,5.933
MATERIAL,000000000010000263,0001000081,MARC,0000000000100002633000,MINBE,U,4.300,5.268
MATERIAL,000000000010000263,0001000081,MARC,0000000000100002633000,MABST,U,6.500,6.977
MATERIAL,000000000010000264,0001000082,MARC,0000000000100002642000,MINBE,U,3.700,4.806
MATERIAL,000000000010000264,0001000082,MARC,0000000000100002642000,MABST,U,5.000,4.806
MATERIAL,000000000030000053,0001000083,MARC,0000000000300000531000,MINBE,U,16.300,0.000
MATERIAL,000000000030000053,0001000083,MARC,0000000000300000531000,MABST,U,20.800,0.000
MATERIAL,000000000080000066,0001000084,MARC,0000000000800000661000,MINBE,U,1.800,1.346
MATERIAL,000000000080000066,0001000084,MARC,0000000000800000661000,MABST,U,4.000,5.803
MATERIAL,000000000010000274,0001000085,MARC,0000000000100002743000,MINBE,U,4.700,7.609
MATERIAL,000000000010000274,0001000085,MARC,0000000000100002743000,MABST,U,5.800,7.609
MATERIAL,000000000010000277,0001000086,MARC,0000000000100002773000,MINBE,U,10.900,13.369
MATERIAL,000000000010000277,0001000086,MARC,0000000000100002773000,MABST,U,15.500,14.050
MATERIAL,000000000010000285,0001000087,MARC,0000000000100002853000,MINBE,U,3.900,6.609
MATERIAL,000000000010000285,0001000087,MARC,0000000000100002853000,MABST,U,7.700,6.609
MATERIAL,000000000080000071,0001000088,MARC,0000000000800000711000,MINBE,U,5.800,6.776
MATERIAL,000000000080000071,0001000088,MARC,0000000000800000711000,MABST,U,10.100,8.961
MATERIAL,000000000010000295,0001000089,MARC,0000000000100002953000,MINBE,U,2.900,2.203
MATERIAL,000000000010000295,0001000089,MARC,0000000000100002953000,MABST,U,5.000,5.533
MATERIAL,000000000080000073,0001000090,MARC,0000000000800000734000,MINBE,U,4.700,4.708
MATERIAL,000000000080000073,0001000090,MARC,0000000000800000734000,MABST,U,5.700,8.782
MATERIAL,000000000010000301,0001000091,MARC,0000000000100003012000,MINBE,U,8.000,10.672
MATERIAL,000000000010000301,0001000091,MARC,0000000000100003012000,MABST,U,11.000,11.188
MATERIAL,000000000010000305,0001000092,MARC,0000000000100003052000,MINBE,U,10.700,15.304
MATERIAL,000000000010000305,0001000092,MARC,0000000000100003052000,MABST,U,14.400,15.304
MATERIAL,000000000010000308,0001000093,MARC,0000000000100003083000,MINBE,U,4.400,2.718
MATERIAL,000000000010000308,0001000093,MARC,0000000000100003083000,MABST,U,8.200,10.931
MATERIAL,000000000010000309,0001000094,MARC,0000000000100003093000,MINBE,U,5.300,5.158
MATERIAL,000000000010000309,0001000094,MARC,0000000000100003093000,MABST,U,7.300,8.125
MATERIAL,000000000010000317,0001000095,MARC,0000000000100003174000,MINBE,U,7.500,13.095
MATERIAL,000000000010000317,0001000095,MARC,0000000000100003174000,MABST,U,13.000,15.816
MATERIAL,000000000010000317,0001000096,MARC,0000000000100003171000,MINBE,U,2.800,2.042
MATERIAL,000000000010000317,0001000096,MARC,0000000000100003171000,MABST,U,4.900,7.900
MATERIAL,000000000010000319,0001000097,MARC,0000000000100003191000,MINBE,U,5.400,7.181
MATERIAL,000000000010000319,0001000097,MARC,0000000000100003191000,MABST,U,10.300,12.919
MATERIAL,000000000010000323,0001000098,MARC,0000000000100003231000,MINBE,U,3.900,2.012
MATERIAL,000000000010000323,0001000098,MARC,0000000000100003231000,MABST,U,7.400,12.648
MATERIAL,000000000010000327,0001000099,MARC,0000000000100003274000,MINBE,U,5.800,9.765
MATERIAL,000000000010000327,0001000099,MARC,0000000000100003274000,MABST,U,7.300,9.765
MATERIAL,000000000010000329,0001000100,MARC,0000000000100003291000,MINBE,U,59.000,40.930
MATERIAL,000000000010000329,0001000100,MARC,0000000000100003291000,MABST,U,152.100,179.599
MATERIAL,000000000010000331,0001000101,MARC,0000000000100003314000,MINBE,U,5.000,8.513
MATERIAL,000000000010000331,0001000101,MARC,0000000000100003314000,MABST,U,6.800,8.513
MATERIAL,000000000010000338,0001000102,MARC,0000000000100003384000,MINBE,U,63.300,58.791
MATERIAL,000000000010000338,0001000102,MARC,0000000000100003384000,MABST,U,187.800,334.897
MATERIAL,000000000080000078,0001000103,MARC,0000000000800000784000,MINBE,U,3.200,4.949
MATERIAL,000000000080000078,0001000103,MARC,0000000000800000784000,MABST,U,6.600,8.758
MATERIAL,000000000010000340,0001000104,MARC,0000000000100003403000,MINBE,U,3.100,3.338
MATERIAL,000000000010000340,0001000104,MARC,0000000000100003403000,MABST,U,5.200,4.417
MATERIAL,000000000010000351,0001000105,MARC,0000000000100003513000,MINBE,U,72.500,46.016
MATERIAL,000000000010000351,0001000105,MARC,0000000000100003513000,MABST,U,180.900,277.596
MATERIAL,000000000030000073,0001000106,MARC,0000000000300000733000,MINBE,U,4.100,0.000
MATERIAL,000000000030000073,0001000106,MARC,0000000000300000733000,MABST,U,7.500,0.000
MATERIAL,000000000010000356,0001000107,MARC,0000000000100003562000,MINBE,U,53.300,66.468
MATERIAL,000000000010000356,0001000107,MARC,0000000000100003562000,MABST,U,109.000,151.263
MATERIAL,000000000010000357,0001000108,MARC,0000000000100003574000,MINBE,U,5.500,5.736
MATERIAL,000000000010000357,0001000108,MARC,0000000000100003574000,MABST,U,11.400,9.364
MATERIAL,000000000010000364,0001000109,MARC,0000000000100003641000,MINBE,U,0.900,0.576
MATERIAL,000000000010000364,0001000109,MARC,0000000000100003641000,MABST,U,1.400,2.027
MATERIAL,000000000080000082,0001000110,MARC,0000000000800000824000,MINBE,U,1.800,3.046
MATERIAL,000000000080000082,0001000110,MARC,0000000000800000824000,MABST,U,3.400,3.703
MATERIAL,000000000080000084,0001000111,MARC,0000000000800000844000,MINBE,U,9.300,13.798
MATERIAL,000000000080000084,0001000111,MARC,0000000000800000844000,MABST,U,15.300,15.606
MATERIAL,000000000010000378,0001000112,MARC,0000000000100003782000,MINBE,U,1.300,0.940
MATERIAL,000000000010000378,0001000112,MARC,0000000000100003782000,MABST,U,1.900,2.370
MATERIAL,000000000080000087,0001000113,MARC,0000000000800000873000,MINBE,U,10.600,11.404
MATERIAL,000000000080000087,0001000113,MARC,0000000000800000873000,MABST,U,13.800,24.490
MATERIAL,000000000010000383,0001000114,MARC,0000000000100003833000,MINBE,U,33.100,47.326
MATERIAL,000000000010000383,0001000114,MARC,0000000000100003833000,MABST,U,145.300,206.747
MATERIAL,000000000010000384,0001000115,MARC,0000000000100003841000,MINBE,U,4.400,5.875
MATERIAL,000000000010000384,0001000115,MARC,0000000000100003841000,MABST,U,8.200,11.469
MATERIAL,000000000080000088,0001000116,MARC,0000000000800000881000,MINBE,U,1.800,2.227
MATERIAL,000000000080000088,0001000116,MARC,0000000000800000881000,MABST,U,3.300,2.421
MATERIAL,000000000010000386,0001000117,MARC,0000000000100003864000,MINBE,U,16.500,29.631
MATERIAL,000000000010000386,0001000117,MARC,0000000000100003864000,MABST,U,21.400,30.819
MATERIAL,000000000010000388,0001000118,MARC,0000000000100003884000,MINBE,U,0.800,1.327
MATERIAL,000000000010000388,0001000118,MARC,0000000000100003884000,MABST,U,1.600,1.327
MATERIAL,000000000010000398,0001000119,MARC,0000000000100003984000,MINBE,U,18.000,29.758
MATERIAL,000000000010000398,0001000119,MARC,0000000000100003984000,MABST,U,23.600,40.466
MATERIAL,000000000010000399,0001000120,MARC,0000000000100003992000,MINBE,U,5.300,9.307
MATERIAL,000000000010000399,0001000120,MARC,0000000000100003992000,MABST,U,8.700,9.307
MATERIAL,000000000030000086,0001000121,MARC,0000000000300000862000,MINBE,U,2.400,0.000
MATERIAL,000000000030000086,0001000121,MARC,0000000000300000862000,MABST,U,4.500,0.000
MATERIAL,000000000010000408,0001000122,MARC,0000000000100004082000,MINBE,U,6.600,7.106
MATERIAL,000000000010000408,0001000122,MARC,0000000000100004082000,MABST,U,8.800,12.365
MATERIAL,000000000010000409,0001000123,MARC,0000000000100004094000,MINBE,U,7.900,13.165
MATERIAL,000000000010000409,0001000123,MARC,0000000000100004094000,MABST,U,13.700,19.287
MATERIAL,000000000010000412,0001000124,MARC,0000000000100004121000,MINBE,U,19.300,27.110
MATERIAL,000000000010000412,0001000124,MARC,0000000000100004121000,MABST,U,74.200,125.938
MATERIAL,000000000010000415,0001000125,MARC,0000000000100004152000,MINBE,U,10.500,13.993
MATERIAL,000000000010000415,0001000125,MARC,0000000000100004152000,MABST,U,14.800,13.993
MATERIAL,000000000010000418,0001000126,MARC,0000000000100004181000,MINBE,U,0.800,1.079
MATERIAL,000000000010000418,0001000126,MARC,0000000000100004181000,MABST,U,1.600,2.153
MATERIAL,000000000010000419,0001000127,MARC,0000000000100004192000,MINBE,U,8.100,4.591
MATERIAL,000000000010000419,0001000127,MARC,0000000000100004192000,MABST,U,14.200,13.367
MATERIAL,000000000010000423,0001000128,MARC,0000000000100004233000,MINBE,U,2.600,2.752
MATERIAL,000000000010000423,0001000128,MARC,0000000000100004233000,MABST,U,3.700,5.406
MATERIAL,000000000010000425,0001000129,MARC,0000000000100004254000,MINBE,U,8.500,8.526
MATERIAL,000000000010000425,0001000129,MARC,0000000000100004254000,MABST,U,10.500,17.267
MATERIAL,000000000010000431,0001000130,MARC,0000000000100004311000,MINBE,U,6.600,8.088
MATERIAL,000000000010000431,0001000130,MARC,0000000000100004311000,MABST,U,33.500,28.684
MATERIAL,000000000010000435,0001000131,MARC,0000000000100004351000,MINBE,U,3.500,4.629
MATERIAL,000000000010000435,0001000131,MARC,0000000000100004351000,MABST,U,8.400,6.267
MATERIAL,000000000010000435,0001000132,MARC,0000000000100004353000,MINBE,U,2.600,1.814
MATERIAL,000000000010000435,0001000132,MARC,0000000000100004353000,MABST,U,6.200,10.261
MATERIAL,000000000010000437,0001000133,MARC,0000000000100004374000,MINBE,U,17.600,9.233
MATERIAL,000000000010000437,0001000133,MARC,0000000000100004374000,MABST,U,94.200,158.598
MATERIAL,000000000010000438,0001000134,MARC,0000000000100004384000,MINBE,U,0.200,0.136
MATERIAL,000000000010000438,0001000134,MARC,0000000000100004384000,MABST,U,0.600,0.901
MATERIAL,000000000010000441,0001000135,MARC,0000000000100004412000,MINBE,U,11.600,18.736
MATERIAL,000000000010000441,0001000135,MARC,0000000000100004412000,MABST,U,15.000,18.736
MATERIAL,000000000010000446,0001000136,MARC,0000000000100004463000,MINBE,U,47.400,82.064
MATERIAL,000000000010000446,0001000136,MARC,0000000000100004463000,MABST,U,109.800,123.190
MATERIAL,000000000010000446,0001000137,MARC,0000000000100004461000,MINBE,U,39.200,53.319
MATERIAL,000000000010000446,0001000137,MARC,0000000000100004461000,MABST,U,96.000,147.752
MATERIAL,000000000010000451,0001000138,MARC,0000000000100004512000,MINBE,U,43.400,55.727
MATERIAL,000000000010000451,0001000138,MARC,0000000000100004512000,MABST,U,126.500,103.028
MATERIAL,000000000010000452,0001000139,MARC,0000000000100004524000,MINBE,U,63.900,74.962
MATERIAL,000000000010000452,0001000139,MARC,0000000000100004524000,MABST,U,163.900,138.999
MATERIAL,000000000010000457,0001000140,MARC,0000000000100004573000,MINBE,U,8.500,11.660
MATERIAL,000000000010000457,0001000140,MARC,0000000000100004573000,MABST,U,11.100,11.660
MATERIAL,000000000010000458,0001000141,MARC,0000000000100004584000,MINBE,U,5.100,5.475
MATERIAL,000000000010000458,0001000141,MARC,0000000000100004584000,MABST,U,8.700,9.874
MATERIAL,000000000010000458,0001000142,MARC,0000000000100004582000,MINBE,U,2.900,1.446
MATERIAL,000000000010000458,0001000142,MARC,0000000000100004582000,MABST,U,5.200,4.304
MATERIAL,000000000010000463,0001000143,MARC,0000000000100004633000,MINBE,U,14.000,20.155
MATERIAL,000000000010000463,0001000143,MARC,0000000000100004633000,MABST,U,18.000,20.155
MATERIAL,000000000010000466,0001000144,MARC,0000000000100004661000,MINBE,U,9.700,15.587
MATERIAL,000000000010000466,0001000144,MARC,0000000000100004661000,MABST,U,13.300,19.958
MATERIAL,000000000010000473,0001000145,MARC,0000000000100004734000,MINBE,U,3.200,2.249
MATERIAL,000000000010000473,0001000145,MARC,0000000000100004734000,MABST,U,4.500,4.808
MATERIAL,000000000080000102,0001000146,MARC,0000000000800001021000,MINBE,U,5.000,3.336
MATERIAL,000000000080000102,0001000146,MARC,0000000000800001021000,MABST,U,9.000,10.067
MATERIAL,000000000010000481,0001000147,MARC,0000000000100004811000,MINBE,U,2.300,1.057
MATERIAL,000000000010000481,0001000147,MARC,0000000000100004811000,MABST,U,4.500,5.793
MATERIAL,000000000010000490,0001000148,MARC,0000000000100004902000,MINBE,U,7.500,9.317
MATERIAL,000000000010000490,0001000148,MARC,0000000000100004902000,MABST,U,10.200,12.264
MATERIAL,000000000010000491,0001000149,MARC,0000000000100004913000,MINBE,U,7.200,9.546
MATERIAL,000000000010000491,0001000149,MARC,0000000000100004913000,MABST,U,14.700,10.683
MATERIAL,000000000010000499,0001000150,MARC,0000000000100004994000,MINBE,U,0.600,0.535
MATERIAL,000000000010000499,0001000150,MARC,0000000000100004994000,MABST,U,1.200,1.874
MATERIAL,000000000010000507,0001000151,MARC,0000000000100005071000,MINBE,U,16.200,9.816
MATERIAL,000000000010000507,0001000151,MARC,0000000000100005071000,MABST,U,114.600,104.132
MATERIAL,000000000010000508,0001000152,MARC,0000000000100005082000,MINBE,U,2.700,1.228
MATERIAL,000000000010000508,0001000152,MARC,0000000000100005082000,MABST,U,3.700,5.452
MATERIAL,000000000010000510,0001000153,MARC,0000000000100005103000,MINBE,U,2.800,4.716
MATERIAL,000000000010000510,0001000153,MARC,0000000000100005103000,MABST,U,5.200,7.263
MATERIAL,000000000010000517,0001000154,MARC,0000000000100005172000,MINBE,U,0.700,0.466
MATERIAL,000000000010000517,0001000154,MARC,0000000000100005172000,MABST,U,0.900,1.427
MATERIAL,000000000010000522,0001000155,MARC,0000000000100005221000,MINBE,U,9.700,12.642
MATERIAL,000000000010000522,0001000155,MARC,0000000000100005221000,MABST,U,13.400,20.849
MATERIAL,000000000030000109,0001000156,MARC,0000000000300001092000,MINBE,U,10.500,10.722
MATERIAL,000000000030000109,0001000156,MARC,0000000000300001092000,MABST,U,14.000,18.807
MATERIAL,000000000010000529,0001000157,MARC,0000000000100005291000,MINBE,U,5.500,6.489
MATERIAL,000000000010000529,0001000157,MARC,0000000000100005291000,MABST,U,10.800,14.752
MATERIAL,000000000010000541,0001000158,MARC,0000000000100005411000,MINBE,U,8.900,15.209
MATERIAL,000000000010000541,0001000158,MARC,0000000000100005411000,MABST,U,12.700,15.209
MATERIAL,000000000010000543,0001000159,MARC,0000000000100005433000,MINBE,U,3.300,4.229
MATERIAL,000000000010000543,0001000159,MARC,0000000000100005433000,MABST,U,4.200,5.618
MATERIAL,000000000010000544,0001000160,MARC,0000000000100005441000,MINBE,U,6.500,10.628
MATERIAL,000000000010000544,0001000160,MARC,0000000000100005441000,MABST,U,10.600,15.800
MATERIAL,000000000010000559,0001000161,MARC,0000000000100005592000,MINBE,U,4.700,6.464
MATERIAL,000000000010000559,0001000161,MARC,0000000000100005592000,MABST,U,8.000,10.948
MATERIAL,000000000010000560,0001000162,MARC,0000000000100005602000,MINBE,U,63.000,96.589
MATERIAL,000000000010000560,0001000162,MARC,0000000000100005602000,MABST,U,196.000,276.760
MATERIAL,000000000080000122,0001000163,MARC,0000000000800001222000,MINBE,U,2.400,2.354
MATERIAL,000000000080000122,0001000163,MARC,0000000000800001222000,MABST,U,6.700,10.327
MATERIAL,000000000080000123,0001000164,MARC,0000000000800001232000,MINBE,U,3.800,1.945
MATERIAL,000000000080000123,0001000164,MARC,0000000000800001232000,MABST,U,6.900,9.652
MATERIAL,000000000010000564,0001000165,MARC,0000000000100005641000,MINBE,U,4.200,7.326
MATERIAL,000000000010000564,0001000165,MARC,0000000000100005641000,MABST,U,5.700,8.687
MATERIAL,000000000010000566,0001000166,MARC,0000000000100005661000,MINBE,U,1.800,2.478
MATERIAL,000000000010000566,0001000166,MARC,0000000000100005661000,MABST,U,6.200,7.386
MATERIAL,000000000080000128,0001000167,MARC,0000000000800001282000,MINBE,U,4.200,2.783
MATERIAL,000000000080000128,0001000167,MARC,0000000000800001282000,MABST,U,5.200,4.399
MATERIAL,000000000080000129,0001000168,MARC,0000000000800001292000,MINBE,U,1.300,0.576
MATERIAL,000000000080000129,0001000168,MARC,0000000000800001292000,MABST,U,2.800,4.031
MATERIAL,000000000010000571,0001000169,MARC,0000000000100005712000,MINBE,U,1.800,1.296
MATERIAL,000000000010000571,0001000169,MARC,0000000000100005712000,MABST,U,5.000,4.754
MATERIAL,000000000080000130,0001000170,MARC,0000000000800001301000,MINBE,U,1.900,1.578
MATERIAL,000000000080000130,0001000170,MARC,0000000000800001301000,MABST,U,4.700,5.988
MATERIAL,000000000010000581,0001000171,MARC,0000000000100005811000,MINBE,U,16.700,18.360
MATERIAL,000000000010000581,0001000171,MARC,0000000000100005811000,MABST,U,23.100,28.122
MATERIAL,000000000010000586,0001000172,MARC,0000000000100005861000,MINBE,U,4.600,6.442
MATERIAL,000000000010000586,0001000172,MARC,0000000000100005861000,MABST,U,9.800,17.775
MATERIAL,000000000080000136,0001000173,MARC,0000000000800001364000,MINBE,U,3.200,3.055
MATERIAL,000000000080000136,0001000173,MARC,0000000000800001364000,MABST,U,6.100,8.905
MATERIAL,000000000010000601,0001000174,MARC,0000000000100006012000,MINBE,U,2.600,2.367
MATERIAL,000000000010000601,0001000174,MARC,0000000000100006012000,MABST,U,6.000,9.816
MATERIAL,000000000010000603,0001000175,MARC,0000000000100006032000,MINBE,U,1.300,1.278
MATERIAL,000000000010000603,0001000175,MARC,0000000000100006032000,MABST,U,1.800,1.604
MATERIAL,000000000010000603,0001000176,MARC,0000000000100006034000,MINBE,U,1.500,1.416
MATERIAL,000000000010000603,0001000176,MARC,0000000000100006034000,MABST,U,2.100,3.112
MATERIAL,000000000010000605,0001000177,MARC,0000000000100006052000,MINBE,U,18.000,10.637
MATERIAL,000000000010000605,0001000177,MARC,0000000000100006052000,MABST,U,22.900,40.247
MATERIAL,000000000010000607,0001000178,MARC,0000000000100006071000,MINBE,U,2.000,1.335
MATERIAL,000000000010000607,0001000178,MARC,0000000000100006071000,MABST,U,3.000,3.389
MATERIAL,000000000010000610,0001000179,MARC,0000000000100006104000,MINBE,U,2.800,4.863
MATERIAL,000000000010000610,0001000179,MARC,0000000000100006104000,MABST,U,3.800,5.103
MATERIAL,000000000010000613,0001000180,MARC,0000000000100006133000,MINBE,U,13.000,6.331
MATERIAL,000000000010000613,0001000180,MARC,0000000000100006133000,MABST,U,16.900,18.853
MATERIAL,000000000010000614,0001000181,MARC,0000000000100006142000,MINBE,U,4.700,6.872
MATERIAL,000000000010000614,0001000181,MARC,0000000000100006142000,MABST,U,5.600,8.221
MATERIAL,000000000010000618,0001000182,MARC,0000000000100006184000,MINBE,U,9.200,12.655
MATERIAL,000000000010000618,0001000182,MARC,0000000000100006184000,MABST,U,11.700,12.655
MATERIAL,000000000010000618,0001000183,MARC,0000000000100006183000,MINBE,U,10.100,4.910
MATERIAL,000000000010000618,0001000183,MARC,0000000000100006183000,MABST,U,13.100,18.933
MATERIAL,000000000010000619,0001000184,MARC,0000000000100006194000,MINBE,U,10.600,15.664
MATERIAL,000000000010000619,0001000184,MARC,0000000000100006194000,MABST,U,14.700,15.664
MATERIAL,000000000080000146,0001000185,MARC,0000000000800001461000,MINBE,U,14.300,16.527
MATERIAL,000000000080000146,0001000185,MARC,0000000000800001461000,MABST,U,18.800,19.597
MATERIAL,000000000080000148,0001000186,MARC,0000000000800001484000,MINBE,U,2.300,2.832
MATERIAL,000000000080000148,0001000186,MARC,0000000000800001484000,MABST,U,5.700,8.428
MATERIAL,000000000030000142,0001000187,MARC,0000000000300001421000,MINBE,U,7.300,0.000
MATERIAL,000000000030000142,0001000187,MARC,0000000000300001421000,MABST,U,12.700,0.000
MATERIAL,000000000030000142,0001000188,MARC,0000000000300001424000,MINBE,U,2.200,1.404
MATERIAL,000000000030000142,0001000188,MARC,0000000000300001424000,MABST,U,3.800,3.553
MATERIAL,000000000010000638,0001000189,MARC,0000000000100006384000,MINBE,U,157.400,183.158
MATERIAL,000000000010000638,0001000189,MARC,0000000000100006384000,MABST,U,254.300,409.781
MATERIAL,000000000010000641,0001000190,MARC,0000000000100006412000,MINBE,U,6.500,3.619
MATERIAL,000000000010000641,0001000190,MARC,0000000000100006412000,MABST,U,11.800,13.914
MATERIAL,000000000010000645,0001000191,MARC,0000000000100006453000,MINBE,U,11.700,6.672
MATERIAL,000000000010000645,0001000191,MARC,0000000000100006453000,MABST,U,15.200,16.050
MATERIAL,000000000030000146,0001000192,MARC,0000000000300001464000,MINBE,U,10.800,0.000
MATERIAL,000000000030000146,0001000192,MARC,0000000000300001464000,MABST,U,14.400,0.000
MATERIAL,000000000010000647,0001000193,MARC,0000000000100006472000,MINBE,U,5.400,2.158
MATERIAL,000000000010000647,0001000193,MARC,0000000000100006472000,MABST,U,10.900,8.731
MATERIAL,000000000010000653,0001000194,MARC,0000000000100006533000,MINBE,U,7.100,10.894
MATERIAL,000000000010000653,0001000194,MARC,0000000000100006533000,MABST,U,55.000,82.091
MATERIAL,000000000010000657,0001000195,MARC,0000000000100006573000,MINBE,U,10.600,14.886
MATERIAL,000000000010000657,0001000195,MARC,0000000000100006573000,MABST,U,70.300,120.648
MATERIAL,000000000010000658,0001000196,MARC,0000000000100006581000,MINBE,U,46.200,49.287
MATERIAL,000000000010000658,0001000196,MARC,0000000000100006581000,MABST,U,134.100,142.312
MATERIAL,000000000010000661,0001000197,MARC,0000000000100006614000,MINBE,U,23.200,37.866
MATERIAL,000000000010000661,0001000197,MARC,0000000000100006614000,MABST,U,126.000,131.238
MATERIAL,000000000010000663,0001000198,MARC,0000000000100006632000,MINBE,U,21.000,13.602
MATERIAL,000000000010000663,0001000198,MARC,0000000000100006632000,MABST,U,119.200,206.744
MATERIAL,000000000010000667,0001000199,MARC,0000000000100006671000,MINBE,U,130.100,122.350
MATERIAL,000000000010000667,0001000199,MARC,0000000000100006671000,MABST,U,203.000,355.986
MATERIAL,000000000010000668,0001000200,MARC,0000000000100006681000,MINBE,U,12.400,13.471
MATERIAL,000000000010000668,0001000200,MARC,0000000000100006681000,MABST,U,18.100,24.592
MATERIAL,000000000030000151,0001000201,MARC,0000000000300001514000,MINBE,U,3.700,0.000
MATERIAL,000000000030000151,0001000201,MARC,0000000000300001514000,MABST,U,5.200,0.000
MATERIAL,000000000010000672,0001000202,MARC,0000000000100006723000,MINBE,U,10.500,16.513
MATERIAL,000000000010000672,0001000202,MARC,0000000000100006723000,MABST,U,14.000,19.586
MATERIAL,000000000010000676,0001000203,MARC,0000000000100006762000,MINBE,U,1.200,1.251
MATERIAL,000000000010000676,0001000203,MARC,0000000000100006762000,MABST,U,4.100,2.957
MATERIAL,000000000030000153,0001000204,MARC,0000000000300001534000,MINBE,U,10.500,0.000
MATERIAL,000000000030000153,0001000204,MARC,0000000000300001534000,MABST,U,14.400,0.000
MATERIAL,000000000010000683,0001000205,MARC,0000000000100006833000,MINBE,U,80.000,129.790
MATERIAL,000000000010000683,0001000205,MARC,0000000000100006833000,MABST,U,129.500,132.786
MATERIAL,000000000030000155,0001000206,MARC,0000000000300001552000,MINBE,U,5.000,0.000
MATERIAL,000000000030000155,0001000206,MARC,0000000000300001552000,MABST,U,8.200,0.000
MATERIAL,000000000030000155,0001000207,MARC,0000000000300001554000,MINBE,U,3.700,0.000
MATERIAL,000000000030000155,0001000207,MARC,0000000000300001554000,MABST,U,6.200,0.000
MATERIAL,000000000080000162,0001000208,MARC,0000000000800001622000,MINBE,U,2.000,0.841
MATERIAL,000000000080000162,0001000208,MARC,0000000000800001622000,MABST,U,4.100,4.466
MATERIAL,000000000080000164,0001000209,MARC,0000000000800001644000,MINBE,U,9.000,9.666
MATERIAL,000000000080000164,0001000209,MARC,0000000000800001644000,MABST,U,14.500,20.347
MATERIAL,000000000080000166,0001000210,MARC,0000000000800001661000,MINBE,U,4.000,3.510
MATERIAL,000000000080000166,0001000210,MARC,0000000000800001661000,MABST,U,6.900,10.329
MATERIAL,000000000010000691,0001000211,MARC,0000000000100006913000,MINBE,U,33.900,46.252
MATERIAL,000000000010000691,0001000211,MARC,0000000000100006913000,MABST,U,76.800,83.948
MATERIAL,000000000010000694,0001000212,MARC,0000000000100006944000,MINBE,U,85.800,63.048
MATERIAL,000000000010000694,0001000212,MARC,0000000000100006944000,MABST,U,193.900,330.434
MATERIAL,000000000010000695,0001000213,MARC,0000000000100006952000,MINBE,U,5.000,2.893
MATERIAL,000000000010000695,0001000213,MARC,0000000000100006952000,MABST,U,6.000,9.441
MATERIAL,000000000010000695,0001000214,MARC,0000000000100006951000,MINBE,U,2.900,2.052
MATERIAL,000000000010000695,0001000214,MARC,0000000000100006951000,MABST,U,3.500,3.590
MATERIAL,000000000030000158,0001000215,MARC,0000000000300001583000,MINBE,U,14.200,0.000
MATERIAL,000000000030000158,0001000215,MARC,0000000000300001583000,MABST,U,19.900,0.000
MATERIAL,000000000010000696,0001000216,MARC,0000000000100006961000,MINBE,U,5.600,4.830
MATERIAL,000000000010000696,0001000216,MARC,0000000000100006961000,MABST,U,7.200,5.894
MATERIAL,000000000010000699,0001000217,MARC,0000000000100006992000,MINBE,U,4.400,4.669
MATERIAL,000000000010000699,0001000217,MARC,0000000000100006992000,MABST,U,7.200,5.144
MATERIAL,000000000010000703,0001000218,MARC,0000000000100007033000,MINBE,U,1.800,0.823
MATERIAL,000000000010000703,0001000218,MARC,0000000000100007033000,MABST,U,3.500,4.365
MATERIAL,000000000010000704,0001000219,MARC,0000000000100007041000,MINBE,U,59.400,32.184
MATERIAL,000000000010000704,0001000219,MARC,0000000000100007041000,MABST,U,172.000,162.859
MATERIAL,000000000080000168,0001000220,MARC,0000000000800001682000,MINBE,U,8.800,13.454
MATERIAL,000000000080000168,0001000220,MARC,0000000000800001682000,MABST,U,14.800,13.454
MATERIAL,000000000010000706,0001000221,MARC,0000000000100007062000,MINBE,U,3.700,2.902
MATERIAL,000000000010000706,0001000221,MARC,0000000000100007062000,MABST,U,4.800,7.612
MATERIAL,000000000010000712,0001000222,MARC,0000000000100007124000,MINBE,U,34.200,25.584
MATERIAL,000000000010000712,0001000222,MARC,0000000000100007124000,MABST,U,120.200,208.084
MATERIAL,000000000010000716,0001000223,MARC,0000000000100007161000,MINBE,U,0.400,0.458
MATERIAL,000000000010000716,0001000223,MARC,0000000000100007161000,MABST,U,0.800,0.763
MATERIAL,000000000010000720,0001000224,MARC,0000000000100007204000,MINBE,U,0.500,0.401
MATERIAL,000000000010000720,0001000224,MARC,0000000000100007204000,MABST,U,1.500,2.383
MATERIAL,000000000010000721,0001000225,MARC,0000000000100007212000,MINBE,U,29.800,20.086
MATERIAL,000000000010000721,0001000225,MARC,0000000000100007212000,MABST,U,81.300,128.293
MATERIAL,000000000030000161,0001000226,MARC,0000000000300001612000,MINBE,U,4.700,0.000
MATERIAL,000000000030000161,0001000226,MARC,0000000000300001612000,MABST,U,6.200,0.000
MATERIAL,000000000080000170,0001000227,MARC,0000000000800001702000,MINBE,U,3.600,2.770
MATERIAL,000000000080000170,0001000227,MARC,0000000000800001702000,MABST,U,10.500,17.247
MATERIAL,000000000010000731,0001000228,MARC,0000000000100007314000,MINBE,U,118.600,100.468
MATERIAL,000000000010000731,0001000228,MARC,0000000000100007314000,MABST,U,177.000,185.016
MATERIAL,000000000010000732,0001000229,MARC,0000000000100007322000,MINBE,U,2.500,2.388
MATERIAL,000000000010000732,0001000229,MARC,0000000000100007322000,MABST,U,6.900,6.593
MATERIAL,000000000010000736,0001000230,MARC,0000000000100007362000,MINBE,U,59.900,105.000
MATERIAL,000000000010000736,0001000230,MARC,0000000000100007362000,MABST,U,105.200,105.000
MATERIAL,000000000010000737,0001000231,MARC,0000000000100007373000,MINBE,U,68.200,66.138
MATERIAL,000000000010000737,0001000231,MARC,0000000000100007373000,MABST,U,120.100,131.207
MATERIAL,000000000080000172,0001000232,MARC,0000000000800001723000,MINBE,U,4.100,5.664
MATERIAL,000000000080000172,0001000232,MARC,0000000000800001723000,MABST,U,7.200,13.088
MATERIAL,000000000010000739,0001000233,MARC,0000000000100007394000,MINBE,U,11.200,8.218
MATERIAL,000000000010000739,0001000233,MARC,0000000000100007394000,MABST,U,16.200,25.627
MATERIAL,000000000010000740,0001000234,MARC,0000000000100007404000,MINBE,U,72.400,61.298
MATERIAL,000000000010000740,0001000234,MARC,0000000000100007404000,MABST,U,138.800,120.892
MATERIAL,000000000010000741,0001000235,MARC,0000000000100007413000,MINBE,U,8.000,9.705
MATERIAL,000000000010000741,0001000235,MARC,0000000000100007413000,MABST,U,9.900,15.743
MATERIAL,000000000080000174,0001000236,MARC,0000000000800001742000,MINBE,U,2.800,2.387
MATERIAL,000000000080000174,0001000236,MARC,0000000000800001742000,MABST,U,6.400,7.380
MATERIAL,000000000010000747,0001000237,MARC,0000000000100007474000,MINBE,U,10.800,17.886
MATERIAL,000000000010000747,0001000237,MARC,0000000000100007474000,MABST,U,17.800,18.033
MATERIAL,000000000030000168,0001000238,MARC,0000000000300001682000,MINBE,U,6.900,0.000
MATERIAL,000000000030000168,0001000238,MARC,0000000000300001682000,MABST,U,11.000,0.000
MATERIAL,000000000030000169,0001000239,MARC,0000000000300001691000,MINBE,U,8.600,0.000
MATERIAL,000000000030000169,0001000239,MARC,0000000000300001691000,MABST,U,15.800,0.000
MATERIAL,000000000030000171,0001000240,MARC,0000000000300001712000,MINBE,U,4.800,0.000
MATERIAL,000000000030000171,0001000240,MARC,0000000000300001712000,MABST,U,7.500,0.000
MATERIAL,000000000010000764,0001000241,MARC,0000000000100007641000,MINBE,U,2.900,3.090
MATERIAL,000000000010000764,0001000241,MARC,0000000000100007641000,MABST,U,6.800,7.195
MATERIAL,000000000010000765,0001000242,MARC,0000000000100007653000,MINBE,U,9.300,8.371
MATERIAL,000000000010000765,0001000242,MARC,0000000000100007653000,MABST,U,15.900,18.553
MATERIAL,000000000010000769,0001000243,MARC,0000000000100007692000,MINBE,U,3.200,5.223
MATERIAL,000000000010000769,0001000243,MARC,0000000000100007692000,MABST,U,5.000,7.902
MATERIAL,000000000010000779,0001000244,MARC,0000000000100007794000,MINBE,U,14.300,24.157
MATERIAL,000000000010000779,0001000244,MARC,0000000000100007794000,MABST,U,19.200,30.127
MATERIAL,000000000010000782,0001000245,MARC,0000000000100007822000,MINBE,U,1.300,1.611
MATERIAL,000000000010000782,0001000245,MARC,0000000000100007822000,MABST,U,1.900,3.331
MATERIAL,000000000010000787,0001000246,MARC,0000000000100007871000,MINBE,U,3.800,6.242
MATERIAL,000000000010000787,0001000246,MARC,0000000000100007871000,MABST,U,7.400,10.827
MATERIAL,000000000010000791,0001000247,MARC,0000000000100007914000,MINBE,U,0.200,0.219
MATERIAL,000000000010000791,0001000247,MARC,0000000000100007914000,MABST,U,0.500,0.474
MATERIAL,000000000010000798,0001000248,MARC,0000000000100007981000,MINBE,U,19.800,30.453
MATERIAL,000000000010000798,0001000248,MARC,0000000000100007981000,MABST,U,138.300,187.303
MATERIAL,000000000010000809,0001000249,MARC,0000000000100008094000,MINBE,U,23.900,15.992
MATERIAL,000000000010000809,0001000249,MARC,0000000000100008094000,MABST,U,31.100,40.433
MATERIAL,000000000010000810,0001000250,MARC,0000000000100008104000,MINBE,U,30.900,18.625
MATERIAL,000000000010000810,0001000250,MARC,0000000000100008104000,MABST,U,136.800,100.906
MATERIAL,000000000010000816,0001000251,MARC,0000000000100008164000,MINBE,U,1.100,1.930
MATERIAL,000000000010000816,0001000251,MARC,0000000000100008164000,MABST,U,4.200,3.234
MATERIAL,000000000010000817,0001000252,MARC,0000000000100008174000,MINBE,U,5.100,8.966
MATERIAL,000000000010000817,0001000252,MARC,0000000000100008174000,MABST,U,10.300,17.809
MATERIAL,000000000030000186,0001000253,MARC,0000000000300001862000,MINBE,U,7.000,0.000
MATERIAL,000000000030000186,0001000253,MARC,0000000000300001862000,MABST,U,9.500,0.000
MATERIAL,000000000010000821,0001000254,MARC,0000000000100008212000,MINBE,U,20.000,24.081
MATERIAL,000000000010000821,0001000254,MARC,0000000000100008212000,MABST,U,52.100,69.194
MATERIAL,000000000010000824,0001000255,MARC,0000000000100008241000,MINBE,U,13.100,16.467
MATERIAL,000000000010000824,0001000255,MARC,0000000000100008241000,MABST,U,17.700,19.962
MATERIAL,000000000010000826,0001000256,MARC,0000000000100008264000,MINBE,U,110.000,115.699
MATERIAL,000000000010000826,0001000256,MARC,0000000000100008264000,MABST,U,216.100,333.039
MATERIAL,000000000010000829,0001000257,MARC,0000000000100008291000,MINBE,U,6.500,6.970
MATERIAL,000000000010000829,0001000257,MARC,0000000000100008291000,MABST,U,12.000,19.951
MATERIAL,000000000010000830,0001000258,MARC,0000000000100008302000,MINBE,U,6.000,9.120
MATERIAL,000000000010000830,0001000258,MARC,0000000000100008302000,MABST,U,7.600,9.120
MATERIAL,000000000010000832,0001000259,MARC,0000000000100008324000,MINBE,U,0.800,0.521
MATERIAL,000000000010000832,0001000259,MARC,0000000000100008324000,MABST,U,1.600,2.263
MATERIAL,000000000010000833,0001000260,MARC,0000000000100008333000,MINBE,U,195.500,148.712
MATERIAL,000000000010000833,0001000260,MARC,0000000000100008333000,MABST,U,301.200,398.040
MATERIAL,000000000010000835,0001000261,MARC,0000000000100008352000,MINBE,U,4.300,4.855
MATERIAL,000000000010000835,0001000261,MARC,0000000000100008352000,MABST,U,5.500,8.000
MATERIAL,000000000010000838,0001000262,MARC,0000000000100008382000,MINBE,U,12.700,16.235
MATERIAL,000000000010000838,0001000262,MARC,0000000000100008382000,MABST,U,15.700,16.235
MATERIAL,000000000010000840,0001000263,MARC,0000000000100008404000,MINBE,U,2.800,2.023
MATERIAL,000000000010000840,0001000263,MARC,0000000000100008404000,MABST,U,6.500,7.164
MATERIAL,000000000030000193,0001000264,MARC,0000000000300001931000,MINBE,U,2.000,0.000
MATERIAL,000000000030000193,0001000264,MARC,0000000000300001931000,MABST,U,4.000,0.000
MATERIAL,000000000010000845,0001000265,MARC,0000000000100008452000,MINBE,U,4.400,1.870
MATERIAL,000000000010000845,0001000265,MARC,0000000000100008452000,MABST,U,9.400,11.059
MATERIAL,000000000010000851,0001000266,MARC,0000000000100008513000,MINBE,U,6.700,3.082
MATERIAL,000000000010000851,0001000266,MARC,0000000000100008513000,MABST,U,11.400,18.962
MATERIAL,000000000010000854,0001000267,MARC,0000000000100008544000,MINBE,U,130.400,141.524
MATERIAL,000000000010000854,0001000267,MARC,0000000000100008544000,MABST,U,221.200,390.227
MATERIAL,000000000010000855,0001000268,MARC,0000000000100008554000,MINBE,U,3.400,1.894
MATERIAL,000000000010000855,0001000268,MARC,0000000000100008554000,MABST,U,6.900,12.079
MATERIAL,000000000010000859,0001000269,MARC,0000000000100008592000,MINBE,U,15.000,14.838
MATERIAL,000000000010000859,0001000269,MARC,0000000000100008592000,MABST,U,19.400,15.985
MATERIAL,000000000030000196,0001000270,MARC,0000000000300001963000,MINBE,U,5.800,0.000
MATERIAL,000000000030000196,0001000270,MARC,0000000000300001963000,MABST,U,8.800,0.000
MATERIAL,000000000010000867,0001000271,MARC,0000000000100008674000,MINBE,U,1.800,1.791
MATERIAL,000000000010000867,0001000271,MARC,0000000000100008674000,MABST,U,2.500,2.506
MATERIAL,000000000010000868,0001000272,MARC,0000000000100008684000,MINBE,U,7.600,5.279
MATERIAL,000000000010000868,0001000272,MARC,0000000000100008684000,MABST,U,11.000,14.394
MATERIAL,000000000080000200,0001000273,MARC,0000000000800002001000,MINBE,U,4.800,3.085
MATERIAL,000000000080000200,0001000273,MARC,0000000000800002001000,MABST,U,11.200,16.824
MATERIAL,000000000010000873,0001000274,MARC,0000000000100008731000,MINBE,U,11.700,9.010
MATERIAL,000000000010000873,0001000274,MARC,0000000000100008731000,MABST,U,15.600,11.435
MATERIAL,000000000030000199,0001000275,MARC,0000000000300001993000,MINBE,U,6.900,0.000
MATERIAL,000000000030000199,0001000275,MARC,0000000000300001993000,MABST,U,15.000,0.000
MATERIAL,000000000010000875,0001000276,MARC,0000000000100008752000,MINBE,U,7.000,4.350
MATERIAL,000000000010000875,0001000276,MARC,0000000000100008752000,MABST,U,12.400,20.504
MATERIAL,000000000010000879,0001000277,MARC,0000000000100008792000,MINBE,U,1.600,2.592
MATERIAL,000000000010000879,0001000277,MARC,0000000000100008792000,MABST,U,2.400,3.863
MATERIAL,000000000010000881,0001000278,MARC,0000000000100008812000,MINBE,U,1.400,1.009
MATERIAL,000000000010000881,0001000278,MARC,0000000000100008812000,MABST,U,3.100,2.550
MATERIAL,000000000010000882,0001000279,MARC,0000000000100008822000,MINBE,U,54.600,96.012
MATERIAL,000000000010000882,0001000279,MARC,0000000000100008822000,MABST,U,133.500,187.427
MATERIAL,000000000080000204,0001000280,MARC,0000000000800002044000,MINBE,U,14.900,22.945
MATERIAL,000000000080000204,0001000280,MARC,0000000000800002044000,MABST,U,19.000,23.849
MATERIAL,000000000010000887,0001000281,MARC,0000000000100008873000,MINBE,U,14.400,24.444
MATERIAL,000000000010000887,0001000281,MARC,0000000000100008873000,MABST,U,19.900,30.703
MATERIAL,000000000010000891,0001000282,MARC,0000000000100008912000,MINBE,U,1.400,1.154
MATERIAL,000000000010000891,0001000282,MARC,0000000000100008912000,MABST,U,2.100,3.408
MATERIAL,000000000010000892,0001000283,MARC,0000000000100008923000,MINBE,U,7.400,8.741
MATERIAL,000000000010000892,0001000283,MARC,0000000000100008923000,MABST,U,9.700,11.419
MATERIAL,000000000010000892,0001000284,MARC,0000000000100008921000,MINBE,U,11.700,19.379
MATERIAL,000000000010000892,0001000284,MARC,0000000000100008921000,MABST,U,15.600,26.085
MATERIAL,000000000010000893,0001000285,MARC,0000000000100008933000,MINBE,U,2.400,3.182
MATERIAL,000000000010000893,0001000285,MARC,0000000000100008933000,MABST,U,3.100,5.401
MATERIAL,000000000010000894,0001000286,MARC,0000000000100008941000,MINBE,U,1.300,1.125
MATERIAL,000000000010000894,0001000286,MARC,0000000000100008941000,MABST,U,3.300,3.893
MATERIAL,000000000080000205,0001000287,MARC,0000000000800002051000,MINBE,U,2.500,2.480
MATERIAL,000000000080000205,0001000287,MARC,0000000000800002051000,MABST,U,5.000,8.293
MATERIAL,000000000010000901,0001000288,MARC,0000000000100009014000,MINBE,U,5.700,3.998
MATERIAL,000000000010000901,0001000288,MARC,0000000000100009014000,MABST,U,10.700,12.409
MATERIAL,000000000030000205,0001000289,MARC,0000000000300002052000,MINBE,U,3.600,0.000
MATERIAL,000000000030000205,0001000289,MARC,0000000000300002052000,MABST,U,5.300,0.000
MATERIAL,000000000030000206,0001000290,MARC,0000000000300002063000,MINBE,U,7.600,0.000
MATERIAL,000000000030000206,0001000290,MARC,0000000000300002063000,MABST,U,12.000,0.000
MATERIAL,000000000010000904,0001000291,MARC,0000000000100009041000,MINBE,U,19.500,34.005
MATERIAL,000000000010000904,0001000291,MARC,0000000000100009041000,MABST,U,24.800,37.556
MATERIAL,000000000010000910,0001000292,MARC,0000000000100009103000,MINBE,U,3.700,6.393
MATERIAL,000000000010000910,0001000292,MARC,0000000000100009103000,MABST,U,4.600,8.020
MATERIAL,000000000010000910,0001000293,MARC,0000000000100009102000,MINBE,U,5.400,2.599
MATERIAL,000000000010000910,0001000293,MARC,0000000000100009102000,MABST,U,6.900,7.955
MATERIAL,000000000080000209,0001000294,MARC,0000000000800002093000,MINBE,U,2.000,2.490
MATERIAL,000000000080000209,0001000294,MARC,0000000000800002093000,MABST,U,5.500,6.005
MATERIAL,000000000010000914,0001000295,MARC,0000000000100009143000,MINBE,U,6.100,10.483
MATERIAL,000000000010000914,0001000295,MARC,0000000000100009143000,MABST,U,8.700,11.724
MATERIAL,000000000010000930,0001000296,MARC,0000000000100009301000,MINBE,U,7.100,7.188
MATERIAL,000000000010000930,0001000296,MARC,0000000000100009301000,MABST,U,9.000,15.518
MATERIAL,000000000010000933,0001000297,MARC,0000000000100009331000,MINBE,U,0.900,0.582
MATERIAL,000000000010000933,0001000297,MARC,0000000000100009331000,MABST,U,1.400,2.172
MATERIAL,000000000010000937,0001000298,MARC,0000000000100009372000,MINBE,U,2.400,2.439
MATERIAL,000000000010000937,0001000298,MARC,0000000000100009372000,MABST,U,5.900,9.878
MATERIAL,000000000080000212,0001000299,MARC,0000000000800002122000,MINBE,U,7.700,9.159
MATERIAL,000000000080000212,0001000299,MARC,0000000000800002122000,MABST,U,9.900,16.849
MATERIAL,000000000010000941,0001000300,MARC,0000000000100009411000,MINBE,U,35.600,50.609
MATERIAL,000000000010000941,0001000300,MARC,0000000000100009411000,MABST,U,99.800,139.822
MATERIAL,000000000010000947,0001000301,MARC,0000000000100009474000,MINBE,U,3.500,5.779
MATERIAL,000000000010000947,0001000301,MARC,0000000000100009474000,MABST,U,6.100,6.838
MATERIAL,000000000010000948,0001000302,MARC,0000000000100009484000,MINBE,U,2.900,3.101
MATERIAL,000000000010000948,0001000302,MARC,0000000000100009484000,MABST,U,6.500,5.200
MATERIAL,000000000010000951,0001000303,MARC,0000000000100009511000,MINBE,U,2.500,3.649
MATERIAL,000000000010000951,0001000303,MARC,0000000000100009511000,MABST,U,4.800,4.093
MATERIAL,000000000010000952,0001000304,MARC,0000000000100009524000,MINBE,U,15.700,6.411
MATERIAL,000000000010000952,0001000304,MARC,0000000000100009524000,MABST,U,22.700,18.807
MATERIAL,000000000080000214,0001000305,MARC,0000000000800002143000,MINBE,U,1.600,2.183
MATERIAL,000000000080000214,0001000305,MARC,0000000000800002143000,MABST,U,3.000,5.101
MATERIAL,000000000010000959,0001000306,MARC,0000000000100009594000,MINBE,U,51.100,67.772
MATERIAL,000000000010000959,0001000306,MARC,0000000000100009594000,MABST,U,141.200,165.927
MATERIAL,000000000030000222,0001000307,MARC,0000000000300002221000,MINBE,U,7.400,0.000
MATERIAL,000000000030000222,0001000307,MARC,0000000000300002221000,MABST,U,11.300,0.000
MATERIAL,000000000010000962,0001000308,MARC,0000000000100009621000,MINBE,U,29.500,27.428
MATERIAL,000000000010000962,0001000308,MARC,0000000000100009621000,MABST,U,83.400,135.199
MATERIAL,000000000010000963,0001000309,MARC,0000000000100009634000,MINBE,U,3.700,4.631
MATERIAL,000000000010000963,0001000309,MARC,0000000000100009634000,MABST,U,7.500,6.033
MATERIAL,000000000030000225,0001000310,MARC,0000000000300002254000,MINBE,U,9.300,0.000
MATERIAL,000000000030000225,0001000310,MARC,0000000000300002254000,MABST,U,14.100,0.000
MATERIAL,000000000010000968,0001000311,MARC,0000000000100009682000,MINBE,U,3.000,4.996
MATERIAL,000000000010000968,0001000311,MARC,0000000000100009682000,MABST,U,5.400,5.472
MATERIAL,000000000010000976,0001000312,MARC,0000000000100009761000,MINBE,U,4.200,6.044
MATERIAL,000000000010000976,0001000312,MARC,0000000000100009761000,MABST,U,6.000,9.485
MATERIAL,000000000010000979,0001000313,MARC,0000000000100009792000,MINBE,U,11.700,9.659
MATERIAL,000000000010000979,0001000313,MARC,0000000000100009792000,MABST,U,16.100,20.248
MATERIAL,000000000030000236,0001000314,MARC,0000000000300002362000,MINBE,U,10.700,0.000
MATERIAL,000000000030000236,0001000314,MARC,0000000000300002362000,MABST,U,17.100,0.000
MATERIAL,000000000030000237,0001000315,MARC,0000000000300002372000,MINBE,U,15.800,0.000
MATERIAL,000000000030000237,0001000315,MARC,0000000000300002372000,MABST,U,20.200,0.000
MATERIAL,000000000010000996,0001000316,MARC,0000000000100009964000,MINBE,U,1.200,1.380
MATERIAL,000000000010000996,0001000316,MARC,0000000000100009964000,MABST,U,2.700,3.483
MATERIAL,000000000010000997,0001000317,MARC,0000000000100009972000,MINBE,U,3.600,3.878
MATERIAL,000000000010000997,0001000317,MARC,0000000000100009972000,MABST,U,6.600,5.242
MATERIAL,000000000010000998,0001000318,MARC,0000000000100009982000,MINBE,U,34.200,37.611
MATERIAL,000000000010000998,0001000318,MARC,0000000000100009982000,MABST,U,99.300,141.246
MATERIAL,000000000010001000,0001000319,MARC,0000000000100010004000,MINBE,U,11.700,16.943
MATERIAL,000000000010001000,0001000319,MARC,0000000000100010004000,MABST,U,47.200,33.984
MATERIAL,000000000010001001,0001000320,MARC,0000000000100010011000,MINBE,U,11.100,15.366
MATERIAL,000000000010001001,0001000320,MARC,0000000000100010011000,MABST,U,57.600,65.467
MATERIAL,000000000010001002,0001000321,MARC,0000000000100010024000,MINBE,U,10.000,14.809
MATERIAL,000000000010001002,0001000321,MARC,0000000000100010024000,MABST,U,17.600,15.697
MATERIAL,000000000010001005,0001000322,MARC,0000000000100010052000,MINBE,U,9.400,14.063
MATERIAL,000000000010001005,0001000322,MARC,0000000000100010052000,MABST,U,12.200,16.528
MATERIAL,000000000010001006,0001000323,MARC,0000000000100010061000,MINBE,U,117.000,136.574
MATERIAL,000000000010001006,0001000323,MARC,0000000000100010061000,MABST,U,180.600,152.635
MATERIAL,000000000010001009,0001000324,MARC,0000000000100010091000,MINBE,U,74.300,112.491
MATERIAL,000000000010001009,0001000324,MARC,0000000000100010091000,MABST,U,176.900,137.200
MATERIAL,000000000010001010,0001000325,MARC,0000000000100010104000,MINBE,U,201.900,348.388
MATERIAL,000000000010001010,0001000325,MARC,0000000000100010104000,MABST,U,308.600,384.176
MATERIAL,000000000010001014,0001000326,MARC,0000000000100010142000,MINBE,U,6.400,6.654
MATERIAL,000000000010001014,0001000326,MARC,0000000000100010142000,MABST,U,9.500,11.465
MATERIAL,000000000010001022,0001000327,MARC,0000000000100010222000,MINBE,U,0.900,0.566
MATERIAL,000000000010001022,0001000327,MARC,0000000000100010222000,MABST,U,2.800,3.460
MATERIAL,000000000010001023,0001000328,MARC,0000000000100010233000,MINBE,U,8.300,7.714
MATERIAL,000000000010001023,0001000328,MARC,0000000000100010233000,MABST,U,15.200,12.298
MATERIAL,000000000010001026,0001000329,MARC,0000000000100010261000,MINBE,U,5.000,3.706
MATERIAL,000000000010001026,0001000329,MARC,0000000000100010261000,MABST,U,6.800,6.000
MATERIAL,000000000010001027,0001000330,MARC,0000000000100010274000,MINBE,U,15.500,12.317
MATERIAL,000000000010001027,0001000330,MARC,0000000000100010274000,MABST,U,21.600,34.781
MATERIAL,000000000010001028,0001000331,MARC,0000000000100010281000,MINBE,U,7.000,6.130
MATERIAL,000000000010001028,0001000331,MARC,0000000000100010281000,MABST,U,9.400,13.262
MATERIAL,000000000010001031,0001000332,MARC,0000000000100010311000,MINBE,U,13.800,5.790
MATERIAL,000000000010001031,0001000332,MARC,0000000000100010311000,MABST,U,19.800,21.662
MATERIAL,000000000010001033,0001000333,MARC,0000000000100010331000,MINBE,U,57.900,82.276
MATERIAL,000000000010001033,0001000333,MARC,0000000000100010331000,MABST,U,106.900,150.992
MATERIAL,000000000010001033,0001000334,MARC,0000000000100010332000,MINBE,U,103.900,80.389
MATERIAL,000000000010001033,0001000334,MARC,0000000000100010332000,MABST,U,191.500,164.732
MATERIAL,000000000010001036,0001000335,MARC,0000000000100010364000,MINBE,U,5.800,5.000
MATERIAL,000000000010001036,0001000335,MARC,0000000000100010364000,MABST,U,8.200,9.980
MATERIAL,000000000010001040,0001000336,MARC,0000000000100010401000,MINBE,U,5.000,8.618
MATERIAL,000000000010001040,0001000336,MARC,0000000000100010401000,MABST,U,6.400,8.618
MATERIAL,000000000080000227,0001000337,MARC,0000000000800002273000,MINBE,U,1.300,0.572
MATERIAL,000000000080000227,0001000337,MARC,0000000000800002273000,MABST,U,3.800,3.373
MATERIAL,000000000010001045,0001000338,MARC,0000000000100010453000,MINBE,U,0.400,0.500
MATERIAL,000000000010001045,0001000338,MARC,0000000000100010453000,MABST,U,0.900,0.897
MATERIAL,000000000010001050,0001000339,MARC,0000000000100010501000,MINBE,U,11.000,14.978
MATERIAL,000000000010001050,0001000339,MARC,0000000000100010501000,MABST,U,17.000,14.978
MATERIAL,000000000080000231,0001000340,MARC,0000000000800002311000,MINBE,U,2.000,0.839
MATERIAL,000000000080000231,0001000340,MARC,0000000000800002311000,MABST,U,3.400,3.335
MATERIAL,000000000010001061,0001000341,MARC,0000000000100010612000,MINBE,U,14.100,14.803
MATERIAL,000000000010001061,0001000341,MARC,0000000000100010612000,MABST,U,49.500,72.806
MATERIAL,000000000010001065,0001000342,MARC,0000000000100010654000,MINBE,U,1.800,3.110
MATERIAL,000000000010001065,0001000342,MARC,0000000000100010654000,MABST,U,4.200,6.468
MATERIAL,000000000010001074,0001000343,MARC,0000000000100010743000,MINBE,U,14.900,7.362
MATERIAL,000000000010001074,0001000343,MARC,0000000000100010743000,MABST,U,19.800,23.468
MATERIAL,000000000080000234,0001000344,MARC,0000000000800002344000,MINBE,U,2.700,4.772
MATERIAL,000000000080000234,0001000344,MARC,0000000000800002344000,MABST,U,6.100,9.383
MATERIAL,000000000010001081,0001000345,MARC,0000000000100010811000,MINBE,U,11.100,9.758
MATERIAL,000000000010001081,0001000345,MARC,0000000000100010811000,MABST,U,14.500,18.645
MATERIAL,000000000010001084,0001000346,MARC,0000000000100010841000,MINBE,U,54.400,41.280
MATERIAL,000000000010001084,0001000346,MARC,0000000000100010841000,MABST,U,111.300,149.281
MATERIAL,000000000010001087,0001000347,MARC,0000000000100010873000,MINBE,U,5.200,4.357
MATERIAL,000000000010001087,0001000347,MARC,0000000000100010873000,MABST,U,6.500,10.322
MATERIAL,000000000010001087,0001000348,MARC,0000000000100010874000,MINBE,U,6.300,5.132
MATERIAL,000000000010001087,0001000348,MARC,0000000000100010874000,MABST,U,8.100,8.010
MATERIAL,000000000010001091,0001000349,MARC,0000000000100010913000,MINBE,U,10.800,10.433
MATERIAL,000000000010001091,0001000349,MARC,0000000000100010913000,MABST,U,72.400,107.794
MATERIAL,000000000010001092,0001000350,MARC,0000000000100010921000,MINBE,U,5.500,3.843
MATERIAL,000000000010001092,0001000350,MARC,0000000000100010921000,MABST,U,11.500,9.845
MATERIAL,000000000010001096,0001000351,MARC,0000000000100010963000,MINBE,U,4.300,6.895
MATERIAL,000000000010001096,0001000351,MARC,0000000000100010963000,MABST,U,7.400,10.770
MATERIAL,000000000010001098,0001000352,MARC,0000000000100010982000,MINBE,U,4.400,2.890
MATERIAL,000000000010001098,0001000352,MARC,0000000000100010982000,MABST,U,8.900,10.988
MATERIAL,000000000010001099,0001000353,MARC,0000000000100010993000,MINBE,U,5.900,9.421
MATERIAL,000000000010001099,0001000353,MARC,0000000000100010993000,MABST,U,7.700,12.758
MATERIAL,000000000080000241,0001000354,MARC,0000000000800002411000,MINBE,U,13.600,13.624
MATERIAL,000000000080000241,0001000354,MARC,0000000000800002411000,MABST,U,19.500,13.897
MATERIAL,000000000010001107,0001000355,MARC,0000000000100011073000,MINBE,U,4.600,3.411
MATERIAL,000000000010001107,0001000355,MARC,0000000000100011073000,MABST,U,6.200,7.394
MATERIAL,000000000010001108,0001000356,MARC,0000000000100011082000,MINBE,U,17.400,15.069
MATERIAL,000000000010001108,0001000356,MARC,0000000000100011082000,MABST,U,22.500,17.891
MATERIAL,000000000010001113,0001000357,MARC,0000000000100011132000,MINBE,U,8.900,12.901
MATERIAL,000000000010001113,0001000357,MARC,0000000000100011132000,MABST,U,77.500,92.113
MATERIAL,000000000010001114,0001000358,MARC,0000000000100011143000,MINBE,U,57.700,85.930
MATERIAL,000000000010001114,0001000358,MARC,0000000000100011143000,MABST,U,153.800,158.332
MATERIAL,000000000010001116,0001000359,MARC,0000000000100011162000,MINBE,U,7.600,9.672
MATERIAL,000000000010001116,0001000359,MARC,0000000000100011162000,MABST,U,14.300,10.162
MATERIAL,000000000010001119,0001000360,MARC,0000000000100011191000,MINBE,U,1.700,1.149
MATERIAL,000000000010001119,0001000360,MARC,0000000000100011191000,MABST,U,5.500,8.152
MATERIAL,000000000010001121,0001000361,MARC,0000000000100011213000,MINBE,U,0.900,1.376
MATERIAL,000000000010001121,0001000361,MARC,0000000000100011213000,MABST,U,1.600,1.891
MATERIAL,000000000010001123,0001000362,MARC,0000000000100011232000,MINBE,U,2.000,1.285
MATERIAL,000000000010001123,0001000362,MARC,0000000000100011232000,MABST,U,3.200,4.326
MATERIAL,000000000010001134,0001000363,MARC,0000000000100011343000,MINBE,U,13.600,13.877
MATERIAL,000000000010001134,0001000363,MARC,0000000000100011343000,MABST,U,120.000,124.190
MATERIAL,000000000010001139,0001000364,MARC,0000000000100011391000,MINBE,U,2.700,3.231
MATERIAL,000000000010001139,0001000364,MARC,0000000000100011391000,MABST,U,5.300,6.690
MATERIAL,000000000010001140,0001000365,MARC,0000000000100011401000,MINBE,U,75.200,58.703
MATERIAL,000000000010001140,0001000365,MARC,0000000000100011401000,MABST,U,145.600,147.995
MATERIAL,000000000010001146,0001000366,MARC,0000000000100011464000,MINBE,U,7.500,11.744
MATERIAL,000000000010001146,0001000366,MARC,0000000000100011464000,MABST,U,12.500,21.838
MATERIAL,000000000010001146,0001000367,MARC,0000000000100011461000,MINBE,U,6.500,5.056
MATERIAL,000000000010001146,0001000367,MARC,0000000000100011461000,MABST,U,11.400,16.875
MATERIAL,000000000080000242,0001000368,MARC,0000000000800002422000,MINBE,U,0.800,0.972
MATERIAL,000000000080000242,0001000368,MARC,0000000000800002422000,MABST,U,2.300,3.922
MATERIAL,000000000010001156,0001000369,MARC,0000000000100011563000,MINBE,U,6.900,7.970
MATERIAL,000000000010001156,0001000369,MARC,0000000000100011563000,MABST,U,9.200,13.556
MATERIAL,000000000010001160,0001000370,MARC,0000000000100011604000,MINBE,U,5.000,7.078
MATERIAL,000000000010001160,0001000370,MARC,0000000000100011604000,MABST,U,9.600,7.078
MATERIAL,000000000010001164,0001000371,MARC,0000000000100011641000,MINBE,U,5.600,8.023
MATERIAL,000000000010001164,0001000371,MARC,0000000000100011641000,MABST,U,12.000,15.427
MATERIAL,000000000010001169,0001000372,MARC,0000000000100011691000,MINBE,U,4.000,3.382
MATERIAL,000000000010001169,0001000372,MARC,0000000000100011691000,MABST,U,5.600,5.648
MATERIAL,000000000010001170,0001000373,MARC,0000000000100011704000,MINBE,U,9.700,6.209
MATERIAL,000000000010001170,0001000373,MARC,0000000000100011704000,MABST,U,13.200,17.572
MATERIAL,000000000010001176,0001000374,MARC,0000000000100011764000,MINBE,U,0.800,0.775
MATERIAL,000000000010001176,0001000374,MARC,0000000000100011764000,MABST,U,1.100,0.813
MATERIAL,000000000010001177,0001000375,MARC,0000000000100011772000,MINBE,U,3.600,1.939
MATERIAL,000000000010001177,0001000375,MARC,0000000000100011772000,MABST,U,11.200,17.794
MATERIAL,000000000010001182,0001000376,MARC,0000000000100011823000,MINBE,U,10.300,6.978
MATERIAL,000000000010001182,0001000376,MARC,0000000000100011823000,MABST,U,44.700,74.432
MATERIAL,000000000010001186,0001000377,MARC,0000000000100011863000,MINBE,U,8.400,8.702
MATERIAL,000000000010001186,0001000377,MARC,0000000000100011863000,MABST,U,15.200,11.832
MATERIAL,000000000010001193,0001000378,MARC,0000000000100011934000,MINBE,U,23.800,11.471
MATERIAL,000000000010001193,0001000378,MARC,0000000000100011934000,MABST,U,106.700,169.130
MATERIAL,000000000010001195,0001000379,MARC,0000000000100011952000,MINBE,U,13.900,21.288
MATERIAL,000000000010001195,0001000379,MARC,0000000000100011952000,MABST,U,18.000,21.288
MATERIAL,000000000010001198,0001000380,MARC,0000000000100011981000,MINBE,U,9.100,14.047
MATERIAL,000000000010001198,0001000380,MARC,0000000000100011981000,MABST,U,12.100,19.602
MATERIAL,000000000080000250,0001000381,MARC,0000000000800002502000,MINBE,U,4.400,3.137
MATERIAL,000000000080000250,0001000381,MARC,0000000000800002502000,MABST,U,7.700,11.539
MATERIAL,000000000010001204,0001000382,MARC,0000000000100012044000,MINBE,U,1.100,0.649
MATERIAL,000000000010001204,0001000382,MARC,0000000000100012044000,MABST,U,1.900,1.652
MATERIAL,000000000010001206,0001000383,MARC,0000000000100012063000,MINBE,U,4.700,6.828
MATERIAL,000000000010001206,0001000383,MARC,0000000000100012063000,MABST,U,9.700,17.000
MATERIAL,000000000010001210,0001000384,MARC,0000000000100012104000,MINBE,U,160.100,218.447
MATERIAL,000000000010001210,0001000384,MARC,0000000000100012104000,MABST,U,258.000,218.447
MATERIAL,000000000010001214,0001000385,MARC,0000000000100012143000,MINBE,U,15.500,23.476
MATERIAL,000000000010001214,0001000385,MARC,0000000000100012143000,MABST,U,20.400,23.476
MATERIAL,000000000010001217,0001000386,MARC,0000000000100012171000,MINBE,U,2.000,1.751
MATERIAL,000000000010001217,0001000386,MARC,0000000000100012171000,MABST,U,3.200,2.704
MATERIAL,000000000010001221,0001000387,MARC,0000000000100012213000,MINBE,U,1.700,2.495
MATERIAL,000000000010001221,0001000387,MARC,0000000000100012213000,MABST,U,3.000,2.817
MATERIAL,000000000030000296,0001000388,MARC,0000000000300002963000,MINBE,U,5.500,0.000
MATERIAL,000000000030000296,0001000388,MARC,0000000000300002963000,MABST,U,8.500,0.000
MATERIAL,000000000010001230,0001000389,MARC,0000000000100012303000,MINBE,U,5.600,9.359
MATERIAL,000000000010001230,0001000389,MARC,0000000000100012303000,MABST,U,9.600,9.401
MATERIAL,000000000030000297,0001000390,MARC,0000000000300002973000,MINBE,U,8.200,0.000
MATERIAL,000000000030000297,0001000390,MARC,0000000000300002973000,MABST,U,12.600,0.000
MATERIAL,000000000010001233,0001000391,MARC,0000000000100012332000,MINBE,U,5.900,3.442
MATERIAL,000000000010001233,0001000391,MARC,0000000000100012332000,MABST,U,10.300,12.386
MATERIAL,000000000010001233,0001000392,MARC,0000000000100012333000,MINBE,U,7.400,7.092
MATERIAL,000000000010001233,0001000392,MARC,0000000000100012333000,MABST,U,13.400,16.854
MATERIAL,000000000010001235,0001000393,MARC,0000000000100012352000,MINBE,U,8.400,12.891
MATERIAL,000000000010001235,0001000393,MARC,0000000000100012352000,MABST,U,10.700,19.037
MATERIAL,000000000010001236,0001000394,MARC,0000000000100012362000,MINBE,U,11.900,8.184
MATERIAL,000000000010001236,0001000394,MARC,0000000000100012362000,MABST,U,54.900,72.797
MATERIAL,000000000010001240,0001000395,MARC,0000000000100012402000,MINBE,U,1.500,1.628
MATERIAL,000000000010001240,0001000395,MARC,0000000000100012402000,MABST,U,2.800,3.064
MATERIAL,000000000010001245,0001000396,MARC,0000000000100012451000,MINBE,U,30.300,45.566
MATERIAL,000000000010001245,0001000396,MARC,0000000000100012451000,MABST,U,110.200,135.860
MATERIAL,000000000080000258,0001000397,MARC,0000000000800002584000,MINBE,U,3.600,1.786
MATERIAL,000000000080000258,0001000397,MARC,0000000000800002584000,MABST,U,8.200,8.711
MATERIAL,000000000010001251,0001000398,MARC,0000000000100012512000,MINBE,U,2.700,2.740
MATERIAL,000000000010001251,0001000398,MARC,0000000000100012512000,MABST,U,5.700,6.463
MATERIAL,000000000010001255,0001000399,MARC,0000000000100012553000,MINBE,U,2.400,3.121
MATERIAL,000000000010001255,0001000399,MARC,0000000000100012553000,MABST,U,7.900,7.437
MATERIAL,000000000010001259,0001000400,MARC,0000000000100012591000,MINBE,U,4.200,1.834
MATERIAL,000000000010001259,0001000400,MARC,0000000000100012591000,MABST,U,5.700,4.965
MATERIAL,000000000010001261,0001000401,MARC,0000000000100012613000,MINBE,U,11.700,12.804
MATERIAL,000000000010001261,0001000401,MARC,0000000000100012613000,MABST,U,14.900,22.560
MATERIAL,000000000010001266,0001000402,MARC,0000000000100012661000,MINBE,U,0.800,1.174
MATERIAL,000000000010001266,0001000402,MARC,0000000000100012661000,MABST,U,1.700,1.812
MATERIAL,000000000010001268,0001000403,MARC,0000000000100012684000,MINBE,U,13.100,18.216
MATERIAL,000000000010001268,0001000403,MARC,0000000000100012684000,MABST,U,74.300,73.182
MATERIAL,000000000080000262,0001000404,MARC,0000000000800002622000,MINBE,U,4.100,2.236
MATERIAL,000000000080000262,0001000404,MARC,0000000000800002622000,MABST,U,6.600,8.537
MATERIAL,000000000010001270,0001000405,MARC,0000000000100012704000,MINBE,U,6.100,9.975
MATERIAL,000000000010001270,0001000405,MARC,0000000000100012704000,MABST,U,10.500,18.595
MATERIAL,000000000010001272,0001000406,MARC,0000000000100012721000,MINBE,U,5.000,2.318
MATERIAL,000000000010001272,0001000406,MARC,0000000000100012721000,MABST,U,9.200,14.117
MATERIAL,000000000010001273,0001000407,MARC,0000000000100012731000,MINBE,U,56.800,41.595
MATERIAL,000000000010001273,0001000407,MARC,0000000000100012731000,MABST,U,139.800,119.076
MATERIAL,000000000010001275,0001000408,MARC,0000000000100012751000,MINBE,U,8.500,9.435
MATERIAL,000000000010001275,0001000408,MARC,0000000000100012751000,MABST,U,11.100,18.519
MATERIAL,000000000080000263,0001000409,MARC,0000000000800002633000,MINBE,U,17.400,21.811
MATERIAL,000000000080000263,0001000409,MARC,0000000000800002633000,MABST,U,23.000,21.811
MATERIAL,000000000010001283,0001000410,MARC,0000000000100012833000,MINBE,U,26.300,25.399
MATERIAL,000000000010001283,0001000410,MARC,0000000000100012833000,MABST,U,95.000,124.179
MATERIAL,000000000010001286,0001000411,MARC,0000000000100012862000,MINBE,U,5.100,5.124
MATERIAL,000000000010001286,0001000411,MARC,0000000000100012862000,MABST,U,12.500,10.984
MATERIAL,000000000010001287,0001000412,MARC,0000000000100012872000,MINBE,U,14.000,7.528
MATERIAL,000000000010001287,0001000412,MARC,0000000000100012872000,MABST,U,18.200,24.568
MATERIAL,000000000010001288,0001000413,MARC,0000000000100012883000,MINBE,U,7.700,8.398
MATERIAL,000000000010001288,0001000413,MARC,0000000000100012883000,MABST,U,10.700,8.398
MATERIAL,000000000010001300,0001000414,MARC,0000000000100013004000,MINBE,U,11.200,17.192
MATERIAL,000000000010001300,0001000414,MARC,0000000000100013004000,MABST,U,14.200,23.260
MATERIAL,000000000010001301,0001000415,MARC,0000000000100013011000,MINBE,U,4.600,2.605
MATERIAL,000000000010001301,0001000415,MARC,0000000000100013011000,MABST,U,8.300,7.850
MATERIAL,000000000010001303,0001000416,MARC,0000000000100013034000,MINBE,U,153.700,190.757
MATERIAL,000000000010001303,0001000416,MARC,0000000000100013034000,MABST,U,236.200,199.092
MATERIAL,000000000030000310,0001000417,MARC,0000000000300003103000,MINBE,U,21.400,0.000
MATERIAL,000000000030000310,0001000417,MARC,0000000000300003103000,MABST,U,28.300,0.000
MATERIAL,000000000010001308,0001000418,MARC,0000000000100013082000,MINBE,U,89.800,42.460
MATERIAL,000000000010001308,0001000418,MARC,0000000000100013082000,MABST,U,199.900,230.197
MATERIAL,000000000080000267,0001000419,MARC,0000000000800002674000,MINBE,U,6.100,3.668
MATERIAL,000000000080000267,0001000419,MARC,0000000000800002674000,MABST,U,7.800,7.099
MATERIAL,000000000010001318,0001000420,MARC,0000000000100013182000,MINBE,U,13.400,22.930
MATERIAL,000000000010001318,0001000420,MARC,0000000000100013182000,MABST,U,17.900,22.930
MATERIAL,000000000010001319,0001000421,MARC,0000000000100013194000,MINBE,U,2.000,1.305
MATERIAL,000000000010001319,0001000421,MARC,0000000000100013194000,MABST,U,3.600,3.675
MATERIAL,000000000010001319,0001000422,MARC,0000000000100013191000,MINBE,U,4.000,6.947
MATERIAL,000000000010001319,0001000422,MARC,0000000000100013191000,MABST,U,6.800,6.947
MATERIAL,000000000010001321,0001000423,MARC,0000000000100013211000,MINBE,U,3.700,4.798
MATERIAL,000000000010001321,0001000423,MARC,0000000000100013211000,MABST,U,8.000,13.290
MATERIAL,000000000010001321,0001000424,MARC,0000000000100013212000,MINBE,U,1.800,2.861
MATERIAL,000000000010001321,0001000424,MARC,0000000000100013212000,MABST,U,3.900,3.554
MATERIAL,000000000010001327,0001000425,MARC,0000000000100013272000,MINBE,U,8.500,4.160
MATERIAL,000000000010001327,0001000425,MARC,0000000000100013272000,MABST,U,11.600,20.554
