Infnr,Ekorg,Esokz,Werks,Loekz,Waers,Aplfz,Netpr,Peinh,Effpr
5300000000,Z100,0,3000,false,ZAR,125.000,242789.42,1.000,250073.10
5300000001,Z100,0,1000,false,ZAR,23.000,60561.87,1.000,62378.73
5300000002,Z100,0,1000,false,ZAR,34.000,55011.74,1.000,56662.09
5300000003,Z100,0,3000,false,ZAR,44.000,11965.72,1.000,12324.69
5300000004,Z100,0,4000,false,ZAR,60.000,561425.72,1.000,578268.49
5300000005,Z100,0,2000,false,ZAR,38.000,92105.00,1.000,94868.15
5300000006,Z100,0,4000,false,ZAR,37.000,46726.69,1.000,48128.49
5300000007,Z100,0,2000,false,ZAR,55.000,479666.48,1.000,494056.47
5300000008,Z100,0,2000,false,ZAR,48.000,161899.09,1.000,166756.06
5300000009,Z100,0,3000,false,ZAR,101.000,411757.15,1.000,424109.86
5300000010,Z100,0,4000,false,ZAR,23.000,120662.58,1.000,124282.46
5300000011,Z100,0,3000,false,ZAR,97.000,185819.41,1.000,191393.99
5300000012,Z100,0,4000,false,ZAR,51.000,27971.07,1.000,28810.20
5300000013,Z100,0,1000,false,ZAR,57.000,176353.77,1.000,181644.38
5300000014,Z100,0,3000,false,ZAR,22.000,88704.42,1.000,91365.55
5300000015,Z100,0,1000,false,ZAR,27.000,46062.57,1.000,47444.45
5300000016,Z100,0,1000,false,ZAR,21.000,172889.89,1.000,178076.59
5300000017,Z100,0,3000,false,ZAR,25.000,6369.65,1.000,6560.74
5300000018,Z100,0,1000,false,ZAR,132.000,338088.83,1.000,348231.49
5300000019,Z100,0,2000,false,ZAR,8.000,61638.18,1.000,63487.33
5300000020,Z100,0,2000,false,ZAR,68.000,16669.65,1.000,17169.74
5300000021,Z100,0,1000,false,ZAR,39.000,136703.62,1.000,140804.73
5300000022,Z100,0,4000,false,ZAR,17.000,67049.35,1.000,69060.83
5300000023,Z100,0,2000,false,ZAR,19.000,21925.50,1.000,22583.26
5300000024,Z100,0,4000,false,ZAR,99.000,201836.15,1.000,207891.23
5300000025,Z100,0,1000,false,ZAR,29.000,150951.38,1.000,155479.92
5300000026,Z100,0,2000,false,ZAR,72.000,380748.93,1.000,392171.40
5300000027,Z100,0,1000,false,ZAR,56.000,415935.06,1.000,428413.11
5300000028,Z100,0,2000,false,ZAR,113.000,15010.93,1.000,15461.26
5300000029,Z100,0,4000,false,ZAR,117.000,147405.16,1.000,151827.31
5300000030,Z100,0,1000,false,ZAR,51.000,116318.84,1.000,119808.41
5300000031,Z100,0,3000,false,ZAR,38.000,15841.76,1.000,16317.01
5300000032,Z100,0,3000,false,ZAR,30.000,63690.04,1.000,65600.74
5300000033,Z100,0,1000,false,ZAR,44.000,264340.79,1.000,272271.01
5300000034,Z100,0,3000,false,ZAR,193.000,124851.15,1.000,128596.68
5300000035,Z100,0,4000,false,ZAR,8.000,108020.58,1.000,111261.20
5300000036,Z100,0,1000,false,ZAR,57.000,164352.21,1.000,169282.78
5300000037,Z100,0,4000,false,ZAR,19.000,26201.97,1.000,26988.03
5300000038,Z100,0,4000,false,ZAR,84.000,117319.10,1.000,120838.67
5300000039,Z100,0,4000,false,ZAR,30.000,3301.30,1.000,3400.34
5300000040,Z100,0,1000,false,ZAR,55.000,83199.80,1.000,85695.79
5300000041,Z100,0,1000,false,ZAR,111.000,44626.26,1.000,45965.05
5300000042,Z100,0,1000,false,ZAR,57.000,53568.87,1.000,55175.94
5300000043,Z100,0,4000,false,ZAR,89.000,13896.19,1.000,14313.08
5300000044,Z100,0,1000,false,ZAR,127.000,692506.28,1.000,713281.47
5300000045,Z100,0,2000,false,ZAR,32.000,140528.58,1.000,144744.44
5300000046,Z100,0,1000,false,ZAR,23.000,46468.66,1.000,47862.72
5300000047,Z100,0,2000,false,ZAR,35.000,516069.15,1.000,531551.22
5300000048,Z100,0,4000,false,ZAR,83.000,93703.22,1.000,96514.32
5300000049,Z100,0,4000,false,ZAR,126.000,190592.37,1.000,196310.14
5300000050,Z100,0,4000,false,ZAR,28.000,177437.98,1.000,182761.12
5300000051,Z100,0,3000,false,ZAR,32.000,34803.71,1.000,35847.82
5300000052,Z100,0,4000,false,ZAR,23.000,60269.79,1.000,62077.88
5300000053,Z100,0,3000,false,ZAR,48.000,167738.57,1.000,172770.73
5300000054,Z100,0,4000,false,ZAR,36.000,8418.74,1.000,8671.30
5300000055,Z100,0,2000,false,ZAR,49.000,2994.36,1.000,3084.19
5300000056,Z100,0,3000,false,ZAR,17.000,179895.35,1.000,185292.21
5300000057,Z100,0,1000,false,ZAR,135.000,59980.60,1.000,61780.02
5300000058,Z100,0,1000,false,ZAR,23.000,338211.75,1.000,348358.10
5300000059,Z100,0,4000,false,ZAR,42.000,18418.49,1.000,18971.04
5300000060,Z100,0,1000,false,ZAR,28.000,185011.42,1.000,190561.76
5300000061,Z100,0,1000,false,ZAR,120.000,90881.76,1.000,93608.21
5300000062,Z100,0,4000,false,ZAR,38.000,35667.47,1.000,36737.49
5300000063,Z100,0,4000,false,ZAR,28.000,66874.61,1.000,68880.85
5300000064,Z100,0,4000,false,ZAR,16.000,498.91,1.000,513.88
5300000065,Z100,0,1000,false,ZAR,105.000,81217.14,1.000,83653.65
5300000066,Z100,0,1000,false,ZAR,122.000,164519.34,1.000,169454.92
5300000067,Z100,0,1000,false,ZAR,51.000,172565.92,1.000,177742.90
5300000068,Z100,0,4000,false,ZAR,128.000,69954.12,1.000,72052.74
5300000069,Z100,0,1000,false,ZAR,21.000,203856.22,1.000,209971.91
5300000070,Z100,0,2000,false,ZAR,7.000,112125.38,1.000,115489.14
5300000071,Z100,0,1000,false,ZAR,60.000,13927.18,1.000,14345.00
5300000072,Z100,0,2000,false,ZAR,60.000,130303.92,1.000,134213.04
5300000073,Z100,0,2000,false,ZAR,129.000,462611.89,1.000,476490.25
5300000074,Z100,0,2000,false,ZAR,62.000,105017.67,1.000,108168.20
5300000075,Z100,0,4000,false,ZAR,28.000,174960.73,1.000,180209.55
5300000076,Z100,0,1000,false,ZAR,145.000,543133.42,1.000,559427.42
5300000077,Z100,0,2000,false,ZAR,83.000,522396.00,1.000,538067.88
5300000078,Z100,0,4000,false,ZAR,26.000,32818.15,1.000,33802.69
5300000079,Z100,0,3000,false,ZAR,151.000,332696.33,1.000,342677.22
5300000080,Z100,0,3000,false,ZAR,7.000,22108.48,1.000,22771.73
5300000081,Z100,0,1000,false,ZAR,100.000,107975.48,1.000,111214.74
5300000082,Z100,0,3000,false,ZAR,79.000,38295.72,1.000,39444.59
5300000083,Z100,0,3000,false,ZAR,134.000,23419.33,1.000,24121.91
5300000084,Z100,0,1000,false,ZAR,10.000,364965.65,1.000,375914.62
5300000085,Z100,0,1000,false,ZAR,56.000,107285.04,1.000,110503.59
5300000086,Z100,0,1000,false,ZAR,34.000,197614.07,1.000,203542.49
5300000087,Z100,0,2000,false,ZAR,16.000,59241.07,1.000,61018.30
5300000088,Z100,0,2000,false,ZAR,46.000,79639.91,1.000,82029.11
5300000089,Z100,0,4000,false,ZAR,23.000,51992.79,1.000,53552.57
5300000090,Z100,0,4000,false,ZAR,101.000,140681.60,1.000,144902.05
5300000091,Z100,0,3000,false,ZAR,54.000,2584.02,1.000,2661.54
5300000092,Z100,0,3000,false,ZAR,36.000,117511.25,1.000,121036.59
5300000093,Z100,0,1000,false,ZAR,113.000,805256.91,1.000,829414.62
5300000094,Z100,0,4000,false,ZAR,68.000,38003.03,1.000,39143.12
5300000095,Z100,0,2000,false,ZAR,38.000,28553.76,1.000,29410.37
5300000096,Z100,0,4000,false,ZAR,65.000,22857.27,1.000,23542.99
5300000097,Z100,0,4000,false,ZAR,97.000,11665.05,1.000,12015.00
5300000098,Z100,0,2000,false,ZAR,125.000,89567.42,1.000,92254.44
5300000099,Z100,0,1000,false,ZAR,55.000,342861.45,1.000,353147.29
5300000100,Z100,0,2000,false,ZAR,18.000,280622.27,1.000,289040.94
5300000101,Z100,0,1000,false,ZAR,88.000,80605.95,1.000,83024.13
5300000102,Z100,0,2000,false,ZAR,72.000,702785.26,1.000,723868.82
5300000103,Z100,0,3000,false,ZAR,12.000,399824.20,1.000,411818.93
5300000104,Z100,0,2000,false,ZAR,37.000,163539.50,1.000,168445.68
5300000105,Z100,0,1000,false,ZAR,31.000,108732.46,1.000,111994.43
5300000106,Z100,0,4000,false,ZAR,15.000,79019.08,1.000,81389.65
5300000107,Z100,0,3000,false,ZAR,46.000,198171.29,1.000,204116.43
5300000108,Z100,0,3000,false,ZAR,51.000,33361.04,1.000,34361.87
5300000109,Z100,0,1000,false,ZAR,68.000,131081.84,1.000,135014.30
5300000110,Z100,0,4000,false,ZAR,18.000,6478.45,1.000,6672.80
5300000111,Z100,0,2000,false,ZAR,18.000,4473.71,1.000,4607.92
5300000112,Z100,0,2000,false,ZAR,42.000,187000.45,1.000,192610.46
5300000113,Z100,0,3000,false,ZAR,48.000,38476.51,1.000,39630.81
5300000114,Z100,0,1000,false,ZAR,56.000,19509.89,1.000,20095.19
5300000115,Z100,0,2000,false,ZAR,45.000,58917.87,1.000,60685.41
5300000116,Z100,0,2000,false,ZAR,21.000,63926.64,1.000,65844.44
5300000117,Z100,0,1000,false,ZAR,13.000,15489.44,1.000,15954.12
5300000118,Z100,0,2000,false,ZAR,56.000,456024.47,1.000,469705.20
5300000119,Z100,0,2000,false,ZAR,57.000,103557.39,1.000,106664.11
5300000120,Z100,0,1000,false,ZAR,27.000,341819.06,1.000,352073.63
5300000121,Z100,0,1000,false,ZAR,11.000,76458.38,1.000,78752.13
5300000122,Z100,0,2000,false,ZAR,31.000,59663.12,1.000,61453.01
5300000123,Z100,0,1000,false,ZAR,34.000,154562.18,1.000,159199.05
5300000124,Z100,0,1000,false,ZAR,131.000,66530.59,1.000,68526.51
5300000125,Z100,0,3000,false,ZAR,59.000,13755.61,1.000,14168.28
5300000126,Z100,0,3000,false,ZAR,95.000,374563.71,1.000,385800.62
5300000127,Z100,0,4000,false,ZAR,81.000,88991.71,1.000,91661.46
5300000128,Z100,0,1000,false,ZAR,26.000,46057.30,1.000,47439.02
5300000129,Z100,0,3000,false,ZAR,53.000,1985.22,1.000,2044.78
5300000130,Z100,0,2000,false,ZAR,46.000,152717.23,1.000,157298.75
5300000131,Z100,0,2000,false,ZAR,69.000,339250.43,1.000,349427.94
5300000132,Z100,0,2000,false,ZAR,7.000,424201.56,1.000,436927.61
5300000133,Z100,0,3000,false,ZAR,123.000,793670.71,1.000,817480.83
5300000134,Z100,0,3000,false,ZAR,46.000,126374.10,1.000,130165.32
5300000135,Z100,0,1000,false,ZAR,105.000,154649.41,1.000,159288.89
5300000136,Z100,0,2000,false,ZAR,55.000,5315.89,1.000,5475.37
5300000137,Z100,0,4000,false,ZAR,122.000,60508.33,1.000,62323.58
5300000138,Z100,0,2000,false,ZAR,103.000,38082.57,1.000,39225.05
5300000139,Z100,0,4000,false,ZAR,16.000,93702.48,1.000,96513.55
5300000140,Z100,0,3000,false,ZAR,205.000,680993.99,1.000,701423.81
5300000141,Z100,0,3000,false,ZAR,47.000,62164.13,1.000,64029.05
5300000142,Z100,0,3000,false,ZAR,56.000,387692.21,1.000,399322.98
5300000143,Z100,0,4000,false,ZAR,12.000,77573.60,1.000,79900.81
5300000144,Z100,0,2000,false,ZAR,44.000,34752.76,1.000,35795.34
5300000145,Z100,0,2000,false,ZAR,33.000,38817.42,1.000,39981.94
5300000146,Z100,0,2000,false,ZAR,28.000,98576.37,1.000,101533.66
5300000147,Z100,0,1000,false,ZAR,58.000,57222.51,1.000,58939.19
5300000148,Z100,0,4000,false,ZAR,31.000,374659.93,1.000,385899.73
5300000149,Z100,0,2000,false,ZAR,113.000,96771.62,1.000,99674.77
5300000150,Z100,0,2000,false,ZAR,60.000,94914.74,1.000,97762.18
5300000151,Z100,0,4000,false,ZAR,72.000,129506.23,1.000,133391.42
5300000152,Z100,0,3000,false,ZAR,28.000,76611.48,1.000,78909.82
5300000153,Z100,0,1000,false,ZAR,50.000,113596.32,1.000,117004.21
5300000154,Z100,0,3000,false,ZAR,11.000,93984.16,1.000,96803.68
5300000155,Z100,0,3000,false,ZAR,36.000,74920.47,1.000,77168.08
5300000156,Z100,0,4000,false,ZAR,147.000,623594.65,1.000,642302.49
5300000157,Z100,0,4000,false,ZAR,11.000,153389.07,1.000,157990.74
5300000158,Z100,0,4000,false,ZAR,129.000,510737.43,1.000,526059.55
5300000159,Z100,0,2000,false,ZAR,59.000,142726.55,1.000,147008.35
5300000160,Z100,0,1000,false,ZAR,14.000,6240.54,1.000,6427.76
5300000161,Z100,0,3000,false,ZAR,22.000,5498.28,1.000,5663.23
5300000162,Z100,0,4000,false,ZAR,66.000,4734.30,1.000,4876.33
5300000163,Z100,0,1000,false,ZAR,8.000,172429.43,1.000,177602.31
5300000164,Z100,0,4000,false,ZAR,139.000,277067.52,1.000,285379.55
5300000165,Z100,0,2000,false,ZAR,63.000,19124.74,1.000,19698.48
5300000166,Z100,0,4000,false,ZAR,26.000,123736.97,1.000,127449.08
5300000167,Z100,0,2000,false,ZAR,236.000,155118.11,1.000,159771.65
5300000168,Z100,0,4000,false,ZAR,31.000,21645.82,1.000,22295.19
5300000169,Z100,0,1000,false,ZAR,22.000,48600.22,1.000,50058.23
5300000170,Z100,0,3000,false,ZAR,53.000,133536.95,1.000,137543.06
5300000171,Z100,0,1000,false,ZAR,41.000,134853.27,1.000,138898.87
5300000172,Z100,0,4000,false,ZAR,38.000,316443.49,1.000,325936.79
5300000173,Z100,0,4000,false,ZAR,9.000,97343.72,1.000,100264.03
5300000174,Z100,0,4000,false,ZAR,48.000,41427.96,1.000,42670.80
5300000175,Z100,0,2000,false,ZAR,227.000,109058.54,1.000,112330.30
5300000176,Z100,0,2000,false,ZAR,68.000,54241.01,1.000,55868.24
5300000177,Z100,0,3000,false,ZAR,104.000,380678.18,1.000,392098.53
5300000178,Z100,0,2000,false,ZAR,213.000,70431.74,1.000,72544.69
5300000179,Z100,0,1000,false,ZAR,35.000,2640.69,1.000,2719.91
5300000180,Z100,0,2000,false,ZAR,58.000,104697.50,1.000,107838.43
5300000181,Z100,0,3000,false,ZAR,20.000,13657.84,1.000,14067.58
5300000182,Z100,0,1000,false,ZAR,27.000,173609.43,1.000,178817.71
5300000183,Z100,0,4000,false,ZAR,170.000,175954.33,1.000,181232.96
5300000184,Z100,0,2000,false,ZAR,17.000,12978.95,1.000,13368.32
5300000185,Z100,0,2000,false,ZAR,28.000,9340.19,1.000,9620.40
5300000186,Z100,0,3000,false,ZAR,55.000,161189.51,1.000,166025.20
5300000187,Z100,0,2000,false,ZAR,14.000,154782.27,1.000,159425.74
5300000188,Z100,0,3000,false,ZAR,117.000,74530.37,1.000,76766.28
5300000189,Z100,0,2000,false,ZAR,76.000,320372.41,1.000,329983.58
5300000190,Z100,0,1000,false,ZAR,60.000,169932.19,1.000,175030.16
5300000191,Z100,0,2000,false,ZAR,53.000,22703.58,1.000,23384.69
5300000192,Z100,0,2000,false,ZAR,77.000,453478.83,1.000,467083.19
5300000193,Z100,0,2000,false,ZAR,16.000,145817.45,1.000,150191.97
5300000194,Z100,0,3000,false,ZAR,41.000,132247.80,1.000,136215.23
5300000195,Z100,0,2000,false,ZAR,24.000,34569.33,1.000,35606.41
5300000196,Z100,0,2000,false,ZAR,40.000,7347.92,1.000,7568.36
5300000197,Z100,0,4000,false,ZAR,9.000,17926.51,1.000,18464.31
5300000198,Z100,0,3000,false,ZAR,48.000,99144.38,1.000,102118.71
5300000199,Z100,0,3000,false,ZAR,21.000,364800.15,1.000,375744.15
5300000200,Z100,0,3000,false,ZAR,149.000,453844.35,1.000,467459.68
5300000201,Z100,0,4000,false,ZAR,10.000,92601.75,1.000,95379.80
5300000202,Z100,0,1000,false,ZAR,55.000,122954.44,1.000,126643.07
5300000203,Z100,0,1000,false,ZAR,58.000,747541.53,1.000,769967.78
5300000204,Z100,0,4000,false,ZAR,43.000,63282.81,1.000,65181.29
5300000205,Z100,0,2000,false,ZAR,40.000,12215.82,1.000,12582.29
5300000206,Z100,0,4000,false,ZAR,64.000,7682.83,1.000,7913.31
5300000207,Z100,0,2000,false,ZAR,35.000,11328.41,1.000,11668.26
5300000208,Z100,0,3000,false,ZAR,82.000,45988.83,1.000,47368.49
5300000209,Z100,0,4000,false,ZAR,50.000,168660.72,1.000,173720.54
5300000210,Z100,0,3000,false,ZAR,48.000,710393.61,1.000,731705.42
5300000211,Z100,0,3000,false,ZAR,94.000,124725.99,1.000,128467.77
5300000212,Z100,0,2000,false,ZAR,16.000,124699.30,1.000,128440.28
5300000213,Z100,0,1000,false,ZAR,96.000,163210.17,1.000,168106.48
5300000214,Z100,0,3000,false,ZAR,140.000,34538.33,1.000,35574.48
5300000215,Z100,0,3000,false,ZAR,22.000,72987.56,1.000,75177.19
5300000216,Z100,0,2000,false,ZAR,134.000,382432.90,1.000,393905.89
5300000217,Z100,0,1000,false,ZAR,86.000,79121.67,1.000,81495.32
5300000218,Z100,0,1000,false,ZAR,51.000,105611.51,1.000,108779.86
5300000219,Z100,0,3000,false,ZAR,20.000,118547.94,1.000,122104.38
5300000220,Z100,0,4000,false,ZAR,27.000,14781.70,1.000,15225.15
5300000221,Z100,0,3000,false,ZAR,45.000,68923.39,1.000,70991.09
5300000222,Z100,0,2000,false,ZAR,94.000,118473.33,1.000,122027.53
5300000223,Z100,0,4000,false,ZAR,146.000,773587.75,1.000,796795.38
5300000224,Z100,0,3000,false,ZAR,63.000,400316.09,1.000,412325.57
5300000225,Z100,0,3000,false,ZAR,52.000,89775.76,1.000,92469.03
5300000226,Z100,0,3000,false,ZAR,49.000,18742.27,1.000,19304.54
5300000227,Z100,0,4000,false,ZAR,57.000,422347.93,1.000,435018.37
5300000228,Z100,0,2000,false,ZAR,11.000,267166.33,1.000,275181.32
5300000229,Z100,0,2000,false,ZAR,103.000,49401.99,1.000,50884.05
5300000230,Z100,0,3000,false,ZAR,52.000,75684.93,1.000,77955.48
5300000231,Z100,0,1000,false,ZAR,236.000,155888.86,1.000,160565.53
5300000232,Z100,0,2000,false,ZAR,102.000,356980.23,1.000,367689.64
5300000233,Z100,0,3000,false,ZAR,205.000,163829.78,1.000,168744.67
5300000234,Z100,0,3000,false,ZAR,140.000,61847.96,1.000,63703.40
5300000235,Z100,0,4000,false,ZAR,35.000,306464.34,1.000,315658.27
5300000236,Z100,0,1000,false,ZAR,90.000,19055.45,1.000,19627.11
5300000237,Z100,0,2000,false,ZAR,36.000,159129.95,1.000,163903.85
5300000238,Z100,0,1000,false,ZAR,36.000,133475.00,1.000,137479.25
5300000239,Z100,0,1000,false,ZAR,30.000,186971.66,1.000,192580.81
5300000240,Z100,0,2000,false,ZAR,10.000,12881.18,1.000,13267.62
5300000241,Z100,0,1000,false,ZAR,138.000,279768.56,1.000,288161.62
5300000242,Z100,0,2000,false,ZAR,42.000,168309.09,1.000,173358.36
5300000243,Z100,0,1000,false,ZAR,111.000,151949.97,1.000,156508.47
5300000244,Z100,0,2000,false,ZAR,22.000,59805.54,1.000,61599.71
5300000245,Z100,0,1000,false,ZAR,111.000,42899.03,1.000,44186.00
5300000246,Z100,0,4000,false,ZAR,57.000,132405.89,1.000,136378.07
5300000247,Z100,0,3000,false,ZAR,35.000,5093.23,1.000,5246.03
5300000248,Z100,0,4000,false,ZAR,187.000,419904.57,1.000,432501.71
5300000249,Z100,0,1000,false,ZAR,32.000,5230.17,1.000,5387.08
5300000250,Z100,0,1000,false,ZAR,14.000,11020.03,1.000,11350.63
5300000251,Z100,0,1000,false,ZAR,25.000,119607.57,1.000,123195.80
5300000252,Z100,0,2000,false,ZAR,53.000,75396.89,1.000,77658.80
5300000253,Z100,0,4000,false,ZAR,11.000,598.70,1.000,616.66
5300000254,Z100,0,3000,false,ZAR,189.000,594522.30,1.000,612357.97
5300000255,Z100,0,4000,false,ZAR,49.000,153971.58,1.000,158590.73
5300000256,Z100,0,1000,false,ZAR,53.000,11637.52,1.000,11986.65
5300000257,Z100,0,1000,false,ZAR,28.000,16468.95,1.000,16963.02
5300000258,Z100,0,2000,false,ZAR,22.000,5074.89,1.000,5227.14
5300000259,Z100,0,4000,false,ZAR,36.000,78267.40,1.000,80615.42
5300000260,Z100,0,4000,false,ZAR,192.000,119351.94,1.000,122932.50
5300000261,Z100,0,4000,false,ZAR,101.000,55202.61,1.000,56858.69
5300000262,Z100,0,4000,false,ZAR,16.000,72562.85,1.000,74739.74
5300000263,Z100,0,2000,false,ZAR,49.000,48939.09,1.000,50407.26
5300000264,Z100,0,3000,false,ZAR,138.000,92930.84,1.000,95718.77
5300000265,Z100,0,2000,false,ZAR,40.000,204048.26,1.000,210169.71
5300000266,Z100,0,3000,false,ZAR,143.000,130550.60,1.000,134467.12
5300000267,Z100,0,2000,false,ZAR,24.000,241794.18,1.000,249048.01
5300000268,Z100,0,1000,false,ZAR,34.000,7556.18,1.000,7782.87
5300000269,Z100,0,1000,false,ZAR,38.000,22665.11,1.000,23345.06
5300000270,Z100,0,1000,false,ZAR,31.000,79193.92,1.000,81569.74
5300000271,Z100,0,2000,false,ZAR,114.000,137911.93,1.000,142049.29
5300000272,Z100,0,2000,false,ZAR,35.000,10767.08,1.000,11090.09
5300000273,Z100,0,3000,false,ZAR,40.000,60469.41,1.000,62283.49
5300000274,Z100,0,4000,false,ZAR,100.000,321727.73,1.000,331379.56
5300000275,Z100,0,3000,false,ZAR,103.000,72365.95,1.000,74536.93
5300000276,Z100,0,3000,false,ZAR,44.000,171509.59,1.000,176654.88
5300000277,Z100,0,3000,false,ZAR,41.000,73725.61,1.000,75937.38
5300000278,Z100,0,4000,false,ZAR,56.000,139209.48,1.000,143385.76
5300000279,Z100,0,2000,false,ZAR,58.000,43252.73,1.000,44550.31
5300000280,Z100,0,1000,false,ZAR,8.000,49017.37,1.000,50487.89
5300000281,Z100,0,2000,false,ZAR,150.000,498547.33,1.000,513503.75
5300000282,Z100,0,3000,false,ZAR,39.000,90326.84,1.000,93036.65
5300000283,Z100,0,4000,false,ZAR,55.000,658095.65,1.000,677838.52
5300000284,Z100,0,2000,false,ZAR,17.000,25558.87,1.000,26325.64
5300000285,Z100,0,2000,false,ZAR,85.000,550059.56,1.000,566561.35
5300000286,Z100,0,4000,false,ZAR,60.000,176733.77,1.000,182035.78
5300000287,Z100,0,1000,false,ZAR,45.000,16073.69,1.000,16555.90
5300000288,Z100,0,2000,false,ZAR,55.000,95205.31,1.000,98061.47
5300000289,Z100,0,1000,false,ZAR,98.000,20376.68,1.000,20987.98
5300000290,Z100,0,3000,false,ZAR,33.000,290362.19,1.000,299073.06
5300000291,Z100,0,4000,false,ZAR,140.000,10185.77,1.000,10491.34
5300000292,Z100,0,3000,false,ZAR,46.000,88714.27,1.000,91375.70
5300000293,Z100,0,3000,false,ZAR,37.000,77264.89,1.000,79582.84
5300000294,Z100,0,2000,false,ZAR,65.000,265026.60,1.000,272977.40
5300000295,Z100,0,1000,false,ZAR,18.000,22572.91,1.000,23250.10
5300000296,Z100,0,2000,false,ZAR,124.000,1294.60,1.000,1333.44
5300000297,Z100,0,3000,false,ZAR,15.000,100017.87,1.000,103018.41
5300000298,Z100,0,1000,false,ZAR,42.000,21560.96,1.000,22207.79
5300000299,Z100,0,2000,false,ZAR,64.000,143075.41,1.000,147367.67
5300000300,Z100,0,1000,false,ZAR,85.000,115918.61,1.000,119396.17
5300000301,Z100,0,3000,false,ZAR,38.000,89773.25,1.000,92466.45
5300000302,Z100,0,2000,false,ZAR,50.000,363974.88,1.000,374894.13
5300000303,Z100,0,1000,false,ZAR,61.000,50937.47,1.000,52465.59
5300000304,Z100,0,2000,false,ZAR,60.000,88873.20,1.000,91539.40
5300000305,Z100,0,3000,false,ZAR,47.000,62705.27,1.000,64586.43
5300000306,Z100,0,3000,false,ZAR,49.000,132074.92,1.000,136037.17
5300000307,Z100,0,1000,false,ZAR,114.000,12643.25,1.000,13022.55
5300000308,Z100,0,1000,false,ZAR,39.000,83566.00,1.000,86072.98
5300000309,Z100,0,1000,false,ZAR,55.000,210074.95,1.000,216377.20
5300000310,Z100,0,3000,false,ZAR,16.000,54685.91,1.000,56326.49
5300000311,Z100,0,3000,false,ZAR,7.000,22436.49,1.000,23109.58
5300000312,Z100,0,3000,false,ZAR,102.000,123034.30,1.000,126725.33
5300000313,Z100,0,4000,false,ZAR,19.000,145000.38,1.000,149350.39
5300000314,Z100,0,1000,false,ZAR,42.000,4307.85,1.000,4437.09
5300000315,Z100,0,3000,false,ZAR,123.000,246255.99,1.000,253643.67
5300000316,Z100,0,3000,false,ZAR,95.000,142885.97,1.000,147172.55
5300000317,Z100,0,2000,false,ZAR,116.000,32384.80,1.000,33356.34
5300000318,Z100,0,2000,false,ZAR,189.000,140292.75,1.000,144501.53
5300000319,Z100,0,4000,false,ZAR,54.000,172087.95,1.000,177250.59
5300000320,Z100,0,4000,false,ZAR,91.000,893.94,1.000,920.76
5300000321,Z100,0,2000,false,ZAR,10.000,147446.51,1.000,151869.91
5300000322,Z100,0,1000,false,ZAR,30.000,80134.27,1.000,82538.30
5300000323,Z100,0,1000,false,ZAR,43.000,117558.31,1.000,121085.06
5300000324,Z100,0,3000,false,ZAR,141.000,730022.29,1.000,751922.96
5300000325,Z100,0,2000,false,ZAR,119.000,5224.05,1.000,5380.77
5300000326,Z100,0,2000,false,ZAR,49.000,96727.49,1.000,99629.31
5300000327,Z100,0,4000,false,ZAR,45.000,175692.05,1.000,180962.81
5300000328,Z100,0,4000,false,ZAR,53.000,318208.41,1.000,327754.66
5300000329,Z100,0,1000,false,ZAR,69.000,86395.47,1.000,88987.33
5300000330,Z100,0,1000,false,ZAR,55.000,2403.44,1.000,2475.54
5300000331,Z100,0,2000,false,ZAR,30.000,21631.76,1.000,22280.71
5300000332,Z100,0,2000,false,ZAR,44.000,38090.66,1.000,39233.38
5300000333,Z100,0,3000,false,ZAR,14.000,143198.47,1.000,147494.42
5300000334,Z100,0,2000,false,ZAR,112.000,25138.35,1.000,25892.50
5300000335,Z100,0,2000,false,ZAR,47.000,66340.11,1.000,68330.31
5300000336,Z100,0,3000,false,ZAR,19.000,64609.83,1.000,66548.12
5300000337,Z100,0,3000,false,ZAR,104.000,18194.21,1.000,18740.04
5300000338,Z100,0,4000,false,ZAR,54.000,174611.52,1.000,179849.87
5300000339,Z100,0,2000,false,ZAR,16.000,134925.95,1.000,138973.73
5300000340,Z100,0,1000,false,ZAR,103.000,117817.09,1.000,121351.60
5300000341,Z100,0,1000,false,ZAR,34.000,234225.84,1.000,241252.62
5300000342,Z100,0,1000,false,ZAR,27.000,18505.40,1.000,19060.56
5300000343,Z100,0,2000,false,ZAR,12.000,75884.77,1.000,78161.31
5300000344,Z100,0,2000,false,ZAR,60.000,178214.29,1.000,183560.72
5300000345,Z100,0,1000,false,ZAR,8.000,9920.25,1.000,10217.86
5300000346,Z100,0,1000,false,ZAR,29.000,132064.83,1.000,136026.77
5300000347,Z100,0,2000,false,ZAR,56.000,53230.02,1.000,54826.92
5300000348,Z100,0,2000,false,ZAR,12.000,49266.27,1.000,50744.26
5300000349,Z100,0,3000,false,ZAR,97.000,1568.41,1.000,1615.46
5300000350,Z100,0,3000,false,ZAR,144.000,22821.37,1.000,23506.01
5300000351,Z100,0,1000,false,ZAR,51.000,19464.69,1.000,20048.63
5300000352,Z100,0,4000,false,ZAR,40.000,163686.36,1.000,168596.95
5300000353,Z100,0,2000,false,ZAR,49.000,114778.90,1.000,118222.27
5300000354,Z100,0,4000,false,ZAR,13.000,10093.45,1.000,10396.25
5300000355,Z100,0,3000,false,ZAR,49.000,562844.50,1.000,579729.83
5300000356,Z100,0,4000,false,ZAR,239.000,63341.53,1.000,65241.78
5300000357,Z100,0,1000,false,ZAR,27.000,132374.84,1.000,136346.09
5300000358,Z100,0,1000,false,ZAR,40.000,46643.42,1.000,48042.72
5300000359,Z100,0,4000,false,ZAR,20.000,158765.16,1.000,163528.11
5300000360,Z100,0,1000,false,ZAR,95.000,31869.67,1.000,32825.76
5300000361,Z100,0,3000,false,ZAR,131.000,169495.00,1.000,174579.85
5300000362,Z100,0,4000,false,ZAR,140.000,146715.13,1.000,151116.58
5300000363,Z100,0,1000,false,ZAR,21.000,167516.62,1.000,172542.12
5300000364,Z100,0,2000,false,ZAR,52.000,104199.05,1.000,107325.02
5300000365,Z100,0,4000,false,ZAR,53.000,136657.55,1.000,140757.28
5300000366,Z100,0,1000,false,ZAR,35.000,774145.26,1.000,797369.62
5300000367,Z100,0,3000,false,ZAR,123.000,104070.46,1.000,107192.57
5300000368,Z100,0,4000,false,ZAR,21.000,164176.86,1.000,169102.17
5300000369,Z100,0,4000,false,ZAR,20.000,15471.91,1.000,15936.07
5300000370,Z100,0,4000,false,ZAR,47.000,185965.63,1.000,191544.60
5300000371,Z100,0,2000,false,ZAR,98.000,388229.78,1.000,399876.67
5300000372,Z100,0,2000,false,ZAR,146.000,84489.85,1.000,87024.55
5300000373,Z100,0,3000,false,ZAR,10.000,409753.52,1.000,422046.13
5300000374,Z100,0,3000,false,ZAR,37.000,134837.06,1.000,138882.17
5300000375,Z100,0,4000,false,ZAR,9.000,71016.43,1.000,73146.92
5300000376,Z100,0,2000,false,ZAR,49.000,58397.77,1.000,60149.70
5300000377,Z100,0,2000,false,ZAR,45.000,21307.35,1.000,21946.57
5300000378,Z100,0,3000,false,ZAR,42.000,67090.67,1.000,69103.39
5300000379,Z100,0,2000,false,ZAR,38.000,154850.18,1.000,159495.69
5300000380,Z100,0,1000,false,ZAR,97.000,163854.60,1.000,168770.24
5300000381,Z100,0,1000,false,ZAR,57.000,128610.43,1.000,132468.74
5300000382,Z100,0,4000,false,ZAR,22.000,164838.87,1.000,169784.04
5300000383,Z100,0,3000,false,ZAR,163.000,797000.30,1.000,820910.31
5300000384,Z100,0,2000,false,ZAR,135.000,136172.35,1.000,140257.52
5300000385,Z100,0,4000,false,ZAR,150.000,28277.08,1.000,29125.39
5300000386,Z100,0,3000,false,ZAR,134.000,7530.19,1.000,7756.10
5300000387,Z100,0,4000,false,ZAR,27.000,138746.53,1.000,142908.93
5300000388,Z100,0,1000,false,ZAR,117.000,466376.30,1.000,480367.59
5300000389,Z100,0,2000,false,ZAR,60.000,32431.99,1.000,33404.95
5300000390,Z100,0,4000,false,ZAR,129.000,333125.31,1.000,343119.07
5300000391,Z100,0,1000,false,ZAR,135.000,54313.72,1.000,55943.13
5300000392,Z100,0,1000,false,ZAR,51.000,21776.98,1.000,22430.29
5300000393,Z100,0,3000,false,ZAR,17.000,15286.86,1.000,15745.47
5300000394,Z100,0,3000,false,ZAR,13.000,28553.03,1.000,29409.62
5300000395,Z100,0,1000,false,ZAR,109.000,241058.46,1.000,248290.21
5300000396,Z100,0,4000,false,ZAR,36.000,87645.76,1.000,90275.13
5300000397,Z100,0,3000,false,ZAR,51.000,169517.93,1.000,174603.47
5300000398,Z100,0,4000,false,ZAR,30.000,25038.56,1.000,25789.72
5300000399,Z100,0,4000,false,ZAR,37.000,59355.05,1.000,61135.70
5300000400,Z100,0,4000,false,ZAR,77.000,416708.70,1.000,429209.96
5300000401,Z100,0,2000,false,ZAR,13.000,222237.37,1.000,228904.49
5300000402,Z100,0,2000,false,ZAR,13.000,393865.99,1.000,405681.97
5300000403,Z100,0,2000,false,ZAR,7.000,6721.73,1.000,6923.38
5300000404,Z100,0,4000,false,ZAR,45.000,83760.58,1.000,86273.40
5300000405,Z100,0,2000,false,ZAR,150.000,680156.58,1.000,700561.28
5300000406,Z100,0,3000,false,ZAR,27.000,72835.91,1.000,75020.99
5300000407,Z100,0,3000,false,ZAR,50.000,143710.80,1.000,148022.12
5300000408,Z100,0,4000,false,ZAR,137.000,31010.91,1.000,31941.24
5300000409,Z100,0,4000,false,ZAR,142.000,345522.88,1.000,355888.57
5300000410,Z100,0,4000,false,ZAR,52.000,133800.96,1.000,137814.99
5300000411,Z100,0,4000,false,ZAR,35.000,176364.51,1.000,181655.45
5300000412,Z100,0,4000,false,ZAR,117.000,280639.37,1.000,289058.55
5300000413,Z100,0,4000,false,ZAR,238.000,134545.77,1.000,138582.14
5300000414,Z100,0,3000,false,ZAR,32.000,55002.79,1.000,56652.87
5300000415,Z100,0,2000,false,ZAR,41.000,116018.37,1.000,119498.92
5300000416,Z100,0,3000,false,ZAR,114.000,142057.38,1.000,146319.10
5300000417,Z100,0,1000,false,ZAR,20.000,126585.67,1.000,130383.24
5300000418,Z100,0,3000,false,ZAR,43.000,359383.77,1.000,370165.28
5300000419,Z100,0,3000,false,ZAR,28.000,92784.20,1.000,95567.73
5300000420,Z100,0,3000,false,ZAR,128.000,320954.14,1.000,330582.76
5300000421,Z100,0,4000,false,ZAR,38.000,78887.28,1.000,81253.90
5300000422,Z100,0,3000,false,ZAR,183.000,803326.21,1.000,827426.00
5300000423,Z100,0,1000,false,ZAR,38.000,623333.32,1.000,642033.32
5300000424,Z100,0,2000,false,ZAR,27.000,22730.19,1.000,23412.10
5300000425,Z100,0,2000,false,ZAR,16.000,336039.25,1.000,346120.43
5300000426,Z100,0,3000,false,ZAR,63.000,94132.42,1.000,96956.39
5300000427,Z100,0,2000,false,ZAR,57.000,19426.20,1.000,20008.99
5300000428,Z100,0,4000,false,ZAR,21.000,4380.88,1.000,4512.31
5300000429,Z100,0,4000,false,ZAR,52.000,434894.86,1.000,447941.71
5300000430,Z100,0,2000,false,ZAR,46.000,7811.93,1.000,8046.29
5300000431,Z100,0,3000,false,ZAR,223.000,20121.15,1.000,20724.78
5300000432,Z100,0,1000,false,ZAR,43.000,58156.16,1.000,59900.84
5300000433,Z100,0,3000,false,ZAR,71.000,687454.81,1.000,708078.45
5300000434,Z100,0,4000,false,ZAR,79.000,164661.46,1.000,169601.30
5300000435,Z100,0,2000,false,ZAR,125.000,311094.90,1.000,320427.75
5300000436,Z100,0,1000,false,ZAR,56.000,77854.89,1.000,80190.54
5300000437,Z100,0,4000,false,ZAR,239.000,148934.07,1.000,153402.09
5300000438,Z100,0,4000,false,ZAR,31.000,126872.86,1.000,130679.05
5300000439,Z100,0,1000,false,ZAR,8.000,58714.48,1.000,60475.91
5300000440,Z100,0,4000,false,ZAR,36.000,76503.42,1.000,78798.52
5300000441,Z100,0,2000,false,ZAR,119.000,165568.90,1.000,170535.97
5300000442,Z100,0,4000,false,ZAR,112.000,607218.64,1.000,625435.20
5300000443,Z100,0,3000,false,ZAR,68.000,16605.96,1.000,17104.14
5300000444,Z100,0,4000,false,ZAR,48.000,174288.45,1.000,179517.10
5300000445,Z100,0,1000,false,ZAR,61.000,99599.92,1.000,102587.92
5300000446,Z100,0,4000,false,ZAR,35.000,108691.30,1.000,111952.04
5300000447,Z100,0,2000,false,ZAR,114.000,29705.81,1.000,30596.98
5300000448,Z100,0,4000,false,ZAR,27.000,42862.11,1.000,44147.97
5300000449,Z100,0,4000,false,ZAR,58.000,66408.76,1.000,68401.02
5300000450,Z100,0,3000,false,ZAR,34.000,21358.44,1.000,21999.19
5300000451,Z100,0,3000,false,ZAR,32.000,38722.17,1.000,39883.84
5300000452,Z100,0,1000,false,ZAR,66.000,151545.78,1.000,156092.15
5300000453,Z100,0,1000,false,ZAR,24.000,158590.83,1.000,163348.55
5300000454,Z100,0,2000,false,ZAR,54.000,221565.01,1.000,228211.96
5300000455,Z100,0,4000,false,ZAR,134.000,187504.03,1.000,193129.15
5300000456,Z100,0,3000,false,ZAR,60.000,27269.46,1.000,28087.54
5300000457,Z100,0,4000,false,ZAR,51.000,87886.62,1.000,90523.22
5300000458,Z100,0,2000,false,ZAR,130.000,514342.72,1.000,529773.00
5300000459,Z100,0,3000,false,ZAR,119.000,32726.27,1.000,33708.06
5300000460,Z100,0,4000,false,ZAR,147.000,1580.43,1.000,1627.84
5300000461,Z100,0,3000,false,ZAR,30.000,166216.22,1.000,171202.71
5300000462,Z100,0,1000,false,ZAR,200.000,459911.83,1.000,473709.18
5300000463,Z100,0,1000,false,ZAR,208.000,105123.34,1.000,108277.04
5300000464,Z100,0,2000,false,ZAR,208.000,112949.80,1.000,116338.29
5300000465,Z100,0,3000,false,ZAR,23.000,89442.96,1.000,92126.25
5300000466,Z100,0,1000,false,ZAR,16.000,12192.59,1.000,12558.37
5300000467,Z100,0,4000,false,ZAR,40.000,101937.14,1.000,104995.25
5300000468,Z100,0,1000,false,ZAR,97.000,102398.19,1.000,105470.14
5300000469,Z100,0,4000,false,ZAR,45.000,67873.09,1.000,69909.28
5300000470,Z100,0,3000,false,ZAR,140.000,18698.93,1.000,19259.90
5300000471,Z100,0,4000,false,ZAR,140.000,9745.50,1.000,10037.86
5300000472,Z100,0,1000,false,ZAR,86.000,77950.83,1.000,80289.35
5300000473,Z100,0,2000,false,ZAR,131.000,138561.62,1.000,142718.47
5300000474,Z100,0,1000,false,ZAR,231.000,756794.73,1.000,779498.57
5300000475,Z100,0,4000,false,ZAR,92.000,112303.47,1.000,115672.57
5300000476,Z100,0,1000,false,ZAR,80.000,50158.27,1.000,51663.02
5300000477,Z100,0,4000,false,ZAR,123.000,111167.06,1.000,114502.07
5300000478,Z100,0,4000,false,ZAR,142.000,176445.30,1.000,181738.66
5300000479,Z100,0,1000,false,ZAR,9.000,415549.83,1.000,428016.32
5300000480,Z100,0,4000,false,ZAR,12.000,65606.31,1.000,67574.50
5300000481,Z100,0,1000,false,ZAR,217.000,480188.11,1.000,494593.75
5300000482,Z100,0,4000,false,ZAR,42.000,372520.89,1.000,383696.52
5300000483,Z100,0,2000,false,ZAR,52.000,116639.20,1.000,120138.38
5300000484,Z100,0,3000,false,ZAR,58.000,377201.25,1.000,388517.29
5300000485,Z100,0,3000,false,ZAR,52.000,25976.68,1.000,26755.98
5300000486,Z100,0,1000,false,ZAR,32.000,421595.96,1.000,434243.84
5300000487,Z100,0,1000,false,ZAR,36.000,13612.51,1.000,14020.89
5300000488,Z100,0,4000,false,ZAR,56.000,23842.61,1.000,24557.89
5300000489,Z100,0,1000,false,ZAR,59.000,17975.02,1.000,18514.27
5300000490,Z100,0,1000,false,ZAR,199.000,114623.90,1.000,118062.62
5300000491,Z100,0,1000,false,ZAR,57.000,202329.72,1.000,208399.61
5300000492,Z100,0,3000,false,ZAR,41.000,2920.73,1.000,3008.35
5300000493,Z100,0,3000,false,ZAR,19.000,75584.38,1.000,77851.91
5300000494,Z100,0,4000,false,ZAR,45.000,129296.16,1.000,133175.04
5300000495,Z100,0,3000,false,ZAR,40.000,77742.92,1.000,80075.21
5300000496,Z100,0,2000,false,ZAR,72.000,6434.87,1.000,6627.92
5300000497,Z100,0,4000,false,ZAR,19.000,18408.05,1.000,18960.29
5300000498,Z100,0,1000,false,ZAR,159.000,556492.76,1.000,573187.54
5300000499,Z100,0,3000,false,ZAR,93.000,110435.42,1.000,113748.48
5300000500,Z100,0,4000,false,ZAR,135.000,199523.90,1.000,205509.62
5300000501,Z100,0,2000,false,ZAR,24.000,126410.10,1.000,130202.40
5300000502,Z100,0,3000,false,ZAR,42.000,106775.97,1.000,109979.25
5300000503,Z100,0,3000,false,ZAR,97.000,383634.64,1.000,395143.68
5300000504,Z100,0,1000,false,ZAR,30.000,133818.83,1.000,137833.39
5300000505,Z100,0,1000,false,ZAR,37.000,16443.46,1.000,16936.76
5300000506,Z100,0,1000,false,ZAR,75.000,407925.35,1.000,420163.11
5300000507,Z100,0,2000,false,ZAR,17.000,118320.00,1.000,121869.60
5300000508,Z100,0,4000,false,ZAR,123.000,99313.33,1.000,102292.73
5300000509,Z100,0,1000,false,ZAR,46.000,5891.95,1.000,6068.71
5300000510,Z100,0,4000,false,ZAR,104.000,217113.33,1.000,223626.73
5300000511,Z100,0,3000,false,ZAR,218.000,70761.12,1.000,72883.95
5300000512,Z100,0,4000,false,ZAR,11.000,131867.70,1.000,135823.73
5300000513,Z100,0,4000,false,ZAR,48.000,574260.53,1.000,591488.35
5300000514,Z100,0,4000,false,ZAR,104.000,371537.72,1.000,382683.85
5300000515,Z100,0,2000,false,ZAR,59.000,80639.12,1.000,83058.29
5300000516,Z100,0,4000,false,ZAR,55.000,56104.26,1.000,57787.39
5300000517,Z100,0,3000,false,ZAR,149.000,118936.60,1.000,122504.70
5300000518,Z100,0,2000,false,ZAR,94.000,405780.64,1.000,417954.06
5300000519,Z100,0,1000,false,ZAR,92.000,706477.14,1.000,727671.45
5300000520,Z100,0,3000,false,ZAR,40.000,10323.98,1.000,10633.70
5300000521,Z100,0,4000,false,ZAR,27.000,121772.96,1.000,125426.15
5300000522,Z100,0,2000,false,ZAR,16.000,145793.48,1.000,150167.28
5300000523,Z100,0,3000,false,ZAR,146.000,141600.23,1.000,145848.24
5300000524,Z100,0,3000,false,ZAR,7.000,15804.83,1.000,16278.97
5300000525,Z100,0,3000,false,ZAR,46.000,24128.23,1.000,24852.08
5300000526,Z100,0,1000,false,ZAR,188.000,6528.34,1.000,6724.19
5300000527,Z100,0,1000,false,ZAR,72.000,11124.82,1.000,11458.56
5300000528,Z100,0,4000,false,ZAR,9.000,40111.45,1.000,41314.79
5300000529,Z100,0,4000,false,ZAR,42.000,4730.77,1.000,4872.69
5300000530,Z100,0,3000,false,ZAR,107.000,80326.72,1.000,82736.52
5300000531,Z100,0,4000,false,ZAR,134.000,48710.04,1.000,50171.34
5300000532,Z100,0,4000,false,ZAR,69.000,341251.37,1.000,351488.91
5300000533,Z100,0,4000,false,ZAR,83.000,181766.54,1.000,187219.54
5300000534,Z100,0,1000,false,ZAR,33.000,113559.40,1.000,116966.18
5300000535,Z100,0,1000,false,ZAR,60.000,138741.36,1.000,142903.60
5300000536,Z100,0,3000,false,ZAR,150.000,155646.70,1.000,160316.10
5300000537,Z100,0,2000,false,ZAR,16.000,72022.59,1.000,74183.27
5300000538,Z100,0,1000,false,ZAR,56.000,436109.38,1.000,449192.66
5300000539,Z100,0,4000,false,ZAR,24.000,204430.37,1.000,210563.28
5300000540,Z100,0,3000,false,ZAR,25.000,109258.99,1.000,112536.76
5300000541,Z100,0,3000,false,ZAR,34.000,83447.66,1.000,85951.09
5300000542,Z100,0,1000,false,ZAR,55.000,59496.07,1.000,61280.95
5300000543,Z100,0,2000,false,ZAR,35.000,106549.19,1.000,109745.67
5300000544,Z100,0,1000,false,ZAR,16.000,263927.50,1.000,271845.33
5300000545,Z100,0,4000,false,ZAR,142.000,6551.26,1.000,6747.80
5300000546,Z100,0,4000,false,ZAR,109.000,508332.37,1.000,523582.34
5300000547,Z100,0,4000,false,ZAR,128.000,693469.92,1.000,714274.02
5300000548,Z100,0,1000,false,ZAR,73.000,31922.58,1.000,32880.26
5300000549,Z100,0,3000,false,ZAR,40.000,91155.52,1.000,93890.19
5300000550,Z100,0,4000,false,ZAR,36.000,19379.44,1.000,19960.82
5300000551,Z100,0,4000,false,ZAR,55.000,185140.80,1.000,190695.02
5300000552,Z100,0,3000,false,ZAR,150.000,101054.38,1.000,104086.01
5300000553,Z100,0,2000,false,ZAR,17.000,82345.98,1.000,84816.36
5300000554,Z100,0,2000,false,ZAR,36.000,601569.21,1.000,619616.29
5300000555,Z100,0,2000,false,ZAR,60.000,14755.46,1.000,15198.12
5300000556,Z100,0,4000,false,ZAR,38.000,333405.12,1.000,343407.27
5300000557,Z100,0,2000,false,ZAR,30.000,228826.65,1.000,235691.45
5300000558,Z100,0,4000,false,ZAR,35.000,113415.75,1.000,116818.22
5300000559,Z100,0,4000,false,ZAR,17.000,16160.36,1.000,16645.17
5300000560,Z100,0,4000,false,ZAR,40.000,20682.47,1.000,21302.94
5300000561,Z100,0,1000,false,ZAR,56.000,118884.64,1.000,122451.18
5300000562,Z100,0,2000,false,ZAR,55.000,78757.73,1.000,81120.46
5300000563,Z100,0,4000,false,ZAR,56.000,145286.57,1.000,149645.17
5300000564,Z100,0,1000,false,ZAR,101.000,147933.27,1.000,152371.27
5300000565,Z100,0,3000,false,ZAR,35.000,43352.73,1.000,44653.31
5300000566,Z100,0,1000,false,ZAR,124.000,8419.52,1.000,8672.11
5300000567,Z100,0,2000,false,ZAR,49.000,5179.25,1.000,5334.63
5300000568,Z100,0,3000,false,ZAR,37.000,51271.69,1.000,52809.84
5300000569,Z100,0,2000,false,ZAR,34.000,129220.70,1.000,133097.32
5300000570,Z100,0,4000,false,ZAR,51.000,115577.16,1.000,119044.47
5300000571,Z100,0,1000,false,ZAR,28.000,21495.93,1.000,22140.81
5300000572,Z100,0,4000,false,ZAR,49.000,135661.33,1.000,139731.17
5300000573,Z100,0,2000,false,ZAR,22.000,6786.73,1.000,6990.33
5300000574,Z100,0,1000,false,ZAR,227.000,737689.17,1.000,759819.85
5300000575,Z100,0,4000,false,ZAR,54.000,226181.94,1.000,232967.40
5300000576,Z100,0,3000,false,ZAR,57.000,115729.64,1.000,119201.53
5300000577,Z100,0,4000,false,ZAR,49.000,165974.35,1.000,170953.58
5300000578,Z100,0,3000,false,ZAR,105.000,408441.66,1.000,420694.91
5300000579,Z100,0,1000,false,ZAR,196.000,182812.23,1.000,188296.60
5300000580,Z100,0,4000,false,ZAR,56.000,16043.25,1.000,16524.55
5300000581,Z100,0,4000,false,ZAR,20.000,461563.64,1.000,475410.55
5300000582,Z100,0,1000,false,ZAR,35.000,71577.03,1.000,73724.34
5300000583,Z100,0,3000,false,ZAR,170.000,637494.87,1.000,656619.72
5300000584,Z100,0,4000,false,ZAR,118.000,166191.52,1.000,171177.27
5300000585,Z100,0,1000,false,ZAR,59.000,281392.08,1.000,289833.84
5300000586,Z100,0,2000,false,ZAR,21.000,58443.05,1.000,60196.34
5300000587,Z100,0,1000,false,ZAR,68.000,545105.50,1.000,561458.67
5300000588,Z100,0,3000,false,ZAR,17.000,33637.55,1.000,34646.68
5300000589,Z100,0,1000,false,ZAR,102.000,292391.82,1.000,301163.57
5300000590,Z100,0,2000,false,ZAR,55.000,44715.65,1.000,46057.12
5300000591,Z100,0,1000,false,ZAR,162.000,714474.31,1.000,735908.54
5300000592,Z100,0,3000,false,ZAR,110.000,195239.34,1.000,201096.52
5300000593,Z100,0,1000,false,ZAR,57.000,17828.09,1.000,18362.93
5300000594,Z100,0,1000,false,ZAR,27.000,108034.80,1.000,111275.84
5300000595,Z100,0,3000,false,ZAR,44.000,149694.29,1.000,154185.12
5300000596,Z100,0,1000,false,ZAR,14.000,166084.30,1.000,171066.83
5300000597,Z100,0,2000,false,ZAR,20.000,100912.53,1.000,103939.91
5300000598,Z100,0,4000,false,ZAR,41.000,184358.01,1.000,189888.75
5300000599,Z100,0,1000,false,ZAR,50.000,24266.12,1.000,24994.10
5300000600,Z100,0,2000,false,ZAR,41.000,165455.12,1.000,170418.77
5300000601,Z100,0,4000,false,ZAR,34.000,22543.48,1.000,23219.78
5300000602,Z100,0,1000,false,ZAR,22.000,63485.61,1.000,65390.18
5300000603,Z100,0,3000,false,ZAR,135.000,470504.73,1.000,484619.87
5300000604,Z100,0,4000,false,ZAR,44.000,121216.17,1.000,124852.66
5300000605,Z100,0,1000,false,ZAR,28.000,2086.78,1.000,2149.38
5300000606,Z100,0,2000,false,ZAR,38.000,8464.05,1.000,8717.97
5300000607,Z100,0,3000,false,ZAR,60.000,132966.27,1.000,136955.26
5300000608,Z100,0,2000,false,ZAR,30.000,5096.66,1.000,5249.56
5300000609,Z100,0,2000,false,ZAR,42.000,22089.32,1.000,22752.00
5300000610,Z100,0,4000,false,ZAR,146.000,434483.91,1.000,447518.43
5300000611,Z100,0,2000,false,ZAR,97.000,62986.53,1.000,64876.13
5300000612,Z100,0,1000,false,ZAR,37.000,144761.16,1.000,149103.99
5300000613,Z100,0,2000,false,ZAR,86.000,585947.38,1.000,603525.80
5300000614,Z100,0,2000,false,ZAR,101.000,397357.90,1.000,409278.64
5300000615,Z100,0,2000,false,ZAR,50.000,138394.06,1.000,142545.88
5300000616,Z100,0,3000,false,ZAR,108.000,83624.20,1.000,86132.93
5300000617,Z100,0,3000,false,ZAR,127.000,141542.05,1.000,145788.31
5300000618,Z100,0,3000,false,ZAR,33.000,102579.37,1.000,105656.75
5300000619,Z100,0,3000,false,ZAR,50.000,409296.49,1.000,421575.38
5300000620,Z100,0,2000,false,ZAR,57.000,10568.81,1.000,10885.87
5300000621,Z100,0,2000,false,ZAR,117.000,356886.49,1.000,367593.08
5300000622,Z100,0,3000,false,ZAR,43.000,149126.67,1.000,153600.47
5300000623,Z100,0,2000,false,ZAR,30.000,220575.79,1.000,227193.06
5300000624,Z100,0,3000,false,ZAR,26.000,43285.25,1.000,44583.81
5300000625,Z100,0,3000,false,ZAR,48.000,14884.03,1.000,15330.55
5300000626,Z100,0,4000,false,ZAR,55.000,21678.88,1.000,22329.25
5300000627,Z100,0,4000,false,ZAR,11.000,7985.96,1.000,8225.54
5300000628,Z100,0,3000,false,ZAR,57.000,12648.12,1.000,13027.56
5300000629,Z100,0,1000,false,ZAR,59.000,173819.60,1.000,179034.19
5300000630,Z100,0,4000,false,ZAR,9.000,159286.24,1.000,164064.83
5300000631,Z100,0,2000,false,ZAR,15.000,122002.52,1.000,125662.60
5300000632,Z100,0,4000,false,ZAR,53.000,38703.34,1.000,39864.44
