Matnr,Lvorm,Mtart,Matkl,Bismt,Meins,Mstae,Sernp
000000000010000000,false,ERSA,MECH-BRG,ELL132938,EA,,
000000000010000001,false,ERSA,MILL-LINR,,EA,,
000000000080000000,false,ERSA,MECH-SEAL,,EA,,
000000000010000002,false,ERSA,ELEC-CTRL,,EA,,
000000000030000000,false,HIBE,HYDR-ASSY,,EA,,
000000000010000003,false,ERSA,MECH-GBOX,,EA,,
000000000080000001,false,HIBE,INST-XMTR,,EA,,
000000000010000004,false,ERSA,MECH-GBOX,,EA,,
000000000010000005,false,ERSA,HYDR-ASSY,,EA,,
000000000010000006,false,ERSA,INST-XMTR,,EA,,
000000000030000001,false,HIBE,MILL-LINR,,EA,,
000000000010000007,false,ERSA,INST-XMTR,ELL102689,EA,,
000000000010000008,false,ERSA,ELEC-CTRL,,EA,,
000000000080000002,false,ERSA,INST-XMTR,ELL499889,EA,,
000000000080000003,false,HIBE,ELEC-MOTR,,EA,,Z00R
000000000010000009,false,ERSA,ELEC-MOTR,ELL818987,EA,,
000000000030000002,false,ERSA,MECH-GBOX,,EA,,
000000000010000010,false,ERSA,CONV-COMP,,EA,,
000000000030000003,false,ERSA,HYDR-ASSY,,EA,,
000000000010000011,false,ERSA,ELEC-CTRL,,EA,,
000000000010000012,false,ERSA,MECH-SEAL,,EA,,
000000000010000013,false,ERSA,MECH-PUMP,,EA,,
000000000010000014,false,HIBE,MECH-BRG,,EA,,
000000000010000015,false,ERSA,CONV-COMP,,EA,,
000000000010000016,false,ERSA,INST-XMTR,,EA,,
000000000010000017,false,HIBE,ELEC-MOTR,ELL372933,EA,,
000000000010000018,false,ERSA,CONV-COMP,,EA,,
000000000010000019,false,HIBE,MECH-BRG,,EA,,
000000000010000020,false,ERSA,MECH-SEAL,,EA,,
000000000010000021,false,ERSA,MILL-LINR,ELL753516,EA,,
000000000090000000,false,ERSA,INST-XMTR,,EA,01,
000000000010000022,false,ERSA,MECH-SEAL,,EA,,
000000000010000023,false,HIBE,INST-XMTR,,EA,,
000000000080000004,false,ERSA,ELEC-MOTR,,EA,,
000000000010000024,false,ERSA,MECH-GBOX,,EA,,
000000000010000025,false,ERSA,INST-XMTR,,EA,,
000000000010000026,false,ERSA,HYDR-ASSY,,EA,,
000000000080000005,false,ERSA,MECH-PUMP,,EA,,
000000000010000027,false,ERSA,INST-XMTR,,EA,,
000000000010000028,false,ERSA,INST-XMTR,,EA,,
000000000010000029,false,ERSA,MECH-SEAL,,EA,,
000000000030000004,false,ERSA,HYDR-ASSY,ELL726979,EA,,
000000000010000030,false,ERSA,HYDR-ASSY,,EA,,
000000000010000031,false,ERSA,MECH-GBOX,,EA,,
000000000010000032,false,ERSA,MECH-GBOX,ELL502349,EA,,
000000000010000033,false,ERSA,MECH-BRG,,EA,,
000000000010000034,false,ERSA,HYDR-ASSY,,EA,,
000000000080000006,false,ERSA,ELEC-MOTR,ELL515594,EA,,
000000000010000035,false,ERSA,HYDR-ASSY,,EA,,
000000000010000036,false,ERSA,MECH-BRG,,EA,,
000000000010000037,false,HIBE,MECH-BRG,ELL181670,EA,,
000000000090000001,false,ERSA,MECH-PUMP,,EA,01,
000000000010000038,false,ERSA,INST-XMTR,,EA,,
000000000080000007,false,ERSA,MILL-LINR,ELL520040,EA,,Z00R
000000000010000039,false,ERSA,INST-XMTR,ELL594596,EA,,
000000000030000005,false,ERSA,MECH-GBOX,,EA,,
000000000010000040,false,ERSA,INST-XMTR,,EA,,
000000000010000041,false,ERSA,MECH-SEAL,,EA,,
000000000010000042,false,ERSA,CONV-COMP,ELL830302,EA,,
000000000030000006,false,HIBE,HYDR-ASSY,,EA,,
000000000080000008,false,ERSA,ELEC-CTRL,,EA,,
000000000080000009,false,ERSA,MECH-GBOX,,EA,,
000000000080000010,false,ERSA,ELEC-CTRL,,EA,,
000000000030000007,false,ERSA,MECH-SEAL,ELL309100,EA,,
000000000030000008,false,ERSA,INST-XMTR,,EA,,
000000000010000043,false,ERSA,MECH-BRG,,EA,,
000000000010000044,false,ERSA,MECH-SEAL,,EA,,
000000000010000045,false,ERSA,HYDR-ASSY,,EA,,
000000000080000011,false,ERSA,MILL-LINR,,EA,,
000000000080000012,false,ERSA,HYDR-ASSY,,EA,,
000000000010000046,false,ERSA,ELEC-MOTR,ELL801432,EA,,
000000000010000047,false,ERSA,MILL-LINR,ELL783176,EA,,
000000000010000048,false,ERSA,ELEC-CTRL,,EA,,
000000000080000013,false,ERSA,MECH-BRG,,EA,,
000000000010000049,false,ERSA,ELEC-CTRL,,EA,,
000000000010000050,false,ERSA,HYDR-ASSY,,EA,,
000000000010000051,false,HIBE,INST-XMTR,ELL670143,EA,,
000000000010000052,false,ERSA,ELEC-CTRL,,EA,,
000000000010000053,false,HIBE,ELEC-MOTR,,EA,,
000000000010000054,false,ERSA,MECH-GBOX,ELL408545,EA,,
000000000010000055,false,ERSA,MECH-GBOX,ELL361824,EA,,
000000000010000056,false,ERSA,INST-XMTR,ELL544536,EA,,
000000000010000057,false,ERSA,MECH-BRG,,EA,,
000000000010000058,false,ERSA,INST-XMTR,ELL380465,EA,,
000000000010000059,false,HIBE,MECH-PUMP,,EA,,
000000000030000009,false,ERSA,MILL-LINR,,EA,,
000000000010000060,false,ERSA,HYDR-ASSY,,EA,,
000000000010000061,false,HIBE,MECH-PUMP,ELL262555,EA,,
000000000010000062,false,ERSA,MECH-BRG,,EA,,
000000000030000010,false,ERSA,HYDR-ASSY,,EA,,
000000000030000011,false,ERSA,INST-XMTR,,EA,,
000000000010000063,false,ERSA,MECH-BRG,,EA,,
000000000010000064,false,ERSA,INST-XMTR,ELL667650,EA,,
000000000010000065,false,HIBE,INST-XMTR,,EA,,
000000000080000014,false,HIBE,HYDR-ASSY,,EA,,
000000000010000066,false,ERSA,INST-XMTR,,EA,,
000000000010000067,false,ERSA,MECH-GBOX,,EA,,
000000000080000015,false,ERSA,MECH-GBOX,,EA,,
000000000080000016,false,ERSA,MILL-LINR,,EA,,
000000000010000068,false,ERSA,HYDR-ASSY,,EA,,
000000000010000069,false,ERSA,HYDR-ASSY,,EA,,
000000000010000070,false,ERSA,HYDR-ASSY,,EA,,
000000000010000071,false,ERSA,ELEC-CTRL,ELL137042,EA,,
000000000090000002,false,ERSA,INST-XMTR,,EA,01,
000000000010000072,false,HIBE,CONV-COMP,,EA,,
000000000080000017,false,ERSA,MECH-BRG,ELL749485,EA,,
000000000010000073,false,ERSA,CONV-COMP,ELL509054,EA,,
000000000010000074,false,ERSA,MECH-BRG,ELL422266,EA,,
000000000030000012,false,ERSA,INST-XMTR,,EA,,
000000000010000075,false,HIBE,ELEC-CTRL,ELL876383,EA,,
000000000010000076,false,ERSA,MECH-BRG,,EA,,
000000000010000077,false,ERSA,MECH-SEAL,ELL576935,EA,,
000000000010000078,false,ERSA,ELEC-MOTR,,EA,,
000000000010000079,false,ERSA,HYDR-ASSY,ELL314178,EA,,
000000000010000080,false,ERSA,MECH-PUMP,,EA,,
000000000010000081,false,ERSA,MECH-SEAL,,EA,,
000000000080000018,false,ERSA,ELEC-CTRL,,EA,,
000000000080000019,false,ERSA,ELEC-MOTR,,EA,,0001
000000000030000013,false,ERSA,MILL-LINR,,EA,,
000000000010000082,false,ERSA,MECH-SEAL,ELL397388,EA,,
000000000030000014,false,HIBE,ELEC-MOTR,,EA,,
000000000010000083,false,ERSA,ELEC-CTRL,,EA,,
000000000010000084,false,ERSA,MILL-LINR,,EA,,
000000000010000085,false,ERSA,HYDR-ASSY,,EA,,
000000000080000020,false,ERSA,INST-XMTR,,EA,,
000000000010000086,false,ERSA,CONV-COMP,,EA,,
000000000010000087,false,ERSA,HYDR-ASSY,,EA,,
000000000030000015,false,ERSA,MECH-BRG,,EA,,
000000000010000088,false,ERSA,HYDR-ASSY,,EA,,
000000000080000021,false,ERSA,MECH-SEAL,,EA,,
000000000080000022,false,ERSA,CONV-COMP,ELL849941,EA,,
000000000080000023,false,ERSA,MECH-BRG,,EA,,
000000000010000089,false,ERSA,ELEC-MOTR,ELL916368,EA,,
000000000010000090,false,ERSA,CONV-COMP,,EA,,
000000000010000091,false,ERSA,ELEC-MOTR,,EA,,
000000000010000092,false,HIBE,INST-XMTR,,EA,,
000000000010000093,false,HIBE,HYDR-ASSY,,EA,,
000000000010000094,false,ERSA,MILL-LINR,,EA,,
000000000030000016,false,ERSA,ELEC-CTRL,,EA,,
000000000010000095,false,ERSA,ELEC-CTRL,,EA,,
000000000010000096,false,ERSA,MECH-BRG,,EA,,
000000000010000097,false,HIBE,MECH-GBOX,,EA,,
000000000030000017,false,ERSA,MECH-PUMP,ELL496566,EA,,
000000000010000098,false,HIBE,MECH-GBOX,ELL983353,EA,,
000000000010000099,false,HIBE,ELEC-CTRL,,EA,,
000000000010000100,false,ERSA,MILL-LINR,,EA,,
000000000090000003,false,ERSA,MILL-LINR,,EA,01,
000000000010000101,false,ERSA,MECH-PUMP,,EA,,
000000000030000018,false,ERSA,MECH-PUMP,ELL317180,EA,,
000000000010000102,false,ERSA,MECH-GBOX,,EA,,
000000000080000024,false,ERSA,INST-XMTR,,EA,,0001
000000000010000103,false,ERSA,HYDR-ASSY,,EA,,
000000000030000019,false,ERSA,MECH-PUMP,,EA,,
000000000010000104,false,ERSA,ELEC-CTRL,,EA,,
000000000010000105,false,ERSA,ELEC-CTRL,ELL242350,EA,,
000000000010000106,false,ERSA,MECH-BRG,,EA,,
000000000010000107,false,ERSA,CONV-COMP,,EA,,
000000000010000108,false,ERSA,CONV-COMP,ELL861221,EA,,
000000000010000109,false,ERSA,MILL-LINR,ELL607711,EA,,
000000000080000025,false,ERSA,MECH-BRG,ELL415201,EA,,
000000000010000110,false,ERSA,MILL-LINR,,EA,,
000000000030000020,false,HIBE,MILL-LINR,,EA,,
000000000010000111,false,ERSA,MILL-LINR,,EA,,
000000000010000112,false,ERSA,MECH-SEAL,,EA,,
000000000010000113,false,ERSA,MILL-LINR,,EA,,
000000000010000114,false,HIBE,MECH-BRG,,EA,,
000000000010000115,false,ERSA,MECH-PUMP,,EA,,
000000000010000116,false,ERSA,MILL-LINR,,EA,,
000000000030000021,false,ERSA,CONV-COMP,,EA,,
000000000010000117,false,HIBE,MECH-GBOX,,EA,,
000000000010000118,false,ERSA,MECH-PUMP,,EA,,
000000000010000119,false,ERSA,MECH-BRG,,EA,,
000000000010000120,false,ERSA,MECH-PUMP,,EA,,
000000000030000022,false,ERSA,MECH-GBOX,,EA,,
000000000090000004,false,ERSA,INST-XMTR,,EA,01,
000000000010000121,false,ERSA,ELEC-CTRL,,EA,,
000000000010000122,false,ERSA,HYDR-ASSY,,EA,,
000000000010000123,false,ERSA,MILL-LINR,,EA,,
000000000010000124,false,HIBE,MECH-GBOX,ELL308915,EA,,
000000000080000026,false,ERSA,ELEC-MOTR,ELL357234,EA,,
000000000010000125,false,ERSA,MECH-BRG,ELL278612,EA,,
000000000080000027,false,ERSA,MECH-GBOX,,EA,,
000000000010000126,false,ERSA,MECH-SEAL,ELL725279,EA,,
000000000010000127,false,ERSA,MECH-SEAL,,EA,,
000000000010000128,false,ERSA,ELEC-MOTR,ELL612089,EA,,
000000000010000129,false,ERSA,HYDR-ASSY,,EA,,
000000000010000130,false,ERSA,CONV-COMP,,EA,,
000000000010000131,false,ERSA,ELEC-MOTR,,EA,,
000000000010000132,false,HIBE,MECH-BRG,,EA,,
000000000010000133,false,ERSA,ELEC-MOTR,ELL642910,EA,,
000000000010000134,false,ERSA,MECH-GBOX,ELL835405,EA,,
000000000010000135,false,HIBE,MILL-LINR,ELL785395,EA,,
000000000010000136,false,ERSA,ELEC-CTRL,,EA,,
000000000090000005,false,ERSA,MECH-BRG,ELL631562,EA,01,
000000000010000137,false,ERSA,HYDR-ASSY,,EA,,
000000000010000138,false,HIBE,MILL-LINR,ELL904932,EA,,
000000000080000028,false,ERSA,CONV-COMP,ELL135730,EA,,
000000000080000029,false,HIBE,MECH-SEAL,,EA,,
000000000010000139,false,ERSA,CONV-COMP,,EA,,
000000000010000140,false,ERSA,INST-XMTR,,EA,,
000000000010000141,false,ERSA,ELEC-MOTR,,EA,,
000000000080000030,false,ERSA,MECH-GBOX,ELL121001,EA,,
000000000010000142,false,ERSA,MILL-LINR,,EA,,
000000000010000143,false,ERSA,ELEC-CTRL,,EA,,
000000000010000144,false,ERSA,CONV-COMP,ELL755331,EA,,
000000000010000145,false,ERSA,MECH-BRG,,EA,,
000000000080000031,false,ERSA,MECH-BRG,ELL113625,EA,,
000000000010000146,false,ERSA,HYDR-ASSY,,EA,,
000000000010000147,false,ERSA,MECH-BRG,,EA,,
000000000030000023,false,ERSA,MECH-BRG,ELL280426,EA,,
000000000010000148,false,ERSA,MECH-BRG,ELL505605,EA,,
000000000010000149,false,HIBE,MECH-PUMP,ELL639907,EA,,
000000000080000032,false,ERSA,MILL-LINR,,EA,,
000000000010000150,false,ERSA,INST-XMTR,,EA,,
000000000010000151,false,ERSA,MECH-PUMP,,EA,,
000000000010000152,false,ERSA,MECH-GBOX,,EA,,
000000000010000153,false,ERSA,MECH-SEAL,,EA,,
000000000080000033,false,ERSA,ELEC-MOTR,,EA,,
000000000010000154,false,HIBE,MILL-LINR,,EA,,
000000000010000155,false,ERSA,INST-XMTR,,EA,,
000000000010000156,false,ERSA,MECH-PUMP,,EA,,
000000000080000034,false,ERSA,CONV-COMP,ELL732938,EA,,
000000000010000157,false,ERSA,HYDR-ASSY,ELL547898,EA,,
000000000030000024,false,HIBE,HYDR-ASSY,,EA,,
000000000080000035,false,ERSA,MECH-BRG,,EA,,
000000000010000158,false,ERSA,CONV-COMP,,EA,,
000000000010000159,false,ERSA,MILL-LINR,ELL682753,EA,,
000000000010000160,false,ERSA,ELEC-MOTR,,EA,,
000000000080000036,false,ERSA,MILL-LINR,,EA,,
000000000010000161,false,ERSA,HYDR-ASSY,ELL921779,EA,,
000000000010000162,false,ERSA,MECH-PUMP,,EA,,
000000000010000163,false,ERSA,INST-XMTR,,EA,,
000000000080000037,false,ERSA,INST-XMTR,ELL304072,EA,,
000000000010000164,false,ERSA,HYDR-ASSY,ELL645095,EA,,
000000000010000165,false,ERSA,HYDR-ASSY,ELL904390,EA,,
000000000010000166,false,ERSA,ELEC-MOTR,,EA,,
000000000010000167,false,ERSA,MECH-PUMP,,EA,,
000000000010000168,false,ERSA,MECH-PUMP,,EA,,
000000000080000038,false,ERSA,MECH-PUMP,,EA,,Z00R
000000000010000169,false,HIBE,MECH-BRG,ELL754344,EA,,
000000000010000170,false,HIBE,ELEC-CTRL,,EA,,
000000000080000039,false,ERSA,INST-XMTR,,EA,,Z00R
000000000010000171,false,HIBE,CONV-COMP,,EA,,
000000000030000025,false,ERSA,HYDR-ASSY,,EA,,
000000000030000026,false,HIBE,INST-XMTR,ELL508500,EA,,
000000000010000172,false,ERSA,ELEC-CTRL,,EA,,
000000000030000027,false,ERSA,CONV-COMP,,EA,,
000000000030000028,false,ERSA,CONV-COMP,,EA,,
000000000010000173,false,ERSA,CONV-COMP,,EA,,
000000000010000174,false,ERSA,HYDR-ASSY,,EA,,
000000000030000029,false,ERSA,INST-XMTR,,EA,,
000000000010000175,false,ERSA,HYDR-ASSY,,EA,,
000000000010000176,false,ERSA,MECH-PUMP,,EA,,
000000000010000177,false,ERSA,MILL-LINR,,EA,,
000000000010000178,false,ERSA,ELEC-CTRL,,EA,,
000000000030000030,false,HIBE,HYDR-ASSY,ELL352371,EA,,
000000000010000179,false,ERSA,ELEC-MOTR,,EA,,
000000000010000180,false,ERSA,MILL-LINR,ELL426734,EA,,
000000000010000181,false,ERSA,MECH-BRG,,EA,,
000000000010000182,false,ERSA,MECH-SEAL,,EA,,
000000000010000183,false,HIBE,INST-XMTR,ELL169445,EA,,
000000000010000184,false,HIBE,MECH-BRG,,EA,,
000000000010000185,false,ERSA,MECH-GBOX,,EA,,
000000000010000186,false,ERSA,HYDR-ASSY,ELL621789,EA,,
000000000010000187,false,ERSA,MECH-PUMP,ELL733257,EA,,
000000000010000188,false,ERSA,ELEC-CTRL,,EA,,
000000000010000189,false,HIBE,MILL-LINR,,EA,,
000000000010000190,false,ERSA,MECH-GBOX,,EA,,
000000000010000191,false,ERSA,HYDR-ASSY,ELL716881,EA,,
000000000080000040,false,ERSA,INST-XMTR,ELL859498,EA,,
000000000010000192,false,HIBE,MECH-PUMP,,EA,,
000000000010000193,false,ERSA,ELEC-MOTR,ELL628168,EA,,
000000000080000041,false,ERSA,MECH-PUMP,ELL901549,EA,,
000000000090000006,false,ERSA,ELEC-CTRL,,EA,01,
000000000080000042,false,ERSA,MECH-SEAL,ELL470500,EA,,
000000000010000194,false,ERSA,INST-XMTR,ELL167648,EA,,
000000000030000031,false,ERSA,ELEC-CTRL,ELL651773,EA,,
000000000080000043,false,ERSA,MECH-BRG,ELL495618,EA,,
000000000080000044,false,ERSA,MECH-BRG,,EA,,Z00R
000000000010000195,false,ERSA,MILL-LINR,ELL799427,EA,,
000000000010000196,false,ERSA,ELEC-CTRL,,EA,,
000000000090000007,false,ERSA,MECH-SEAL,,EA,01,
000000000010000197,false,ERSA,ELEC-CTRL,,EA,,
000000000030000032,false,ERSA,ELEC-MOTR,,EA,,
000000000080000045,false,ERSA,MILL-LINR,ELL923769,EA,,
000000000010000198,false,HIBE,INST-XMTR,,EA,,
000000000030000033,false,HIBE,CONV-COMP,,EA,,
000000000080000046,false,ERSA,MECH-GBOX,,EA,,
000000000010000199,false,ERSA,ELEC-CTRL,ELL407914,EA,,
000000000080000047,false,ERSA,MILL-LINR,,EA,,
000000000010000200,false,ERSA,CONV-COMP,,EA,,
000000000010000201,false,ERSA,CONV-COMP,,EA,,
000000000030000034,false,ERSA,ELEC-CTRL,,EA,,
000000000010000202,false,ERSA,INST-XMTR,,EA,,
000000000010000203,false,ERSA,INST-XMTR,ELL685432,EA,,
000000000030000035,false,ERSA,MECH-BRG,,EA,,
000000000030000036,false,ERSA,INST-XMTR,ELL741812,EA,,
000000000010000204,false,ERSA,ELEC-CTRL,,EA,,
000000000010000205,false,ERSA,MECH-PUMP,ELL266302,EA,,
000000000080000048,false,ERSA,HYDR-ASSY,,EA,,0001
000000000030000037,false,ERSA,ELEC-MOTR,,EA,,
000000000010000206,false,ERSA,HYDR-ASSY,ELL344631,EA,,
000000000010000207,false,ERSA,INST-XMTR,,EA,,
000000000030000038,false,ERSA,INST-XMTR,,EA,,
000000000010000208,false,ERSA,ELEC-MOTR,ELL472843,EA,,
000000000090000008,false,ERSA,MECH-GBOX,,EA,01,
000000000010000209,false,ERSA,MECH-BRG,,EA,,
000000000030000039,false,ERSA,CONV-COMP,,EA,,
000000000010000210,false,ERSA,CONV-COMP,,EA,,
000000000080000049,false,ERSA,MECH-BRG,,EA,,
000000000010000211,false,ERSA,HYDR-ASSY,,EA,,
000000000080000050,false,ERSA,CONV-COMP,,EA,,
000000000010000212,false,HIBE,MECH-SEAL,ELL548263,EA,,
000000000010000213,false,ERSA,HYDR-ASSY,,EA,,
000000000080000051,false,ERSA,MECH-BRG,,EA,,Z00R
000000000010000214,false,ERSA,CONV-COMP,,EA,,
000000000010000215,false,ERSA,HYDR-ASSY,ELL196366,EA,,
000000000010000216,false,ERSA,HYDR-ASSY,,EA,,
000000000090000009,false,ERSA,INST-XMTR,,EA,01,
000000000010000217,false,ERSA,MECH-BRG,ELL834696,EA,,
000000000010000218,false,HIBE,MILL-LINR,,EA,,
000000000010000219,false,ERSA,MILL-LINR,,EA,,
000000000080000052,false,ERSA,MECH-BRG,ELL463881,EA,,
000000000080000053,false,HIBE,INST-XMTR,ELL478898,EA,,
000000000080000054,false,ERSA,MECH-PUMP,,EA,,
000000000010000220,false,ERSA,ELEC-CTRL,,EA,,
000000000090000010,false,ERSA,MECH-GBOX,,EA,01,
000000000090000011,false,ERSA,ELEC-MOTR,,EA,01,
000000000030000040,false,ERSA,MECH-BRG,ELL663367,EA,,
000000000030000041,false,ERSA,HYDR-ASSY,,EA,,
000000000090000012,false,HIBE,HYDR-ASSY,,EA,01,
000000000010000221,false,HIBE,MECH-BRG,,EA,,
000000000080000055,false,ERSA,MECH-PUMP,,EA,,
000000000010000222,false,ERSA,MILL-LINR,ELL295358,EA,,
000000000010000223,false,ERSA,MECH-PUMP,,EA,,
000000000010000224,false,ERSA,MILL-LINR,ELL296542,EA,,
000000000010000225,false,ERSA,MECH-GBOX,ELL736934,EA,,
000000000010000226,false,ERSA,ELEC-CTRL,ELL792051,EA,,
000000000010000227,false,ERSA,CONV-COMP,,EA,,
000000000030000042,false,ERSA,ELEC-MOTR,,EA,,
000000000080000056,false,HIBE,INST-XMTR,ELL446457,EA,,
000000000090000013,false,HIBE,INST-XMTR,,EA,01,
000000000080000057,false,ERSA,MECH-PUMP,ELL858680,EA,,
000000000010000228,false,ERSA,MECH-GBOX,ELL343259,EA,,
000000000080000058,false,ERSA,MECH-PUMP,,EA,,
000000000010000229,false,HIBE,MILL-LINR,ELL852562,EA,,
000000000030000043,false,ERSA,MECH-SEAL,,EA,,
000000000030000044,false,ERSA,MECH-BRG,ELL814993,EA,,
000000000010000230,false,ERSA,MECH-PUMP,,EA,,
000000000030000045,false,ERSA,HYDR-ASSY,ELL741449,EA,,
000000000010000231,false,HIBE,MECH-PUMP,,EA,,
000000000010000232,false,ERSA,CONV-COMP,,EA,,
000000000010000233,false,HIBE,HYDR-ASSY,ELL785967,EA,,
000000000010000234,false,ERSA,INST-XMTR,ELL565921,EA,,
000000000010000235,false,ERSA,INST-XMTR,,EA,,
000000000030000046,false,HIBE,HYDR-ASSY,,EA,,
000000000010000236,false,ERSA,MECH-PUMP,,EA,,
000000000030000047,false,ERSA,MECH-GBOX,ELL927820,EA,,
000000000010000237,false,ERSA,MECH-GBOX,,EA,,
000000000010000238,false,ERSA,HYDR-ASSY,,EA,,
000000000030000048,false,HIBE,MILL-LINR,,EA,,
000000000010000239,false,ERSA,ELEC-CTRL,,EA,,
000000000010000240,false,ERSA,INST-XMTR,ELL266102,EA,,
000000000010000241,false,ERSA,MECH-GBOX,,EA,,
000000000010000242,false,ERSA,MECH-GBOX,,EA,,
000000000030000049,false,ERSA,MECH-PUMP,,EA,,
000000000010000243,false,HIBE,MECH-BRG,,EA,,
000000000090000014,false,ERSA,MECH-PUMP,ELL211464,EA,01,
000000000010000244,false,ERSA,HYDR-ASSY,,EA,,
000000000010000245,false,HIBE,MILL-LINR,ELL274587,EA,,
000000000010000246,false,ERSA,MECH-GBOX,,EA,,
000000000010000247,false,ERSA,ELEC-CTRL,ELL267216,EA,,
000000000010000248,false,HIBE,ELEC-CTRL,,EA,,
000000000080000059,false,ERSA,HYDR-ASSY,,EA,,
000000000030000050,false,ERSA,MECH-SEAL,ELL801172,EA,,
000000000010000249,false,ERSA,MECH-BRG,,EA,,
000000000080000060,false,ERSA,ELEC-CTRL,,EA,,
000000000080000061,false,ERSA,HYDR-ASSY,,EA,,
000000000080000062,false,HIBE,MECH-SEAL,,EA,,Z00R
000000000010000250,false,HIBE,CONV-COMP,,EA,,
000000000080000063,false,ERSA,MECH-BRG,,EA,,
000000000010000251,false,HIBE,MECH-SEAL,,EA,,
000000000010000252,false,ERSA,MECH-SEAL,,EA,,
000000000010000253,false,ERSA,ELEC-MOTR,,EA,,
000000000030000051,false,HIBE,MILL-LINR,ELL947932,EA,,
000000000010000254,false,ERSA,MILL-LINR,,EA,,
000000000010000255,false,ERSA,ELEC-CTRL,,EA,,
000000000010000256,false,HIBE,INST-XMTR,,EA,,
000000000090000015,false,HIBE,ELEC-MOTR,ELL885242,EA,01,
000000000030000052,false,ERSA,INST-XMTR,ELL677219,EA,,
000000000010000257,false,ERSA,ELEC-CTRL,,EA,,
000000000010000258,false,ERSA,ELEC-MOTR,ELL598469,EA,,
000000000010000259,false,HIBE,MILL-LINR,,EA,,
000000000080000064,false,ERSA,MECH-SEAL,,EA,,
000000000010000260,false,ERSA,HYDR-ASSY,ELL736756,EA,,
000000000080000065,false,ERSA,MILL-LINR,,EA,,Z00R
000000000010000261,false,ERSA,HYDR-ASSY,,EA,,
000000000010000262,false,ERSA,ELEC-MOTR,,EA,,
000000000010000263,false,ERSA,MILL-LINR,ELL918926,EA,,
000000000010000264,false,ERSA,MILL-LINR,ELL111908,EA,,
000000000010000265,false,ERSA,MILL-LINR,,EA,,
000000000010000266,false,HIBE,CONV-COMP,,EA,,
000000000030000053,false,ERSA,MECH-GBOX,,EA,,
000000000080000066,false,ERSA,MECH-GBOX,,EA,,
000000000030000054,false,ERSA,MECH-PUMP,,EA,,
000000000030000055,false,HIBE,CONV-COMP,,EA,,
000000000010000267,false,ERSA,ELEC-MOTR,,EA,,
000000000030000056,false,HIBE,MECH-SEAL,,EA,,
000000000010000268,false,ERSA,MECH-BRG,,EA,,
000000000010000269,false,ERSA,MECH-GBOX,ELL911028,EA,,
000000000080000067,false,ERSA,HYDR-ASSY,,EA,,
000000000080000068,false,ERSA,MECH-SEAL,,EA,,
000000000010000270,false,ERSA,ELEC-CTRL,ELL649217,EA,,
000000000010000271,false,ERSA,ELEC-CTRL,,EA,,
000000000010000272,false,ERSA,MECH-GBOX,,EA,,
000000000010000273,false,ERSA,MILL-LINR,,EA,,
000000000030000057,false,ERSA,MILL-LINR,,EA,,
000000000030000058,false,ERSA,HYDR-ASSY,,EA,,
000000000010000274,false,ERSA,MECH-SEAL,,EA,,
000000000080000069,false,ERSA,MECH-SEAL,ELL224174,EA,,
000000000080000070,false,ERSA,MECH-PUMP,,EA,,
000000000010000275,false,HIBE,ELEC-MOTR,ELL502968,EA,,
000000000030000059,false,HIBE,ELEC-MOTR,,EA,,
000000000030000060,false,ERSA,HYDR-ASSY,,EA,,
000000000010000276,false,ERSA,MECH-GBOX,,EA,,
000000000010000277,false,ERSA,INST-XMTR,,EA,,
000000000010000278,false,ERSA,INST-XMTR,ELL205936,EA,,
000000000010000279,false,ERSA,CONV-COMP,,EA,,
000000000010000280,false,ERSA,ELEC-CTRL,ELL584342,EA,,
000000000010000281,false,ERSA,MECH-PUMP,,EA,,
000000000010000282,false,ERSA,HYDR-ASSY,,EA,,
000000000030000061,false,ERSA,MECH-BRG,,EA,,
000000000010000283,false,ERSA,ELEC-MOTR,,EA,,
000000000010000284,false,ERSA,MECH-BRG,,EA,,
000000000010000285,false,ERSA,CONV-COMP,,EA,,
000000000080000071,false,HIBE,ELEC-MOTR,,EA,,0001
000000000010000286,false,ERSA,MECH-GBOX,,EA,,
000000000010000287,false,ERSA,MECH-SEAL,,EA,,
000000000010000288,false,ERSA,MILL-LINR,,EA,,
000000000010000289,false,ERSA,MILL-LINR,ELL974735,EA,,
000000000010000290,false,ERSA,INST-XMTR,,EA,,
000000000010000291,false,ERSA,HYDR-ASSY,ELL893705,EA,,
000000000010000292,false,ERSA,MILL-LINR,ELL259616,EA,,
000000000010000293,false,ERSA,MILL-LINR,,EA,,
000000000010000294,false,ERSA,HYDR-ASSY,ELL485465,EA,,
000000000080000072,false,HIBE,MECH-PUMP,,EA,,
000000000010000295,false,ERSA,MECH-SEAL,,EA,,
000000000010000296,false,ERSA,MECH-BRG,,EA,,
000000000010000297,false,HIBE,CONV-COMP,ELL585060,EA,,
000000000010000298,false,ERSA,ELEC-CTRL,,EA,,
000000000010000299,false,ERSA,ELEC-CTRL,ELL927004,EA,,
000000000080000073,false,ERSA,CONV-COMP,,EA,,
000000000010000300,false,ERSA,HYDR-ASSY,ELL964152,EA,,
000000000010000301,false,ERSA,MECH-PUMP,,EA,,
000000000010000302,false,ERSA,HYDR-ASSY,,EA,,
000000000010000303,false,HIBE,MECH-GBOX,,EA,,
000000000010000304,false,HIBE,MILL-LINR,ELL677028,EA,,
000000000080000074,false,ERSA,MECH-PUMP,,EA,,Z00R
000000000080000075,false,ERSA,MILL-LINR,,EA,,
000000000010000305,false,ERSA,ELEC-MOTR,,EA,,
000000000010000306,false,HIBE,CONV-COMP,ELL926769,EA,,
000000000010000307,false,ERSA,MECH-PUMP,,EA,,
000000000010000308,false,ERSA,HYDR-ASSY,,EA,,
000000000010000309,false,ERSA,HYDR-ASSY,,EA,,
000000000010000310,false,ERSA,INST-XMTR,,EA,,
000000000030000062,false,ERSA,MILL-LINR,,EA,,
000000000010000311,false,ERSA,HYDR-ASSY,ELL835485,EA,,
000000000010000312,false,ERSA,HYDR-ASSY,,EA,,
000000000030000063,false,ERSA,HYDR-ASSY,ELL987165,EA,,
000000000010000313,false,ERSA,CONV-COMP,,EA,,
000000000010000314,false,ERSA,INST-XMTR,,EA,,
000000000010000315,false,HIBE,CONV-COMP,ELL725667,EA,,
000000000010000316,false,HIBE,ELEC-MOTR,,EA,,
000000000010000317,false,ERSA,INST-XMTR,,EA,,
000000000010000318,false,ERSA,MECH-SEAL,,EA,,
000000000010000319,false,ERSA,MECH-PUMP,,EA,,
000000000030000064,false,ERSA,INST-XMTR,,EA,,
000000000010000320,false,ERSA,ELEC-MOTR,,EA,,
000000000030000065,false,ERSA,MECH-GBOX,,EA,,
000000000010000321,false,ERSA,CONV-COMP,ELL378017,EA,,
000000000010000322,false,ERSA,ELEC-CTRL,,EA,,
000000000030000066,false,ERSA,INST-XMTR,,EA,,
000000000010000323,false,ERSA,MECH-PUMP,,EA,,
000000000010000324,false,ERSA,MECH-SEAL,,EA,,
000000000030000067,false,ERSA,MECH-PUMP,ELL851280,EA,,
000000000010000325,false,ERSA,MILL-LINR,ELL939091,EA,,
000000000010000326,false,ERSA,MECH-BRG,,EA,,
000000000010000327,false,ERSA,ELEC-MOTR,ELL187785,EA,,
000000000030000068,false,ERSA,MILL-LINR,,EA,,
000000000010000328,false,HIBE,HYDR-ASSY,,EA,,
000000000010000329,false,ERSA,MECH-GBOX,ELL865621,EA,,
000000000030000069,false,ERSA,HYDR-ASSY,,EA,,
000000000010000330,false,ERSA,MECH-GBOX,,EA,,
000000000010000331,false,ERSA,ELEC-MOTR,ELL566554,EA,,
000000000010000332,false,ERSA,MECH-BRG,,EA,,
000000000010000333,false,ERSA,INST-XMTR,ELL656692,EA,,
000000000080000076,false,ERSA,ELEC-CTRL,,EA,,Z00R
000000000010000334,false,ERSA,MECH-GBOX,,EA,,
000000000010000335,false,HIBE,MECH-SEAL,ELL500604,EA,,
000000000090000016,false,ERSA,CONV-COMP,,EA,01,
000000000010000336,false,ERSA,MECH-BRG,,EA,,
000000000030000070,false,ERSA,MECH-SEAL,ELL510265,EA,,
000000000010000337,false,ERSA,ELEC-MOTR,,EA,,
000000000080000077,false,ERSA,MECH-BRG,,EA,,
000000000030000071,false,ERSA,HYDR-ASSY,,EA,,
000000000010000338,false,ERSA,MECH-GBOX,ELL923472,EA,,
000000000080000078,false,ERSA,MILL-LINR,ELL684194,EA,,0001
000000000010000339,false,ERSA,INST-XMTR,,EA,,
000000000010000340,false,HIBE,INST-XMTR,ELL660520,EA,,
000000000010000341,false,ERSA,MILL-LINR,,EA,,
000000000010000342,false,HIBE,HYDR-ASSY,,EA,,
000000000010000343,false,ERSA,MECH-PUMP,ELL919871,EA,,
000000000010000344,false,ERSA,ELEC-MOTR,,EA,,
000000000010000345,false,ERSA,MECH-BRG,,EA,,
000000000010000346,false,ERSA,MECH-GBOX,,EA,,
000000000080000079,false,ERSA,MECH-SEAL,,EA,,0001
000000000010000347,false,ERSA,MECH-GBOX,,EA,,
000000000010000348,false,ERSA,MECH-SEAL,ELL160611,EA,,
000000000010000349,false,ERSA,INST-XMTR,,EA,,
000000000030000072,false,ERSA,MECH-SEAL,,EA,,
000000000010000350,false,ERSA,MECH-SEAL,,EA,,
000000000010000351,false,ERSA,ELEC-CTRL,,EA,,
000000000010000352,false,ERSA,HYDR-ASSY,,EA,,
000000000010000353,false,ERSA,MILL-LINR,,EA,,
000000000010000354,false,ERSA,MECH-GBOX,,EA,,
000000000030000073,false,ERSA,MECH-PUMP,ELL751935,EA,,
000000000010000355,false,HIBE,MILL-LINR,,EA,,
000000000010000356,false,ERSA,MECH-GBOX,,EA,,
000000000010000357,false,ERSA,INST-XMTR,,EA,,
000000000010000358,false,ERSA,MECH-GBOX,,EA,,
000000000010000359,false,ERSA,MILL-LINR,ELL594616,EA,,
000000000010000360,false,ERSA,ELEC-CTRL,,EA,,
000000000010000361,false,ERSA,MECH-BRG,ELL853755,EA,,
000000000030000074,false,ERSA,ELEC-CTRL,,EA,,
000000000010000362,false,ERSA,MILL-LINR,,EA,,
000000000010000363,false,ERSA,INST-XMTR,,EA,,
000000000010000364,false,ERSA,INST-XMTR,,EA,,
000000000010000365,false,ERSA,INST-XMTR,,EA,,
000000000010000366,false,ERSA,INST-XMTR,,EA,,
000000000010000367,false,ERSA,ELEC-CTRL,,EA,,
000000000010000368,false,ERSA,ELEC-MOTR,,EA,,
000000000080000080,false,ERSA,ELEC-CTRL,,EA,,
000000000010000369,false,ERSA,HYDR-ASSY,,EA,,
000000000010000370,false,ERSA,MECH-BRG,ELL583091,EA,,
000000000030000075,false,ERSA,HYDR-ASSY,,EA,,
000000000080000081,false,ERSA,INST-XMTR,,EA,,
000000000010000371,false,ERSA,MECH-BRG,,EA,,
000000000030000076,false,ERSA,CONV-COMP,,EA,,
000000000030000077,false,ERSA,MECH-SEAL,,EA,,
000000000010000372,false,ERSA,MECH-GBOX,ELL267082,EA,,
000000000080000082,false,ERSA,MECH-PUMP,,EA,,0001
000000000010000373,false,ERSA,HYDR-ASSY,,EA,,
000000000010000374,false,ERSA,HYDR-ASSY,,EA,,
000000000080000083,false,ERSA,ELEC-MOTR,ELL362683,EA,,
000000000010000375,false,ERSA,ELEC-MOTR,ELL220745,EA,,
000000000080000084,false,ERSA,CONV-COMP,,EA,,
000000000010000376,false,ERSA,MECH-PUMP,,EA,,
000000000010000377,false,HIBE,ELEC-MOTR,ELL342103,EA,,
000000000010000378,false,ERSA,MECH-BRG,ELL183331,EA,,
000000000090000017,false,ERSA,MECH-BRG,,EA,01,
000000000080000085,false,HIBE,MECH-SEAL,,EA,,
000000000080000086,false,HIBE,CONV-COMP,,EA,,
000000000010000379,false,ERSA,MILL-LINR,,EA,,
000000000080000087,false,ERSA,ELEC-MOTR,,EA,,
000000000030000078,false,ERSA,MECH-PUMP,,EA,,
000000000030000079,false,HIBE,HYDR-ASSY,,EA,,
000000000010000380,false,ERSA,MECH-BRG,,EA,,
000000000010000381,false,ERSA,CONV-COMP,,EA,,
000000000010000382,false,ERSA,MILL-LINR,,EA,,
000000000010000383,false,HIBE,ELEC-CTRL,,EA,,
000000000010000384,false,ERSA,MILL-LINR,ELL200703,EA,,
000000000030000080,false,ERSA,ELEC-MOTR,,EA,,
000000000030000081,false,ERSA,MECH-SEAL,,EA,,
000000000010000385,false,ERSA,HYDR-ASSY,,EA,,
000000000080000088,false,HIBE,INST-XMTR,,EA,,
000000000030000082,false,ERSA,CONV-COMP,ELL693535,EA,,
000000000010000386,false,HIBE,INST-XMTR,ELL760618,EA,,
000000000010000387,false,ERSA,CONV-COMP,,EA,,
000000000080000089,false,ERSA,CONV-COMP,,EA,,
000000000030000083,false,ERSA,ELEC-MOTR,ELL615989,EA,,
000000000090000018,false,ERSA,MILL-LINR,,EA,01,
000000000010000388,false,ERSA,CONV-COMP,ELL841101,EA,,
000000000080000090,false,ERSA,ELEC-CTRL,,EA,,
000000000010000389,false,ERSA,CONV-COMP,ELL731328,EA,,
000000000010000390,false,ERSA,ELEC-MOTR,,EA,,
000000000030000084,false,HIBE,CONV-COMP,ELL654725,EA,,
000000000010000391,false,ERSA,MECH-BRG,ELL138345,EA,,
000000000030000085,false,ERSA,MECH-BRG,,EA,,
000000000010000392,false,ERSA,CONV-COMP,,EA,,
000000000010000393,false,HIBE,ELEC-MOTR,,EA,,
000000000010000394,false,ERSA,ELEC-CTRL,,EA,,
000000000010000395,false,ERSA,MECH-SEAL,ELL137552,EA,,
000000000010000396,false,ERSA,MILL-LINR,,EA,,
000000000090000019,false,ERSA,MECH-BRG,,EA,01,
000000000010000397,false,ERSA,MILL-LINR,ELL140875,EA,,
000000000010000398,false,ERSA,MECH-PUMP,,EA,,
000000000010000399,false,ERSA,INST-XMTR,,EA,,
000000000010000400,false,ERSA,MECH-SEAL,,EA,,
000000000080000091,false,ERSA,ELEC-MOTR,,EA,,
000000000010000401,false,ERSA,ELEC-MOTR,,EA,,
000000000010000402,false,ERSA,MECH-BRG,,EA,,
000000000010000403,false,ERSA,MECH-PUMP,,EA,,
000000000030000086,false,HIBE,ELEC-CTRL,ELL252337,EA,,
000000000010000404,false,ERSA,CONV-COMP,,EA,,
000000000010000405,false,ERSA,HYDR-ASSY,,EA,,
000000000010000406,false,ERSA,CONV-COMP,ELL721640,EA,,
000000000080000092,false,ERSA,ELEC-MOTR,,EA,,
000000000010000407,false,ERSA,INST-XMTR,ELL719593,EA,,
000000000010000408,false,ERSA,ELEC-CTRL,,EA,,
000000000090000020,false,ERSA,MECH-GBOX,ELL362100,EA,01,
000000000010000409,false,ERSA,HYDR-ASSY,,EA,,
000000000010000410,false,HIBE,INST-XMTR,ELL794235,EA,,
000000000090000021,false,ERSA,ELEC-CTRL,ELL164630,EA,01,
000000000080000093,false,HIBE,MECH-GBOX,ELL282615,EA,,
000000000080000094,false,HIBE,MECH-BRG,ELL937055,EA,,0001
000000000030000087,false,ERSA,MECH-GBOX,,EA,,
000000000080000095,false,ERSA,INST-XMTR,ELL408433,EA,,0001
000000000010000411,false,ERSA,MILL-LINR,,EA,,
000000000010000412,false,ERSA,ELEC-CTRL,,EA,,
000000000010000413,false,ERSA,INST-XMTR,,EA,,
000000000010000414,false,ERSA,ELEC-CTRL,,EA,,
000000000030000088,false,ERSA,ELEC-CTRL,,EA,,
000000000010000415,false,ERSA,MECH-GBOX,,EA,,
000000000010000416,false,ERSA,MECH-BRG,,EA,,
000000000010000417,false,ERSA,CONV-COMP,,EA,,
000000000030000089,false,ERSA,MECH-BRG,ELL691046,EA,,
000000000090000022,false,ERSA,ELEC-CTRL,,EA,01,
000000000010000418,false,ERSA,HYDR-ASSY,ELL888538,EA,,
000000000010000419,false,ERSA,HYDR-ASSY,,EA,,
000000000010000420,false,ERSA,ELEC-CTRL,,EA,,
000000000010000421,false,HIBE,INST-XMTR,,EA,,
000000000080000096,false,ERSA,CONV-COMP,,EA,,
000000000010000422,false,ERSA,MILL-LINR,,EA,,
000000000010000423,false,ERSA,CONV-COMP,ELL469925,EA,,
000000000010000424,false,ERSA,INST-XMTR,,EA,,
000000000010000425,false,HIBE,ELEC-CTRL,,EA,,
000000000010000426,false,ERSA,CONV-COMP,,EA,,
000000000010000427,false,ERSA,ELEC-MOTR,ELL393622,EA,,
000000000010000428,false,HIBE,CONV-COMP,,EA,,
000000000010000429,false,ERSA,ELEC-MOTR,,EA,,
000000000010000430,false,ERSA,MECH-PUMP,,EA,,
000000000010000431,false,ERSA,MECH-GBOX,,EA,,
000000000010000432,false,HIBE,MECH-GBOX,,EA,,
000000000030000090,false,ERSA,HYDR-ASSY,ELL915856,EA,,
000000000010000433,false,ERSA,INST-XMTR,ELL901512,EA,,
000000000010000434,false,HIBE,INST-XMTR,,EA,,
000000000010000435,false,ERSA,MECH-GBOX,,EA,,
000000000010000436,false,ERSA,MILL-LINR,ELL372061,EA,,
000000000010000437,false,ERSA,MILL-LINR,ELL547928,EA,,
000000000030000091,false,ERSA,INST-XMTR,,EA,,
000000000010000438,false,ERSA,MECH-PUMP,,EA,,
000000000010000439,false,HIBE,ELEC-CTRL,,EA,,
000000000010000440,false,ERSA,INST-XMTR,,EA,,
000000000030000092,false,ERSA,MILL-LINR,ELL414426,EA,,
000000000010000441,false,ERSA,MECH-SEAL,ELL366673,EA,,
000000000080000097,false,ERSA,MECH-PUMP,,EA,,
000000000010000442,false,ERSA,MECH-PUMP,,EA,,
000000000010000443,false,ERSA,INST-XMTR,,EA,,
000000000010000444,false,ERSA,HYDR-ASSY,ELL781684,EA,,
000000000010000445,false,ERSA,ELEC-MOTR,,EA,,
000000000010000446,false,ERSA,HYDR-ASSY,,EA,,
000000000030000093,false,ERSA,INST-XMTR,,EA,,
000000000080000098,false,ERSA,ELEC-CTRL,,EA,,
000000000010000447,false,HIBE,INST-XMTR,,EA,,
000000000010000448,false,ERSA,INST-XMTR,,EA,,
000000000010000449,false,ERSA,ELEC-CTRL,,EA,,
000000000030000094,false,HIBE,INST-XMTR,,EA,,
000000000010000450,false,ERSA,CONV-COMP,,EA,,
000000000090000023,false,ERSA,MILL-LINR,,EA,01,
000000000010000451,false,ERSA,MECH-SEAL,,EA,,
000000000030000095,false,ERSA,INST-XMTR,,EA,,
000000000010000452,false,ERSA,MECH-SEAL,,EA,,
000000000010000453,false,ERSA,CONV-COMP,ELL976568,EA,,
000000000010000454,false,ERSA,INST-XMTR,,EA,,
000000000080000099,false,ERSA,INST-XMTR,,EA,,Z00R
000000000010000455,false,ERSA,MILL-LINR,,EA,,
000000000010000456,false,ERSA,MECH-SEAL,,EA,,
000000000010000457,false,HIBE,ELEC-MOTR,,EA,,
000000000010000458,false,HIBE,MILL-LINR,,EA,,
000000000010000459,false,ERSA,MILL-LINR,ELL391647,EA,,
000000000080000100,false,ERSA,CONV-COMP,ELL770467,EA,,
000000000010000460,false,ERSA,HYDR-ASSY,ELL520967,EA,,
000000000010000461,false,ERSA,CONV-COMP,ELL614372,EA,,
000000000010000462,false,ERSA,ELEC-MOTR,ELL933409,EA,,
000000000010000463,false,ERSA,MECH-PUMP,ELL316145,EA,,
000000000030000096,false,ERSA,CONV-COMP,ELL403537,EA,,
000000000010000464,false,ERSA,MECH-PUMP,,EA,,
000000000030000097,false,ERSA,MECH-BRG,ELL345693,EA,,
000000000010000465,false,ERSA,ELEC-CTRL,,EA,,
000000000010000466,false,ERSA,MECH-BRG,,EA,,
000000000010000467,false,ERSA,CONV-COMP,,EA,,
000000000010000468,false,ERSA,MECH-PUMP,,EA,,
000000000010000469,false,HIBE,MECH-PUMP,ELL328138,EA,,
000000000030000098,false,ERSA,CONV-COMP,,EA,,
000000000010000470,false,ERSA,ELEC-CTRL,,EA,,
000000000010000471,false,ERSA,HYDR-ASSY,ELL432642,EA,,
000000000090000024,false,ERSA,MECH-BRG,ELL807457,EA,01,
000000000010000472,false,ERSA,MECH-BRG,ELL291055,EA,,
000000000010000473,false,ERSA,MILL-LINR,,EA,,
000000000080000101,false,ERSA,ELEC-CTRL,ELL158077,EA,,
000000000010000474,false,ERSA,MECH-BRG,ELL785806,EA,,
000000000010000475,false,ERSA,MECH-PUMP,,EA,,
000000000030000099,false,ERSA,INST-XMTR,,EA,,
000000000080000102,false,ERSA,CONV-COMP,ELL110284,EA,,
000000000080000103,false,ERSA,MECH-GBOX,,EA,,
000000000030000100,false,ERSA,CONV-COMP,,EA,,
000000000010000476,false,ERSA,MECH-PUMP,,EA,,
000000000090000025,false,ERSA,MECH-PUMP,,EA,01,
000000000090000026,false,ERSA,CONV-COMP,,EA,01,
000000000010000477,false,ERSA,CONV-COMP,,EA,,
000000000010000478,false,ERSA,INST-XMTR,,EA,,
000000000030000101,false,ERSA,INST-XMTR,,EA,,
000000000030000102,false,ERSA,MILL-LINR,,EA,,
000000000030000103,false,ERSA,MECH-BRG,,EA,,
000000000010000479,false,ERSA,MECH-PUMP,,EA,,
000000000080000104,false,ERSA,MECH-BRG,,EA,,
000000000010000480,false,ERSA,CONV-COMP,,EA,,
000000000010000481,false,ERSA,MECH-SEAL,,EA,,
000000000010000482,false,HIBE,MECH-BRG,,EA,,
000000000010000483,false,ERSA,INST-XMTR,,EA,,
000000000010000484,false,ERSA,INST-XMTR,,EA,,
000000000010000485,false,ERSA,CONV-COMP,,EA,,
000000000080000105,false,ERSA,ELEC-MOTR,ELL468976,EA,,
000000000010000486,false,ERSA,ELEC-MOTR,ELL596004,EA,,
000000000010000487,false,ERSA,MECH-GBOX,,EA,,
000000000010000488,false,ERSA,MECH-GBOX,,EA,,
000000000030000104,false,ERSA,ELEC-CTRL,,EA,,
000000000010000489,false,ERSA,MILL-LINR,,EA,,
000000000080000106,false,ERSA,ELEC-MOTR,,EA,,Z00R
000000000010000490,false,ERSA,MECH-BRG,,EA,,
000000000080000107,false,ERSA,ELEC-MOTR,,EA,,
000000000090000027,false,HIBE,MILL-LINR,,EA,01,
000000000010000491,false,ERSA,MECH-GBOX,,EA,,
000000000010000492,false,ERSA,MECH-SEAL,,EA,,
000000000080000108,false,ERSA,ELEC-CTRL,,EA,,
000000000010000493,false,ERSA,MECH-SEAL,,EA,,
000000000010000494,false,ERSA,MECH-BRG,ELL722554,EA,,
000000000080000109,false,ERSA,MILL-LINR,,EA,,
000000000010000495,false,ERSA,ELEC-MOTR,,EA,,
000000000010000496,false,ERSA,HYDR-ASSY,ELL979339,EA,,
000000000030000105,false,ERSA,CONV-COMP,ELL395881,EA,,
000000000010000497,false,HIBE,HYDR-ASSY,,EA,,
000000000090000028,false,ERSA,HYDR-ASSY,,EA,01,
000000000010000498,false,ERSA,MECH-GBOX,,EA,,
000000000010000499,false,ERSA,CONV-COMP,,EA,,
000000000010000500,false,ERSA,MECH-SEAL,,EA,,
000000000030000106,false,ERSA,CONV-COMP,,EA,,
000000000080000110,false,HIBE,ELEC-MOTR,,EA,,
000000000010000501,false,ERSA,MECH-SEAL,,EA,,
000000000080000111,false,ERSA,CONV-COMP,,EA,,
000000000010000502,false,ERSA,MECH-PUMP,,EA,,
000000000010000503,false,ERSA,ELEC-CTRL,,EA,,
000000000010000504,false,HIBE,CONV-COMP,,EA,,
000000000010000505,false,HIBE,MECH-BRG,,EA,,
000000000010000506,false,ERSA,MECH-SEAL,,EA,,
000000000010000507,false,ERSA,INST-XMTR,,EA,,
000000000010000508,false,ERSA,INST-XMTR,,EA,,
000000000010000509,false,ERSA,MILL-LINR,ELL798169,EA,,
000000000010000510,false,HIBE,MECH-BRG,,EA,,
000000000010000511,false,ERSA,MILL-LINR,,EA,,
000000000010000512,false,ERSA,MILL-LINR,,EA,,
000000000010000513,false,ERSA,CONV-COMP,,EA,,
000000000010000514,false,ERSA,HYDR-ASSY,ELL734250,EA,,
000000000010000515,false,ERSA,HYDR-ASSY,,EA,,
000000000010000516,false,ERSA,MECH-PUMP,,EA,,
000000000010000517,false,ERSA,CONV-COMP,,EA,,
000000000010000518,false,ERSA,INST-XMTR,ELL497693,EA,,
000000000030000107,false,ERSA,MILL-LINR,ELL438352,EA,,
000000000010000519,false,ERSA,MECH-BRG,,EA,,
000000000010000520,false,ERSA,INST-XMTR,,EA,,
000000000010000521,false,ERSA,MECH-BRG,,EA,,
000000000010000522,false,HIBE,MECH-BRG,,EA,,
000000000030000108,false,ERSA,INST-XMTR,,EA,,
000000000010000523,false,ERSA,MECH-GBOX,,EA,,
000000000030000109,false,HIBE,MECH-GBOX,,EA,,
000000000010000524,false,ERSA,CONV-COMP,,EA,,
000000000010000525,false,ERSA,CONV-COMP,,EA,,
000000000090000029,false,ERSA,INST-XMTR,,EA,01,
000000000080000112,false,ERSA,MECH-PUMP,,EA,,
000000000010000526,false,ERSA,MILL-LINR,ELL411467,EA,,
000000000010000527,false,ERSA,INST-XMTR,,EA,,
000000000010000528,false,HIBE,MECH-GBOX,,EA,,
000000000010000529,false,ERSA,HYDR-ASSY,,EA,,
000000000080000113,false,ERSA,ELEC-CTRL,,EA,,0001
000000000010000530,false,ERSA,INST-XMTR,,EA,,
000000000010000531,false,ERSA,MECH-BRG,,EA,,
000000000080000114,false,ERSA,INST-XMTR,ELL349998,EA,,
000000000010000532,false,ERSA,MECH-SEAL,,EA,,
000000000030000110,false,ERSA,MECH-GBOX,,EA,,
000000000010000533,false,ERSA,ELEC-MOTR,,EA,,
000000000010000534,false,ERSA,MILL-LINR,ELL398144,EA,,
000000000010000535,false,ERSA,HYDR-ASSY,,EA,,
000000000010000536,false,ERSA,MECH-BRG,ELL716206,EA,,
000000000010000537,false,ERSA,MILL-LINR,,EA,,
000000000080000115,false,ERSA,MILL-LINR,,EA,,
000000000010000538,false,ERSA,MILL-LINR,,EA,,
000000000090000030,false,ERSA,CONV-COMP,,EA,01,
000000000010000539,false,ERSA,HYDR-ASSY,,EA,,
000000000010000540,false,ERSA,CONV-COMP,,EA,,
000000000030000111,false,ERSA,ELEC-CTRL,,EA,,
000000000010000541,false,ERSA,MECH-BRG,ELL826350,EA,,
000000000030000112,false,ERSA,CONV-COMP,,EA,,
000000000080000116,false,ERSA,MECH-PUMP,,EA,,0001
000000000010000542,false,ERSA,MECH-PUMP,ELL782207,EA,,
000000000030000113,false,HIBE,ELEC-CTRL,ELL658837,EA,,
000000000030000114,false,ERSA,CONV-COMP,,EA,,
000000000010000543,false,ERSA,ELEC-CTRL,,EA,,
000000000080000117,false,ERSA,ELEC-MOTR,,EA,,
000000000010000544,false,ERSA,MECH-SEAL,,EA,,
000000000030000115,false,ERSA,MILL-LINR,,EA,,
000000000030000116,false,ERSA,MECH-SEAL,,EA,,
000000000010000545,false,ERSA,MECH-SEAL,ELL538535,EA,,
000000000010000546,false,ERSA,MECH-BRG,,EA,,
000000000010000547,false,ERSA,MECH-PUMP,,EA,,
000000000010000548,false,ERSA,MECH-SEAL,,EA,,
000000000080000118,false,ERSA,ELEC-CTRL,ELL213124,EA,,
000000000010000549,false,HIBE,MECH-BRG,,EA,,
000000000010000550,false,ERSA,MECH-PUMP,ELL892470,EA,,
000000000030000117,false,ERSA,HYDR-ASSY,ELL710927,EA,,
000000000010000551,false,ERSA,MECH-PUMP,ELL174483,EA,,
000000000010000552,false,ERSA,MECH-PUMP,,EA,,
000000000010000553,false,ERSA,CONV-COMP,,EA,,
000000000030000118,false,ERSA,ELEC-CTRL,,EA,,
000000000010000554,false,ERSA,ELEC-MOTR,ELL180275,EA,,
000000000030000119,false,ERSA,HYDR-ASSY,,EA,,
000000000030000120,false,ERSA,MECH-PUMP,,EA,,
000000000010000555,false,ERSA,ELEC-MOTR,ELL368891,EA,,
000000000010000556,false,ERSA,ELEC-MOTR,,EA,,
000000000080000119,false,ERSA,MECH-SEAL,,EA,,
000000000010000557,false,ERSA,MECH-PUMP,,EA,,
000000000030000121,false,HIBE,MECH-BRG,,EA,,
000000000010000558,false,ERSA,MECH-PUMP,ELL882119,EA,,
000000000010000559,false,ERSA,MECH-PUMP,ELL295111,EA,,
000000000080000120,false,ERSA,ELEC-CTRL,,EA,,
000000000030000122,false,ERSA,ELEC-CTRL,ELL886887,EA,,
000000000080000121,false,ERSA,ELEC-MOTR,ELL131627,EA,,
000000000010000560,false,ERSA,ELEC-MOTR,,EA,,
000000000080000122,false,ERSA,ELEC-CTRL,,EA,,
000000000010000561,false,ERSA,MECH-GBOX,,EA,,
000000000090000031,false,ERSA,CONV-COMP,,EA,01,
000000000030000123,false,HIBE,MECH-PUMP,,EA,,
000000000010000562,false,ERSA,ELEC-CTRL,,EA,,
000000000080000123,false,HIBE,MECH-BRG,,EA,,Z00R
000000000030000124,false,ERSA,CONV-COMP,ELL874016,EA,,
000000000010000563,false,ERSA,ELEC-CTRL,ELL769639,EA,,
000000000080000124,false,ERSA,MECH-SEAL,,EA,,
000000000080000125,false,ERSA,MECH-GBOX,,EA,,0001
000000000010000564,false,ERSA,MILL-LINR,,EA,,
000000000010000565,false,HIBE,ELEC-CTRL,,EA,,
000000000080000126,false,ERSA,INST-XMTR,ELL906767,EA,,
000000000080000127,false,ERSA,INST-XMTR,,EA,,
000000000010000566,false,ERSA,ELEC-MOTR,,EA,,
000000000080000128,false,ERSA,CONV-COMP,,EA,,
000000000010000567,false,ERSA,INST-XMTR,,EA,,
000000000010000568,false,ERSA,MECH-BRG,,EA,,
000000000080000129,false,ERSA,ELEC-MOTR,,EA,,
000000000010000569,false,ERSA,MILL-LINR,ELL601489,EA,,
000000000010000570,false,ERSA,MECH-PUMP,ELL992343,EA,,
000000000010000571,false,ERSA,MECH-GBOX,ELL629852,EA,,
000000000010000572,false,ERSA,MECH-SEAL,ELL587558,EA,,
000000000010000573,false,HIBE,CONV-COMP,ELL211106,EA,,
000000000010000574,false,ERSA,ELEC-MOTR,,EA,,
000000000010000575,false,ERSA,MECH-BRG,,EA,,
000000000010000576,false,ERSA,MECH-PUMP,,EA,,
000000000030000125,false,ERSA,MECH-PUMP,ELL295560,EA,,
000000000010000577,false,ERSA,MECH-BRG,,EA,,
000000000080000130,false,ERSA,ELEC-CTRL,,EA,,Z00R
000000000010000578,false,ERSA,MECH-SEAL,,EA,,
000000000010000579,false,ERSA,ELEC-CTRL,,EA,,
000000000010000580,false,ERSA,CONV-COMP,,EA,,
000000000030000126,false,ERSA,HYDR-ASSY,ELL797409,EA,,
000000000010000581,false,HIBE,MILL-LINR,,EA,,
000000000010000582,false,HIBE,MECH-PUMP,,EA,,
000000000010000583,false,ERSA,MECH-GBOX,ELL769970,EA,,
000000000010000584,false,ERSA,MECH-GBOX,,EA,,
000000000010000585,false,ERSA,HYDR-ASSY,,EA,,
000000000010000586,false,ERSA,MECH-BRG,ELL708580,EA,,
000000000030000127,false,ERSA,MECH-BRG,,EA,,
000000000080000131,false,ERSA,MECH-BRG,,EA,,
000000000010000587,false,ERSA,MECH-BRG,,EA,,
000000000090000032,false,ERSA,ELEC-CTRL,,EA,01,
000000000010000588,false,ERSA,HYDR-ASSY,,EA,,
000000000080000132,false,ERSA,MECH-BRG,ELL746179,EA,,
000000000010000589,false,ERSA,MECH-BRG,,EA,,
000000000010000590,false,ERSA,ELEC-MOTR,,EA,,
000000000030000128,false,ERSA,ELEC-MOTR,,EA,,
000000000030000129,false,HIBE,MECH-PUMP,ELL408009,EA,,
000000000010000591,false,ERSA,ELEC-CTRL,ELL625161,EA,,
000000000010000592,false,HIBE,ELEC-CTRL,,EA,,
000000000080000133,false,HIBE,MECH-BRG,,EA,,
000000000010000593,false,ERSA,MECH-BRG,,EA,,
000000000010000594,false,HIBE,MECH-PUMP,ELL418020,EA,,
000000000030000130,false,ERSA,MECH-PUMP,,EA,,
000000000030000131,false,ERSA,MECH-PUMP,ELL943838,EA,,
000000000010000595,false,ERSA,ELEC-MOTR,ELL943680,EA,,
000000000010000596,false,ERSA,MILL-LINR,ELL466415,EA,,
000000000030000132,false,ERSA,HYDR-ASSY,,EA,,
000000000010000597,false,ERSA,MECH-SEAL,ELL623897,EA,,
000000000030000133,false,ERSA,MILL-LINR,ELL500586,EA,,
000000000080000134,false,HIBE,MECH-SEAL,ELL278917,EA,,
000000000010000598,false,HIBE,MECH-PUMP,ELL849491,EA,,
000000000090000033,false,ERSA,ELEC-MOTR,,EA,01,
000000000030000134,false,ERSA,MECH-PUMP,ELL311021,EA,,
000000000010000599,false,ERSA,MECH-SEAL,,EA,,
000000000010000600,false,ERSA,MECH-BRG,,EA,,
000000000080000135,false,ERSA,MILL-LINR,,EA,,0001
000000000080000136,false,ERSA,MECH-PUMP,,EA,,
000000000010000601,false,ERSA,MECH-GBOX,,EA,,
000000000010000602,false,ERSA,CONV-COMP,ELL452907,EA,,
000000000010000603,false,ERSA,MECH-BRG,,EA,,
000000000010000604,false,ERSA,ELEC-MOTR,,EA,,
000000000010000605,false,ERSA,CONV-COMP,,EA,,
000000000010000606,false,HIBE,ELEC-MOTR,,EA,,
000000000010000607,false,HIBE,INST-XMTR,,EA,,
000000000080000137,false,ERSA,MECH-PUMP,,EA,,
000000000080000138,false,ERSA,MILL-LINR,ELL645053,EA,,
000000000080000139,false,ERSA,MILL-LINR,,EA,,0001
000000000030000135,false,ERSA,INST-XMTR,,EA,,
000000000010000608,false,ERSA,HYDR-ASSY,ELL813407,EA,,
000000000010000609,false,HIBE,MECH-SEAL,ELL248950,EA,,
000000000080000140,false,HIBE,INST-XMTR,,EA,,
000000000010000610,false,ERSA,MILL-LINR,ELL662583,EA,,
000000000030000136,false,ERSA,ELEC-CTRL,,EA,,
000000000080000141,false,ERSA,MECH-BRG,ELL555960,EA,,
000000000010000611,false,ERSA,MECH-SEAL,,EA,,
000000000010000612,false,HIBE,MILL-LINR,,EA,,
000000000080000142,false,ERSA,MECH-SEAL,ELL901337,EA,,
000000000030000137,false,ERSA,ELEC-CTRL,,EA,,
000000000010000613,false,ERSA,CONV-COMP,,EA,,
000000000010000614,false,ERSA,MECH-SEAL,ELL631371,EA,,
000000000010000615,false,ERSA,ELEC-MOTR,ELL610764,EA,,
000000000090000034,false,HIBE,ELEC-CTRL,ELL749165,EA,01,
000000000080000143,false,ERSA,MECH-SEAL,,EA,,
000000000010000616,false,ERSA,MECH-PUMP,,EA,,
000000000010000617,false,ERSA,MECH-PUMP,,EA,,
000000000080000144,false,ERSA,MECH-SEAL,ELL409300,EA,,
000000000010000618,false,ERSA,MECH-PUMP,,EA,,
000000000080000145,false,ERSA,MECH-GBOX,ELL147383,EA,,
000000000030000138,false,ERSA,ELEC-MOTR,ELL353898,EA,,
000000000010000619,false,ERSA,MECH-PUMP,,EA,,
000000000010000620,false,ERSA,MECH-GBOX,ELL900581,EA,,
000000000010000621,false,ERSA,INST-XMTR,ELL417333,EA,,
000000000010000622,false,ERSA,MILL-LINR,,EA,,
000000000010000623,false,ERSA,MECH-PUMP,,EA,,
000000000010000624,false,ERSA,CONV-COMP,,EA,,
000000000030000139,false,ERSA,MECH-SEAL,ELL345740,EA,,
000000000010000625,false,ERSA,MECH-BRG,,EA,,
000000000010000626,false,ERSA,ELEC-MOTR,,EA,,
000000000010000627,false,ERSA,MECH-PUMP,,EA,,
000000000010000628,false,ERSA,MECH-SEAL,ELL454258,EA,,
000000000090000035,false,ERSA,MILL-LINR,,EA,01,
000000000010000629,false,ERSA,ELEC-MOTR,,EA,,
000000000030000140,false,ERSA,MECH-BRG,,EA,,
000000000010000630,false,ERSA,MILL-LINR,,EA,,
000000000010000631,false,ERSA,MECH-PUMP,,EA,,
000000000080000146,false,ERSA,MILL-LINR,,EA,,0001
000000000030000141,false,ERSA,INST-XMTR,ELL888900,EA,,
000000000080000147,false,ERSA,ELEC-MOTR,,EA,,
000000000090000036,false,HIBE,HYDR-ASSY,,EA,01,
000000000080000148,false,ERSA,MECH-SEAL,,EA,,
000000000010000632,false,ERSA,MECH-GBOX,ELL184649,EA,,
000000000010000633,false,ERSA,ELEC-CTRL,,EA,,
000000000030000142,false,ERSA,MECH-BRG,,EA,,
000000000080000149,false,ERSA,ELEC-CTRL,,EA,,
000000000030000143,false,ERSA,CONV-COMP,ELL882134,EA,,
000000000010000634,false,ERSA,MECH-GBOX,,EA,,
000000000010000635,false,ERSA,CONV-COMP,ELL988228,EA,,
000000000090000037,false,ERSA,MECH-GBOX,ELL604278,EA,01,
000000000030000144,false,ERSA,MILL-LINR,,EA,,
000000000010000636,false,ERSA,HYDR-ASSY,ELL476878,EA,,
000000000010000637,false,ERSA,ELEC-CTRL,,EA,,
000000000010000638,false,HIBE,MILL-LINR,,EA,,
000000000010000639,false,HIBE,MECH-BRG,,EA,,
000000000010000640,false,ERSA,CONV-COMP,ELL584829,EA,,
000000000010000641,false,ERSA,ELEC-CTRL,,EA,,
000000000080000150,false,HIBE,HYDR-ASSY,ELL537833,EA,,
000000000010000642,false,ERSA,CONV-COMP,ELL292193,EA,,
000000000010000643,false,ERSA,INST-XMTR,ELL423945,EA,,
000000000080000151,false,ERSA,HYDR-ASSY,,EA,,
000000000010000644,false,ERSA,MECH-PUMP,,EA,,
000000000010000645,false,ERSA,ELEC-MOTR,ELL460903,EA,,
000000000030000145,false,ERSA,MECH-BRG,,EA,,
000000000010000646,false,ERSA,ELEC-CTRL,,EA,,
000000000030000146,false,ERSA,MECH-PUMP,,EA,,
000000000010000647,false,ERSA,ELEC-MOTR,,EA,,
000000000080000152,false,ERSA,MECH-GBOX,,EA,,
000000000010000648,false,ERSA,MECH-PUMP,,EA,,
000000000010000649,false,ERSA,INST-XMTR,,EA,,
000000000010000650,false,ERSA,MECH-PUMP,ELL467067,EA,,
000000000010000651,false,ERSA,HYDR-ASSY,ELL114790,EA,,
000000000010000652,false,ERSA,HYDR-ASSY,ELL313925,EA,,
000000000010000653,false,ERSA,MECH-SEAL,,EA,,
000000000010000654,false,ERSA,MECH-PUMP,,EA,,
000000000010000655,false,ERSA,MECH-GBOX,ELL788057,EA,,
000000000010000656,false,ERSA,HYDR-ASSY,,EA,,
000000000010000657,false,ERSA,ELEC-MOTR,ELL374317,EA,,
000000000010000658,false,ERSA,HYDR-ASSY,ELL816888,EA,,
000000000010000659,false,ERSA,MECH-PUMP,,EA,,
000000000010000660,false,ERSA,MECH-GBOX,,EA,,
000000000010000661,false,ERSA,INST-XMTR,ELL625633,EA,,
000000000010000662,false,ERSA,MILL-LINR,ELL228512,EA,,
000000000030000147,false,ERSA,MECH-BRG,,EA,,
000000000030000148,false,ERSA,MILL-LINR,ELL261098,EA,,
000000000010000663,false,ERSA,MECH-PUMP,ELL933466,EA,,
000000000010000664,false,HIBE,MILL-LINR,ELL337792,EA,,
000000000080000153,false,ERSA,MECH-GBOX,ELL576705,EA,,
000000000010000665,false,ERSA,HYDR-ASSY,ELL239283,EA,,
000000000010000666,false,ERSA,CONV-COMP,ELL809240,EA,,
000000000030000149,false,ERSA,MILL-LINR,,EA,,
000000000010000667,false,ERSA,ELEC-CTRL,ELL872321,EA,,
000000000010000668,false,ERSA,CONV-COMP,ELL670133,EA,,
000000000080000154,false,ERSA,MECH-SEAL,ELL106020,EA,,
000000000030000150,false,ERSA,MILL-LINR,ELL859093,EA,,
000000000010000669,false,HIBE,ELEC-CTRL,,EA,,
000000000010000670,false,ERSA,MECH-GBOX,,EA,,
000000000030000151,false,ERSA,MECH-PUMP,ELL415361,EA,,
000000000080000155,false,ERSA,CONV-COMP,,EA,,
000000000080000156,false,ERSA,MECH-GBOX,ELL709688,EA,,
000000000010000671,false,ERSA,ELEC-MOTR,,EA,,
000000000010000672,false,ERSA,MECH-BRG,,EA,,
000000000010000673,false,ERSA,MECH-SEAL,ELL163405,EA,,
000000000010000674,false,ERSA,ELEC-CTRL,,EA,,
000000000010000675,false,ERSA,MECH-BRG,,EA,,
000000000010000676,false,ERSA,ELEC-MOTR,,EA,,
000000000080000157,false,ERSA,ELEC-CTRL,,EA,,
000000000030000152,false,ERSA,MECH-SEAL,,EA,,
000000000080000158,false,ERSA,MECH-BRG,,EA,,
000000000090000038,false,ERSA,MECH-BRG,ELL149529,EA,01,
000000000030000153,false,ERSA,HYDR-ASSY,,EA,,
000000000010000677,false,ERSA,MECH-SEAL,,EA,,
000000000010000678,false,ERSA,ELEC-CTRL,,EA,,
000000000010000679,false,ERSA,HYDR-ASSY,,EA,,
000000000090000039,false,HIBE,MECH-PUMP,,EA,01,
000000000080000159,false,HIBE,MILL-LINR,,EA,,
000000000010000680,false,ERSA,INST-XMTR,ELL945289,EA,,
000000000010000681,false,ERSA,HYDR-ASSY,,EA,,
000000000080000160,false,ERSA,CONV-COMP,,EA,,
000000000030000154,false,ERSA,INST-XMTR,,EA,,
000000000010000682,false,ERSA,CONV-COMP,ELL168947,EA,,
000000000010000683,false,HIBE,CONV-COMP,,EA,,
000000000080000161,false,ERSA,MECH-SEAL,ELL446700,EA,,
000000000030000155,false,ERSA,ELEC-CTRL,ELL550691,EA,,
000000000010000684,false,ERSA,MECH-GBOX,,EA,,
000000000080000162,false,ERSA,CONV-COMP,,EA,,
000000000010000685,false,ERSA,HYDR-ASSY,,EA,,
000000000030000156,false,ERSA,CONV-COMP,ELL267749,EA,,
000000000010000686,false,ERSA,MECH-BRG,,EA,,
000000000090000040,false,ERSA,MECH-BRG,,EA,01,
000000000010000687,false,ERSA,MECH-GBOX,ELL908957,EA,,
000000000080000163,false,ERSA,MECH-PUMP,,EA,,
000000000010000688,false,ERSA,MECH-PUMP,,EA,,
000000000080000164,false,ERSA,HYDR-ASSY,,EA,,0001
000000000080000165,false,HIBE,MECH-SEAL,,EA,,Z00R
000000000030000157,false,ERSA,HYDR-ASSY,ELL131042,EA,,
000000000080000166,false,ERSA,HYDR-ASSY,ELL140990,EA,,
000000000090000041,false,HIBE,INST-XMTR,ELL638755,EA,01,
000000000080000167,false,ERSA,MECH-PUMP,,EA,,
000000000010000689,false,ERSA,MECH-GBOX,,EA,,
000000000010000690,false,ERSA,HYDR-ASSY,,EA,,
000000000010000691,false,HIBE,MECH-BRG,ELL963149,EA,,
000000000010000692,false,ERSA,MILL-LINR,,EA,,
000000000010000693,false,ERSA,HYDR-ASSY,ELL693157,EA,,
000000000010000694,false,ERSA,ELEC-CTRL,ELL201906,EA,,
000000000010000695,false,ERSA,CONV-COMP,,EA,,
000000000030000158,false,ERSA,ELEC-MOTR,ELL488932,EA,,
000000000010000696,false,ERSA,MILL-LINR,,EA,,
000000000010000697,false,HIBE,ELEC-MOTR,,EA,,
000000000010000698,false,HIBE,INST-XMTR,ELL652111,EA,,
000000000010000699,false,ERSA,HYDR-ASSY,ELL344087,EA,,
000000000010000700,false,HIBE,CONV-COMP,,EA,,
000000000010000701,false,ERSA,HYDR-ASSY,ELL780436,EA,,
000000000010000702,false,ERSA,HYDR-ASSY,,EA,,
000000000010000703,false,ERSA,MECH-BRG,,EA,,
000000000010000704,false,ERSA,HYDR-ASSY,,EA,,
000000000080000168,false,HIBE,MECH-BRG,ELL698595,EA,,
000000000010000705,false,ERSA,MILL-LINR,,EA,,
000000000010000706,false,ERSA,MECH-GBOX,,EA,,
000000000030000159,false,HIBE,CONV-COMP,,EA,,
000000000010000707,false,ERSA,MILL-LINR,,EA,,
000000000010000708,false,HIBE,MECH-BRG,,EA,,
000000000010000709,false,ERSA,INST-XMTR,,EA,,
000000000010000710,false,ERSA,MECH-PUMP,,EA,,
000000000010000711,false,ERSA,HYDR-ASSY,ELL756227,EA,,
000000000030000160,false,ERSA,INST-XMTR,ELL775360,EA,,
000000000010000712,false,ERSA,MECH-PUMP,,EA,,
000000000010000713,false,ERSA,HYDR-ASSY,,EA,,
000000000010000714,false,ERSA,MILL-LINR,,EA,,
000000000010000715,false,ERSA,MECH-GBOX,,EA,,
000000000010000716,false,ERSA,INST-XMTR,ELL415159,EA,,
000000000010000717,false,ERSA,MECH-GBOX,,EA,,
000000000010000718,false,ERSA,MECH-PUMP,,EA,,
000000000080000169,false,ERSA,HYDR-ASSY,ELL192715,EA,,
000000000010000719,false,ERSA,MECH-SEAL,,EA,,
000000000010000720,false,ERSA,ELEC-CTRL,ELL913791,EA,,
000000000010000721,false,ERSA,MILL-LINR,ELL744906,EA,,
000000000010000722,false,ERSA,MILL-LINR,,EA,,
000000000010000723,false,HIBE,ELEC-CTRL,,EA,,
000000000030000161,false,ERSA,INST-XMTR,,EA,,
000000000010000724,false,ERSA,ELEC-CTRL,,EA,,
000000000030000162,false,ERSA,HYDR-ASSY,ELL546519,EA,,
000000000090000042,false,HIBE,CONV-COMP,,EA,01,
000000000030000163,false,ERSA,MILL-LINR,ELL962915,EA,,
000000000010000725,false,ERSA,CONV-COMP,,EA,,
000000000010000726,false,ERSA,ELEC-MOTR,,EA,,
000000000030000164,false,ERSA,CONV-COMP,ELL787984,EA,,
000000000010000727,false,ERSA,ELEC-MOTR,,EA,,
000000000090000043,false,HIBE,MECH-PUMP,ELL894075,EA,01,
000000000010000728,false,ERSA,MECH-PUMP,,EA,,
000000000080000170,false,HIBE,MECH-GBOX,,EA,,
000000000010000729,false,ERSA,CONV-COMP,,EA,,
000000000080000171,false,ERSA,MILL-LINR,ELL682235,EA,,
000000000030000165,false,ERSA,MECH-BRG,,EA,,
000000000010000730,false,ERSA,MILL-LINR,,EA,,
000000000010000731,false,ERSA,MECH-SEAL,,EA,,
000000000010000732,false,ERSA,MILL-LINR,,EA,,
000000000010000733,false,ERSA,MILL-LINR,,EA,,
000000000010000734,false,ERSA,MECH-BRG,,EA,,
000000000010000735,false,ERSA,MECH-GBOX,,EA,,
000000000010000736,false,ERSA,MILL-LINR,,EA,,
000000000010000737,false,ERSA,MECH-SEAL,,EA,,
000000000080000172,false,ERSA,MECH-BRG,,EA,,Z00R
000000000080000173,false,ERSA,HYDR-ASSY,,EA,,
000000000090000044,false,HIBE,MECH-SEAL,ELL601604,EA,01,
000000000030000166,false,ERSA,ELEC-MOTR,ELL201229,EA,,
000000000010000738,false,ERSA,MECH-BRG,ELL497653,EA,,
000000000010000739,false,HIBE,MECH-BRG,ELL329392,EA,,
000000000010000740,false,HIBE,MECH-GBOX,,EA,,
000000000010000741,false,ERSA,MECH-SEAL,ELL222885,EA,,
000000000080000174,false,ERSA,ELEC-MOTR,,EA,,
000000000010000742,false,ERSA,MECH-BRG,ELL472433,EA,,
000000000010000743,false,ERSA,ELEC-MOTR,,EA,,
000000000010000744,false,ERSA,MILL-LINR,,EA,,
000000000030000167,false,ERSA,ELEC-CTRL,,EA,,
000000000010000745,false,ERSA,MILL-LINR,,EA,,
000000000010000746,false,ERSA,ELEC-MOTR,,EA,,
000000000010000747,false,ERSA,MECH-GBOX,ELL243803,EA,,
000000000010000748,false,ERSA,ELEC-MOTR,,EA,,
000000000030000168,false,ERSA,MECH-GBOX,,EA,,
000000000030000169,false,ERSA,MECH-BRG,ELL883506,EA,,
000000000010000749,false,ERSA,INST-XMTR,,EA,,
000000000030000170,false,ERSA,CONV-COMP,,EA,,
000000000080000175,false,ERSA,MECH-GBOX,,EA,,0001
000000000010000750,false,ERSA,MECH-PUMP,,EA,,
000000000080000176,false,ERSA,INST-XMTR,,EA,,
000000000010000751,false,HIBE,HYDR-ASSY,ELL919017,EA,,
000000000010000752,false,ERSA,INST-XMTR,,EA,,
000000000010000753,false,ERSA,HYDR-ASSY,ELL466421,EA,,
000000000010000754,false,HIBE,CONV-COMP,,EA,,
000000000030000171,false,ERSA,MECH-GBOX,,EA,,
000000000010000755,false,ERSA,MECH-GBOX,,EA,,
000000000010000756,false,ERSA,MECH-SEAL,ELL941566,EA,,
000000000010000757,false,ERSA,MILL-LINR,ELL913847,EA,,
000000000080000177,false,ERSA,MILL-LINR,,EA,,
000000000080000178,false,ERSA,HYDR-ASSY,,EA,,
000000000010000758,false,HIBE,MECH-BRG,,EA,,
000000000010000759,false,ERSA,HYDR-ASSY,ELL849649,EA,,
000000000030000172,false,ERSA,MECH-SEAL,,EA,,
000000000010000760,false,HIBE,MECH-GBOX,,EA,,
000000000010000761,false,ERSA,MECH-SEAL,,EA,,
000000000080000179,false,ERSA,MILL-LINR,,EA,,
000000000010000762,false,ERSA,ELEC-MOTR,,EA,,
000000000080000180,false,ERSA,ELEC-MOTR,,EA,,0001
000000000010000763,false,ERSA,INST-XMTR,,EA,,
000000000080000181,false,ERSA,MECH-SEAL,ELL122802,EA,,Z00R
000000000010000764,false,ERSA,HYDR-ASSY,ELL150988,EA,,
000000000010000765,false,ERSA,ELEC-MOTR,,EA,,
000000000010000766,false,ERSA,HYDR-ASSY,ELL838299,EA,,
000000000010000767,false,ERSA,MECH-PUMP,,EA,,
000000000080000182,false,ERSA,INST-XMTR,,EA,,
000000000030000173,false,HIBE,MECH-BRG,,EA,,
000000000010000768,false,ERSA,ELEC-CTRL,,EA,,
000000000010000769,false,ERSA,INST-XMTR,,EA,,
000000000010000770,false,ERSA,CONV-COMP,ELL305229,EA,,
000000000030000174,false,ERSA,MECH-GBOX,,EA,,
000000000010000771,false,ERSA,HYDR-ASSY,ELL292539,EA,,
000000000030000175,false,ERSA,MECH-PUMP,,EA,,
000000000010000772,false,ERSA,ELEC-MOTR,,EA,,
000000000010000773,false,ERSA,MECH-GBOX,ELL980121,EA,,
000000000010000774,false,ERSA,CONV-COMP,ELL544390,EA,,
000000000010000775,false,ERSA,MECH-GBOX,ELL897741,EA,,
000000000010000776,false,ERSA,CONV-COMP,ELL508304,EA,,
000000000080000183,false,ERSA,MECH-BRG,,EA,,
000000000010000777,false,ERSA,HYDR-ASSY,,EA,,
000000000080000184,false,ERSA,ELEC-CTRL,ELL202486,EA,,
000000000010000778,false,ERSA,MECH-BRG,,EA,,
000000000010000779,false,ERSA,MECH-BRG,,EA,,
000000000090000045,false,ERSA,MECH-BRG,ELL132453,EA,01,
000000000010000780,false,ERSA,HYDR-ASSY,,EA,,
000000000010000781,false,HIBE,MECH-BRG,,EA,,
000000000010000782,false,ERSA,CONV-COMP,,EA,,
000000000010000783,false,ERSA,MILL-LINR,ELL151125,EA,,
000000000030000176,false,ERSA,HYDR-ASSY,,EA,,
000000000010000784,false,ERSA,CONV-COMP,ELL514822,EA,,
000000000080000185,false,ERSA,ELEC-CTRL,ELL764410,EA,,
000000000010000785,false,ERSA,MILL-LINR,,EA,,
000000000010000786,false,ERSA,HYDR-ASSY,,EA,,
000000000010000787,false,ERSA,MECH-SEAL,,EA,,
000000000010000788,false,ERSA,MECH-PUMP,ELL843117,EA,,
000000000010000789,false,ERSA,ELEC-CTRL,ELL172008,EA,,
000000000030000177,false,ERSA,HYDR-ASSY,,EA,,
000000000010000790,false,ERSA,INST-XMTR,ELL503441,EA,,
000000000010000791,false,ERSA,MECH-SEAL,,EA,,
000000000010000792,false,ERSA,MILL-LINR,,EA,,
000000000010000793,false,ERSA,HYDR-ASSY,,EA,,
000000000030000178,false,ERSA,MECH-SEAL,,EA,,
000000000010000794,false,ERSA,MILL-LINR,,EA,,
000000000010000795,false,ERSA,CONV-COMP,,EA,,
000000000090000046,false,HIBE,MECH-PUMP,,EA,01,
000000000010000796,false,ERSA,MECH-PUMP,,EA,,
000000000010000797,false,ERSA,ELEC-MOTR,,EA,,
000000000010000798,false,ERSA,ELEC-MOTR,,EA,,
000000000030000179,false,ERSA,MECH-GBOX,,EA,,
000000000030000180,false,ERSA,MECH-PUMP,,EA,,
000000000030000181,false,ERSA,MILL-LINR,,EA,,
000000000030000182,false,ERSA,MECH-SEAL,ELL494085,EA,,
000000000010000799,false,ERSA,MILL-LINR,,EA,,
000000000010000800,false,ERSA,MECH-SEAL,ELL536254,EA,,
000000000010000801,false,ERSA,MECH-GBOX,ELL607562,EA,,
000000000010000802,false,HIBE,MILL-LINR,,EA,,
000000000010000803,false,HIBE,HYDR-ASSY,,EA,,
000000000010000804,false,ERSA,MECH-GBOX,ELL723977,EA,,
000000000010000805,false,ERSA,CONV-COMP,,EA,,
000000000010000806,false,ERSA,MECH-PUMP,,EA,,
000000000010000807,false,ERSA,INST-XMTR,,EA,,
000000000010000808,false,ERSA,MECH-GBOX,ELL989518,EA,,
000000000010000809,false,ERSA,MECH-BRG,,EA,,
000000000080000186,false,HIBE,MECH-BRG,,EA,,
000000000010000810,false,ERSA,MECH-GBOX,,EA,,
000000000010000811,false,ERSA,ELEC-CTRL,ELL520872,EA,,
000000000030000183,false,ERSA,MECH-PUMP,,EA,,
000000000010000812,false,ERSA,ELEC-MOTR,,EA,,
000000000030000184,false,ERSA,ELEC-MOTR,,EA,,
000000000010000813,false,ERSA,MECH-BRG,ELL290162,EA,,
000000000010000814,false,ERSA,CONV-COMP,,EA,,
000000000030000185,false,ERSA,MECH-GBOX,ELL665665,EA,,
000000000010000815,false,ERSA,MECH-BRG,ELL704249,EA,,
000000000080000187,false,ERSA,ELEC-MOTR,,EA,,Z00R
000000000010000816,false,ERSA,MECH-PUMP,,EA,,
000000000010000817,false,ERSA,MECH-BRG,,EA,,
000000000080000188,false,ERSA,ELEC-CTRL,,EA,,Z00R
000000000030000186,false,ERSA,CONV-COMP,ELL592173,EA,,
000000000010000818,false,HIBE,CONV-COMP,ELL575681,EA,,
000000000010000819,false,ERSA,ELEC-MOTR,ELL647295,EA,,
000000000010000820,false,ERSA,INST-XMTR,ELL378035,EA,,
000000000010000821,false,ERSA,HYDR-ASSY,ELL467547,EA,,
000000000010000822,false,ERSA,CONV-COMP,,EA,,
000000000010000823,false,HIBE,MECH-PUMP,,EA,,
000000000030000187,false,HIBE,CONV-COMP,,EA,,
000000000080000189,false,ERSA,MECH-PUMP,,EA,,
000000000010000824,false,ERSA,MECH-BRG,,EA,,
000000000010000825,false,ERSA,MILL-LINR,,EA,,
000000000010000826,false,ERSA,ELEC-CTRL,,EA,,
000000000030000188,false,ERSA,MILL-LINR,,EA,,
000000000010000827,false,ERSA,MILL-LINR,,EA,,
000000000080000190,false,ERSA,MECH-BRG,ELL918841,EA,,
000000000010000828,false,ERSA,MECH-GBOX,,EA,,
000000000010000829,false,ERSA,ELEC-CTRL,ELL282905,EA,,
000000000010000830,false,ERSA,CONV-COMP,ELL117011,EA,,
000000000080000191,false,HIBE,MECH-BRG,ELL754708,EA,,
000000000030000189,false,HIBE,MECH-PUMP,ELL617832,EA,,
000000000010000831,false,ERSA,MECH-BRG,,EA,,
000000000010000832,false,ERSA,MILL-LINR,,EA,,
000000000090000047,false,ERSA,MECH-SEAL,,EA,01,
000000000010000833,false,HIBE,MECH-BRG,ELL249314,EA,,
000000000010000834,false,HIBE,INST-XMTR,ELL536214,EA,,
000000000090000048,false,ERSA,HYDR-ASSY,,EA,01,
000000000030000190,false,ERSA,MILL-LINR,,EA,,
000000000010000835,false,ERSA,MECH-BRG,,EA,,
000000000010000836,false,ERSA,MECH-BRG,,EA,,
000000000030000191,false,ERSA,MECH-SEAL,ELL761510,EA,,
000000000030000192,false,ERSA,ELEC-MOTR,,EA,,
000000000010000837,false,ERSA,MECH-BRG,,EA,,
000000000010000838,false,ERSA,INST-XMTR,,EA,,
000000000010000839,false,ERSA,CONV-COMP,,EA,,
000000000010000840,false,ERSA,MECH-PUMP,,EA,,
000000000010000841,false,ERSA,MECH-BRG,,EA,,
000000000010000842,false,ERSA,INST-XMTR,,EA,,
000000000080000192,false,ERSA,CONV-COMP,,EA,,Z00R
000000000030000193,false,ERSA,CONV-COMP,ELL554009,EA,,
000000000030000194,false,ERSA,CONV-COMP,ELL282144,EA,,
000000000010000843,false,HIBE,MECH-PUMP,,EA,,
000000000010000844,false,ERSA,CONV-COMP,,EA,,
000000000080000193,false,ERSA,ELEC-MOTR,,EA,,
000000000010000845,false,ERSA,MECH-PUMP,ELL866400,EA,,
000000000030000195,false,ERSA,MECH-GBOX,,EA,,
000000000010000846,false,ERSA,MECH-PUMP,,EA,,
000000000010000847,false,ERSA,ELEC-CTRL,,EA,,
000000000080000194,false,ERSA,INST-XMTR,,EA,,
000000000080000195,false,ERSA,MECH-BRG,ELL920095,EA,,
000000000010000848,false,ERSA,MECH-GBOX,,EA,,
000000000010000849,false,ERSA,INST-XMTR,,EA,,
000000000080000196,false,ERSA,MECH-SEAL,,EA,,
000000000010000850,false,ERSA,ELEC-CTRL,ELL987452,EA,,
000000000080000197,false,ERSA,INST-XMTR,ELL844523,EA,,
000000000010000851,false,ERSA,INST-XMTR,ELL554210,EA,,
000000000010000852,false,ERSA,MILL-LINR,ELL494834,EA,,
000000000010000853,false,ERSA,ELEC-MOTR,,EA,,
000000000010000854,false,ERSA,MECH-BRG,,EA,,
000000000010000855,false,ERSA,MECH-BRG,,EA,,
000000000010000856,false,ERSA,ELEC-MOTR,ELL854775,EA,,
000000000090000049,false,ERSA,ELEC-MOTR,ELL158880,EA,01,
000000000010000857,false,ERSA,MECH-BRG,,EA,,
000000000010000858,false,ERSA,ELEC-MOTR,,EA,,
000000000010000859,false,HIBE,MECH-PUMP,,EA,,
000000000010000860,false,ERSA,ELEC-CTRL,ELL853229,EA,,
000000000010000861,false,ERSA,MECH-SEAL,ELL277058,EA,,
000000000030000196,false,ERSA,MECH-SEAL,,EA,,
000000000010000862,false,HIBE,ELEC-MOTR,,EA,,
000000000010000863,false,ERSA,MECH-PUMP,,EA,,
000000000010000864,false,ERSA,MECH-SEAL,,EA,,
000000000080000198,false,HIBE,MILL-LINR,,EA,,
000000000010000865,false,HIBE,HYDR-ASSY,,EA,,
000000000080000199,false,ERSA,MECH-PUMP,,EA,,
000000000010000866,false,ERSA,ELEC-MOTR,,EA,,
000000000010000867,false,ERSA,MECH-BRG,ELL220585,EA,,
000000000090000050,false,ERSA,MECH-BRG,ELL489256,EA,01,
000000000010000868,false,ERSA,MECH-BRG,,EA,,
000000000030000197,false,ERSA,ELEC-MOTR,ELL850493,EA,,
000000000010000869,false,HIBE,HYDR-ASSY,,EA,,
000000000080000200,false,ERSA,MECH-GBOX,,EA,,
000000000010000870,false,ERSA,MILL-LINR,,EA,,
000000000010000871,false,ERSA,MILL-LINR,,EA,,
000000000030000198,false,ERSA,ELEC-MOTR,ELL836674,EA,,
000000000010000872,false,ERSA,ELEC-MOTR,ELL543526,EA,,
000000000010000873,false,HIBE,INST-XMTR,,EA,,
000000000010000874,false,HIBE,ELEC-MOTR,,EA,,
000000000030000199,false,ERSA,HYDR-ASSY,ELL537964,EA,,
000000000010000875,false,ERSA,INST-XMTR,,EA,,
000000000030000200,false,HIBE,ELEC-CTRL,ELL482110,EA,,
000000000080000201,false,ERSA,HYDR-ASSY,,EA,,
000000000090000051,false,ERSA,HYDR-ASSY,,EA,01,
000000000010000876,false,ERSA,CONV-COMP,,EA,,
000000000010000877,false,ERSA,INST-XMTR,ELL812311,EA,,
000000000010000878,false,ERSA,MECH-GBOX,ELL424345,EA,,
000000000090000052,false,ERSA,MILL-LINR,,EA,01,
000000000010000879,false,ERSA,MECH-BRG,,EA,,
000000000010000880,false,ERSA,MECH-BRG,,EA,,
000000000030000201,false,ERSA,ELEC-CTRL,,EA,,
000000000010000881,false,ERSA,MECH-SEAL,ELL765954,EA,,
000000000010000882,false,ERSA,ELEC-MOTR,,EA,,
000000000080000202,false,ERSA,INST-XMTR,,EA,,
000000000010000883,false,ERSA,MECH-SEAL,ELL656306,EA,,
000000000080000203,false,ERSA,ELEC-CTRL,,EA,,
000000000010000884,false,ERSA,MECH-SEAL,ELL765559,EA,,
000000000010000885,false,ERSA,HYDR-ASSY,,EA,,
000000000010000886,false,ERSA,MILL-LINR,,EA,,
000000000080000204,false,ERSA,CONV-COMP,,EA,,
000000000010000887,false,ERSA,INST-XMTR,,EA,,
000000000010000888,false,ERSA,MECH-BRG,,EA,,
000000000010000889,false,ERSA,HYDR-ASSY,,EA,,
000000000030000202,false,ERSA,HYDR-ASSY,ELL134939,EA,,
000000000010000890,false,ERSA,MECH-SEAL,,EA,,
000000000010000891,false,ERSA,MECH-SEAL,,EA,,
000000000010000892,false,ERSA,INST-XMTR,,EA,,
000000000030000203,false,ERSA,ELEC-MOTR,,EA,,
000000000010000893,false,ERSA,MECH-PUMP,,EA,,
000000000010000894,false,ERSA,CONV-COMP,,EA,,
000000000010000895,false,ERSA,CONV-COMP,,EA,,
000000000080000205,false,ERSA,MECH-BRG,,EA,,
000000000010000896,false,ERSA,INST-XMTR,ELL645769,EA,,
000000000080000206,false,ERSA,MILL-LINR,ELL377170,EA,,
000000000010000897,false,ERSA,ELEC-MOTR,ELL978276,EA,,
000000000010000898,false,ERSA,MILL-LINR,,EA,,
000000000030000204,false,ERSA,MECH-GBOX,ELL828666,EA,,
000000000010000899,false,ERSA,HYDR-ASSY,,EA,,
000000000090000053,false,ERSA,HYDR-ASSY,ELL825822,EA,01,
000000000010000900,false,ERSA,MILL-LINR,,EA,,
000000000010000901,false,ERSA,HYDR-ASSY,,EA,,
000000000030000205,false,ERSA,INST-XMTR,,EA,,
000000000010000902,false,HIBE,MECH-SEAL,ELL395143,EA,,
000000000010000903,false,ERSA,MECH-PUMP,ELL965619,EA,,
000000000030000206,false,ERSA,MECH-PUMP,,EA,,
000000000010000904,false,ERSA,HYDR-ASSY,,EA,,
000000000010000905,false,ERSA,HYDR-ASSY,,EA,,
000000000010000906,false,ERSA,MILL-LINR,,EA,,
000000000010000907,false,ERSA,MECH-BRG,ELL628212,EA,,
000000000010000908,false,HIBE,ELEC-MOTR,,EA,,
000000000030000207,false,ERSA,MECH-GBOX,,EA,,
000000000080000207,false,ERSA,MECH-PUMP,,EA,,Z00R
000000000010000909,false,ERSA,INST-XMTR,,EA,,
000000000010000910,false,ERSA,MECH-PUMP,,EA,,
000000000010000911,false,ERSA,MECH-PUMP,,EA,,
000000000080000208,false,ERSA,MECH-BRG,,EA,,
000000000080000209,false,ERSA,MECH-SEAL,,EA,,Z00R
000000000010000912,false,ERSA,MECH-GBOX,,EA,,
000000000030000208,false,ERSA,MILL-LINR,,EA,,
000000000010000913,false,ERSA,ELEC-MOTR,,EA,,
000000000010000914,false,ERSA,MECH-SEAL,ELL199302,EA,,
000000000010000915,false,ERSA,CONV-COMP,ELL952524,EA,,
000000000010000916,false,ERSA,HYDR-ASSY,,EA,,
000000000010000917,false,HIBE,MILL-LINR,,EA,,
000000000010000918,false,ERSA,MECH-PUMP,,EA,,
000000000010000919,false,ERSA,MECH-GBOX,,EA,,
000000000010000920,false,ERSA,INST-XMTR,,EA,,
000000000030000209,false,ERSA,MECH-BRG,,EA,,
000000000030000210,false,ERSA,ELEC-CTRL,,EA,,
000000000010000921,false,ERSA,MECH-SEAL,,EA,,
000000000010000922,false,ERSA,MECH-PUMP,,EA,,
000000000090000054,false,ERSA,MECH-PUMP,,EA,01,
000000000030000211,false,ERSA,HYDR-ASSY,,EA,,
000000000010000923,false,ERSA,INST-XMTR,,EA,,
000000000010000924,false,ERSA,CONV-COMP,,EA,,
000000000010000925,false,ERSA,MECH-PUMP,,EA,,
000000000010000926,false,ERSA,MECH-BRG,ELL887809,EA,,
000000000010000927,false,ERSA,INST-XMTR,ELL454904,EA,,
000000000010000928,false,ERSA,MECH-GBOX,ELL325323,EA,,
000000000010000929,false,ERSA,ELEC-CTRL,,EA,,
000000000030000212,false,ERSA,INST-XMTR,ELL590062,EA,,
000000000090000055,false,ERSA,MECH-PUMP,ELL491726,EA,01,
000000000010000930,false,HIBE,MECH-PUMP,,EA,,
000000000030000213,false,HIBE,MECH-SEAL,ELL448494,EA,,
000000000010000931,false,ERSA,MILL-LINR,,EA,,
000000000010000932,false,ERSA,ELEC-CTRL,,EA,,
000000000010000933,false,ERSA,MECH-SEAL,,EA,,
000000000010000934,false,ERSA,MECH-SEAL,,EA,,
000000000010000935,false,ERSA,MECH-PUMP,ELL662804,EA,,
000000000010000936,false,ERSA,ELEC-MOTR,,EA,,
000000000080000210,false,ERSA,MECH-SEAL,,EA,,0001
000000000090000056,false,ERSA,ELEC-MOTR,,EA,01,
000000000010000937,false,ERSA,MILL-LINR,,EA,,
000000000090000057,false,ERSA,MECH-BRG,,EA,01,
000000000030000214,false,ERSA,ELEC-MOTR,,EA,,
000000000010000938,false,ERSA,MECH-PUMP,,EA,,
000000000010000939,false,ERSA,MECH-GBOX,,EA,,
000000000030000215,false,ERSA,MILL-LINR,,EA,,
000000000010000940,false,ERSA,MECH-SEAL,,EA,,
000000000030000216,false,ERSA,MILL-LINR,,EA,,
000000000080000211,false,HIBE,ELEC-MOTR,ELL348905,EA,,0001
000000000030000217,false,ERSA,INST-XMTR,ELL876032,EA,,
000000000080000212,false,ERSA,CONV-COMP,,EA,,
000000000090000058,false,ERSA,INST-XMTR,,EA,01,
000000000010000941,false,HIBE,MECH-BRG,,EA,,
000000000010000942,false,ERSA,HYDR-ASSY,ELL437172,EA,,
000000000030000218,false,ERSA,MECH-SEAL,,EA,,
000000000010000943,false,ERSA,HYDR-ASSY,ELL423595,EA,,
000000000010000944,false,ERSA,MECH-GBOX,,EA,,
000000000010000945,false,ERSA,CONV-COMP,,EA,,
000000000010000946,false,ERSA,CONV-COMP,,EA,,
000000000030000219,false,ERSA,MECH-PUMP,,EA,,
000000000010000947,false,ERSA,MILL-LINR,,EA,,
000000000010000948,false,ERSA,ELEC-CTRL,,EA,,
000000000010000949,false,HIBE,MECH-PUMP,,EA,,
000000000030000220,false,ERSA,CONV-COMP,,EA,,
000000000010000950,false,ERSA,MECH-SEAL,,EA,,
000000000080000213,false,ERSA,MILL-LINR,,EA,,
000000000010000951,false,ERSA,INST-XMTR,,EA,,
000000000010000952,false,HIBE,ELEC-MOTR,,EA,,
000000000080000214,false,HIBE,CONV-COMP,ELL472178,EA,,
000000000010000953,false,ERSA,MECH-GBOX,,EA,,
000000000010000954,false,ERSA,MECH-BRG,,EA,,
000000000010000955,false,ERSA,ELEC-MOTR,,EA,,
000000000010000956,false,ERSA,MECH-PUMP,,EA,,
000000000010000957,false,ERSA,INST-XMTR,ELL470731,EA,,
000000000010000958,false,ERSA,INST-XMTR,,EA,,
000000000090000059,false,ERSA,CONV-COMP,ELL484779,EA,01,
000000000030000221,false,ERSA,MILL-LINR,,EA,,
000000000010000959,false,ERSA,ELEC-CTRL,,EA,,
000000000030000222,false,ERSA,MECH-PUMP,,EA,,
000000000010000960,false,ERSA,MECH-GBOX,ELL278015,EA,,
000000000010000961,false,ERSA,MECH-PUMP,,EA,,
000000000010000962,false,ERSA,CONV-COMP,ELL536407,EA,,
000000000030000223,false,HIBE,MECH-GBOX,,EA,,
000000000030000224,false,ERSA,MECH-BRG,,EA,,
000000000010000963,false,ERSA,MECH-GBOX,,EA,,
000000000010000964,false,ERSA,CONV-COMP,,EA,,
000000000010000965,false,ERSA,INST-XMTR,,EA,,
000000000010000966,false,ERSA,ELEC-MOTR,,EA,,
000000000030000225,false,ERSA,ELEC-MOTR,ELL936740,EA,,
000000000010000967,false,ERSA,ELEC-CTRL,,EA,,
000000000030000226,false,ERSA,MECH-GBOX,,EA,,
000000000010000968,false,ERSA,CONV-COMP,,EA,,
000000000080000215,false,ERSA,MECH-BRG,,EA,,
000000000030000227,false,ERSA,ELEC-CTRL,,EA,,
000000000010000969,false,HIBE,INST-XMTR,,EA,,
000000000010000970,false,ERSA,MECH-GBOX,ELL361206,EA,,
000000000010000971,false,ERSA,MECH-BRG,,EA,,
000000000010000972,false,ERSA,MECH-BRG,,EA,,
000000000010000973,false,ERSA,ELEC-MOTR,,EA,,
000000000030000228,false,ERSA,ELEC-CTRL,ELL405772,EA,,
000000000010000974,false,ERSA,HYDR-ASSY,ELL140609,EA,,
000000000010000975,false,ERSA,CONV-COMP,,EA,,
000000000030000229,false,ERSA,HYDR-ASSY,,EA,,
000000000010000976,false,ERSA,MECH-BRG,ELL795168,EA,,
000000000010000977,false,ERSA,INST-XMTR,,EA,,
000000000090000060,false,ERSA,CONV-COMP,,EA,01,
000000000080000216,false,ERSA,ELEC-CTRL,,EA,,
000000000030000230,false,ERSA,CONV-COMP,,EA,,
000000000030000231,false,ERSA,INST-XMTR,ELL590680,EA,,
000000000030000232,false,HIBE,MILL-LINR,ELL247112,EA,,
000000000010000978,false,ERSA,CONV-COMP,,EA,,
000000000080000217,false,ERSA,MECH-PUMP,,EA,,
000000000010000979,false,ERSA,CONV-COMP,ELL372743,EA,,
000000000010000980,false,ERSA,MECH-GBOX,ELL313573,EA,,
000000000010000981,false,ERSA,MECH-SEAL,,EA,,
000000000090000061,false,HIBE,INST-XMTR,,EA,01,
000000000030000233,false,ERSA,CONV-COMP,ELL104613,EA,,
000000000090000062,false,ERSA,MECH-BRG,ELL723603,EA,01,
000000000010000982,false,ERSA,ELEC-CTRL,,EA,,
000000000030000234,false,ERSA,INST-XMTR,ELL233390,EA,,
000000000030000235,false,ERSA,INST-XMTR,,EA,,
000000000010000983,false,ERSA,CONV-COMP,ELL836978,EA,,
000000000010000984,false,ERSA,HYDR-ASSY,ELL455699,EA,,
000000000010000985,false,ERSA,ELEC-MOTR,,EA,,
000000000080000218,false,ERSA,MILL-LINR,,EA,,
000000000030000236,false,ERSA,MECH-BRG,ELL179704,EA,,
000000000010000986,false,ERSA,MILL-LINR,,EA,,
000000000010000987,false,ERSA,MECH-SEAL,,EA,,
000000000010000988,false,ERSA,ELEC-MOTR,,EA,,
000000000010000989,false,ERSA,CONV-COMP,ELL884562,EA,,
000000000010000990,false,HIBE,MECH-SEAL,,EA,,
000000000010000991,false,HIBE,MILL-LINR,,EA,,
000000000010000992,false,ERSA,MECH-GBOX,ELL316003,EA,,
000000000030000237,false,ERSA,MECH-GBOX,,EA,,
000000000010000993,false,HIBE,ELEC-CTRL,,EA,,
000000000010000994,false,ERSA,CONV-COMP,ELL667084,EA,,
000000000010000995,false,ERSA,MECH-SEAL,ELL167049,EA,,
000000000010000996,false,ERSA,MILL-LINR,,EA,,
000000000010000997,false,ERSA,MECH-BRG,,EA,,
000000000010000998,false,ERSA,MECH-GBOX,ELL282177,EA,,
000000000010000999,false,ERSA,MECH-SEAL,,EA,,
000000000010001000,false,ERSA,CONV-COMP,ELL340113,EA,,
000000000010001001,false,ERSA,MECH-SEAL,,EA,,
000000000030000238,false,ERSA,MILL-LINR,ELL668527,EA,,
000000000010001002,false,ERSA,MECH-GBOX,,EA,,
000000000030000239,false,ERSA,MECH-PUMP,,EA,,
000000000010001003,false,ERSA,INST-XMTR,ELL921809,EA,,
000000000010001004,false,ERSA,MECH-BRG,ELL610616,EA,,
000000000010001005,false,ERSA,ELEC-CTRL,,EA,,
000000000030000240,false,ERSA,MECH-PUMP,,EA,,
000000000030000241,false,ERSA,CONV-COMP,,EA,,
000000000010001006,false,HIBE,MECH-PUMP,,EA,,
000000000030000242,false,ERSA,HYDR-ASSY,,EA,,
000000000030000243,false,HIBE,CONV-COMP,ELL530577,EA,,
000000000010001007,false,ERSA,MECH-BRG,,EA,,
000000000010001008,false,ERSA,MILL-LINR,,EA,,
000000000010001009,false,ERSA,MILL-LINR,,EA,,
000000000080000219,false,ERSA,ELEC-CTRL,,EA,,
000000000090000063,false,ERSA,MECH-GBOX,,EA,01,
000000000010001010,false,ERSA,INST-XMTR,,EA,,
000000000080000220,false,ERSA,HYDR-ASSY,,EA,,Z00R
000000000010001011,false,ERSA,CONV-COMP,,EA,,
000000000080000221,false,ERSA,INST-XMTR,,EA,,
000000000010001012,false,ERSA,MECH-SEAL,ELL134276,EA,,
000000000010001013,false,ERSA,MECH-SEAL,ELL614121,EA,,
000000000010001014,false,ERSA,MECH-BRG,ELL908656,EA,,
000000000010001015,false,ERSA,MECH-BRG,,EA,,
000000000010001016,false,ERSA,MECH-BRG,,EA,,
000000000010001017,false,ERSA,MILL-LINR,,EA,,
000000000010001018,false,ERSA,CONV-COMP,ELL560035,EA,,
000000000010001019,false,ERSA,MECH-PUMP,,EA,,
000000000010001020,false,ERSA,ELEC-CTRL,ELL353667,EA,,
000000000010001021,false,ERSA,ELEC-MOTR,,EA,,
000000000010001022,false,ERSA,MECH-SEAL,ELL449264,EA,,
000000000010001023,false,ERSA,INST-XMTR,,EA,,
000000000010001024,false,HIBE,MILL-LINR,,EA,,
000000000010001025,false,ERSA,HYDR-ASSY,,EA,,
000000000010001026,false,ERSA,MECH-SEAL,ELL237779,EA,,
000000000010001027,false,ERSA,MECH-BRG,,EA,,
000000000010001028,false,ERSA,MECH-PUMP,,EA,,
000000000080000222,false,ERSA,ELEC-CTRL,,EA,,
000000000010001029,false,ERSA,MECH-SEAL,,EA,,
000000000030000244,false,ERSA,MECH-PUMP,,EA,,
000000000090000064,false,ERSA,INST-XMTR,,EA,01,
000000000010001030,false,HIBE,MECH-GBOX,,EA,,
000000000010001031,false,ERSA,CONV-COMP,,EA,,
000000000030000245,false,ERSA,ELEC-MOTR,,EA,,
000000000010001032,false,ERSA,INST-XMTR,,EA,,
000000000010001033,false,HIBE,CONV-COMP,,EA,,
000000000010001034,false,ERSA,MECH-PUMP,ELL346080,EA,,
000000000010001035,false,ERSA,MECH-SEAL,,EA,,
000000000010001036,false,ERSA,INST-XMTR,,EA,,
000000000080000223,false,ERSA,MECH-BRG,,EA,,
000000000080000224,false,ERSA,MECH-SEAL,,EA,,
000000000010001037,false,ERSA,HYDR-ASSY,,EA,,
000000000010001038,false,ERSA,MECH-BRG,,EA,,
000000000080000225,false,ERSA,MILL-LINR,,EA,,
000000000090000065,false,ERSA,HYDR-ASSY,,EA,01,
000000000030000246,false,ERSA,MECH-BRG,,EA,,
000000000030000247,false,ERSA,CONV-COMP,,EA,,
000000000010001039,false,ERSA,MECH-SEAL,ELL153934,EA,,
000000000010001040,false,ERSA,MILL-LINR,ELL929128,EA,,
000000000030000248,false,ERSA,MECH-SEAL,,EA,,
000000000080000226,false,HIBE,MECH-BRG,,EA,,
000000000030000249,false,ERSA,MECH-BRG,,EA,,
000000000080000227,false,ERSA,MECH-GBOX,ELL879496,EA,,
000000000030000250,false,ERSA,MECH-BRG,,EA,,
000000000010001041,false,ERSA,ELEC-CTRL,,EA,,
000000000080000228,false,ERSA,MECH-GBOX,,EA,,
000000000030000251,false,ERSA,ELEC-CTRL,,EA,,
000000000030000252,false,ERSA,MECH-GBOX,,EA,,
000000000010001042,false,ERSA,MECH-GBOX,,EA,,
000000000010001043,false,ERSA,HYDR-ASSY,ELL431316,EA,,
000000000030000253,false,ERSA,INST-XMTR,ELL160056,EA,,
000000000010001044,false,ERSA,MILL-LINR,ELL728830,EA,,
000000000010001045,false,ERSA,MECH-PUMP,,EA,,
000000000030000254,false,ERSA,INST-XMTR,,EA,,
000000000080000229,false,HIBE,MECH-GBOX,ELL941947,EA,,
000000000080000230,false,ERSA,INST-XMTR,,EA,,
000000000010001046,false,ERSA,MECH-BRG,,EA,,
000000000010001047,false,HIBE,ELEC-MOTR,ELL589186,EA,,
000000000010001048,false,HIBE,ELEC-MOTR,,EA,,
000000000010001049,false,HIBE,ELEC-CTRL,,EA,,
000000000010001050,false,ERSA,MECH-GBOX,,EA,,
000000000010001051,false,ERSA,MECH-GBOX,ELL389712,EA,,
000000000010001052,false,ERSA,INST-XMTR,,EA,,
000000000010001053,false,ERSA,MILL-LINR,,EA,,
000000000010001054,false,ERSA,MECH-SEAL,,EA,,
000000000080000231,false,HIBE,MECH-SEAL,,EA,,
000000000010001055,false,ERSA,MECH-PUMP,ELL834992,EA,,
000000000010001056,false,ERSA,MECH-SEAL,,EA,,
000000000010001057,false,HIBE,ELEC-MOTR,,EA,,
000000000010001058,false,HIBE,MECH-GBOX,,EA,,
000000000030000255,false,ERSA,MECH-BRG,ELL203355,EA,,
000000000010001059,false,ERSA,MECH-BRG,,EA,,
000000000010001060,false,ERSA,MECH-PUMP,,EA,,
000000000010001061,false,ERSA,HYDR-ASSY,,EA,,
000000000010001062,false,ERSA,MECH-BRG,,EA,,
000000000010001063,false,ERSA,ELEC-CTRL,ELL844962,EA,,
000000000010001064,false,ERSA,ELEC-CTRL,,EA,,
000000000010001065,false,HIBE,MECH-PUMP,,EA,,
000000000030000256,false,ERSA,MECH-PUMP,,EA,,
000000000010001066,false,HIBE,MECH-BRG,,EA,,
000000000030000257,false,HIBE,MECH-GBOX,ELL771461,EA,,
000000000010001067,false,ERSA,ELEC-CTRL,,EA,,
000000000010001068,false,ERSA,ELEC-MOTR,,EA,,
000000000010001069,false,ERSA,INST-XMTR,ELL245483,EA,,
000000000010001070,false,ERSA,HYDR-ASSY,ELL940598,EA,,
000000000010001071,false,ERSA,MECH-SEAL,,EA,,
000000000080000232,false,HIBE,HYDR-ASSY,,EA,,
000000000080000233,false,ERSA,ELEC-MOTR,,EA,,
000000000030000258,false,HIBE,MILL-LINR,,EA,,
000000000010001072,false,ERSA,MILL-LINR,ELL505162,EA,,
000000000010001073,false,ERSA,MECH-BRG,,EA,,
000000000010001074,false,ERSA,INST-XMTR,,EA,,
000000000010001075,false,ERSA,ELEC-CTRL,,EA,,
000000000030000259,false,ERSA,INST-XMTR,,EA,,
000000000080000234,false,ERSA,INST-XMTR,ELL277962,EA,,0001
000000000030000260,false,HIBE,CONV-COMP,,EA,,
000000000080000235,false,ERSA,MECH-GBOX,,EA,,
000000000010001076,false,ERSA,MECH-SEAL,,EA,,
000000000010001077,false,ERSA,MECH-GBOX,,EA,,
000000000010001078,false,ERSA,MECH-BRG,,EA,,
000000000010001079,false,ERSA,ELEC-CTRL,ELL482125,EA,,
000000000010001080,false,ERSA,MECH-BRG,,EA,,
000000000010001081,false,ERSA,ELEC-CTRL,,EA,,
000000000010001082,false,ERSA,ELEC-MOTR,ELL528596,EA,,
000000000010001083,false,ERSA,CONV-COMP,,EA,,
000000000010001084,false,ERSA,MECH-BRG,ELL255638,EA,,
000000000010001085,false,ERSA,MECH-GBOX,,EA,,
000000000030000261,false,ERSA,CONV-COMP,,EA,,
000000000010001086,false,ERSA,INST-XMTR,,EA,,
000000000010001087,false,ERSA,MILL-LINR,,EA,,
000000000010001088,false,ERSA,MECH-GBOX,,EA,,
000000000010001089,false,ERSA,MECH-GBOX,,EA,,
000000000010001090,false,ERSA,MECH-PUMP,,EA,,
000000000010001091,false,ERSA,MECH-GBOX,,EA,,
000000000010001092,false,ERSA,HYDR-ASSY,,EA,,
000000000080000236,false,HIBE,CONV-COMP,,EA,,0001
000000000010001093,false,ERSA,MILL-LINR,,EA,,
000000000010001094,false,ERSA,MECH-BRG,,EA,,
000000000010001095,false,ERSA,MECH-SEAL,,EA,,
000000000080000237,false,ERSA,MECH-GBOX,ELL714763,EA,,
000000000010001096,false,ERSA,INST-XMTR,ELL792399,EA,,
000000000010001097,false,ERSA,MECH-GBOX,,EA,,
000000000080000238,false,ERSA,ELEC-CTRL,,EA,,
000000000030000262,false,ERSA,HYDR-ASSY,ELL453574,EA,,
000000000010001098,false,ERSA,CONV-COMP,,EA,,
000000000080000239,false,ERSA,MECH-GBOX,,EA,,
000000000010001099,false,HIBE,MECH-GBOX,ELL691900,EA,,
000000000080000240,false,ERSA,MILL-LINR,ELL144139,EA,,0001
000000000080000241,false,ERSA,INST-XMTR,,EA,,
000000000010001100,false,ERSA,MECH-BRG,ELL372932,EA,,
000000000010001101,false,ERSA,ELEC-MOTR,,EA,,
000000000030000263,false,ERSA,CONV-COMP,,EA,,
000000000030000264,false,ERSA,MECH-GBOX,,EA,,
000000000010001102,false,HIBE,MECH-BRG,,EA,,
000000000010001103,false,ERSA,CONV-COMP,,EA,,
000000000010001104,false,ERSA,ELEC-MOTR,,EA,,
000000000030000265,false,ERSA,MECH-SEAL,ELL461395,EA,,
000000000010001105,false,ERSA,MILL-LINR,,EA,,
000000000010001106,false,ERSA,MILL-LINR,,EA,,
000000000010001107,false,ERSA,MECH-PUMP,,EA,,
000000000010001108,false,ERSA,MILL-LINR,,EA,,
000000000010001109,false,ERSA,CONV-COMP,,EA,,
000000000010001110,false,ERSA,MECH-GBOX,ELL374554,EA,,
000000000010001111,false,ERSA,MECH-SEAL,ELL207925,EA,,
000000000090000066,false,ERSA,MILL-LINR,,EA,01,
000000000010001112,false,HIBE,MECH-GBOX,ELL946632,EA,,
000000000030000266,false,ERSA,MILL-LINR,,EA,,
000000000010001113,false,HIBE,MILL-LINR,ELL668948,EA,,
000000000030000267,false,ERSA,MECH-PUMP,,EA,,
000000000030000268,false,ERSA,MECH-PUMP,,EA,,
000000000010001114,false,ERSA,INST-XMTR,ELL938569,EA,,
000000000010001115,false,ERSA,MILL-LINR,,EA,,
000000000010001116,false,ERSA,INST-XMTR,,EA,,
000000000010001117,false,ERSA,ELEC-CTRL,ELL774958,EA,,
000000000010001118,false,ERSA,MILL-LINR,,EA,,
000000000010001119,false,HIBE,ELEC-CTRL,ELL903843,EA,,
000000000090000067,false,ERSA,INST-XMTR,,EA,01,
000000000010001120,false,ERSA,ELEC-CTRL,,EA,,
000000000010001121,false,ERSA,MECH-GBOX,,EA,,
000000000010001122,false,ERSA,MECH-BRG,ELL198216,EA,,
000000000010001123,false,ERSA,MECH-PUMP,ELL497768,EA,,
000000000010001124,false,ERSA,MECH-BRG,,EA,,
000000000010001125,false,ERSA,MECH-PUMP,ELL755361,EA,,
000000000030000269,false,ERSA,MECH-BRG,,EA,,
000000000010001126,false,ERSA,CONV-COMP,ELL507811,EA,,
000000000010001127,false,ERSA,CONV-COMP,,EA,,
000000000010001128,false,ERSA,MILL-LINR,ELL684147,EA,,
000000000010001129,false,ERSA,MECH-PUMP,,EA,,
000000000010001130,false,ERSA,HYDR-ASSY,,EA,,
000000000010001131,false,ERSA,MECH-GBOX,,EA,,
000000000010001132,false,ERSA,MECH-PUMP,ELL105790,EA,,
000000000010001133,false,ERSA,MECH-GBOX,,EA,,
000000000010001134,false,ERSA,ELEC-CTRL,,EA,,
000000000090000068,false,ERSA,CONV-COMP,,EA,01,
000000000010001135,false,ERSA,MECH-BRG,,EA,,
000000000010001136,false,ERSA,MILL-LINR,,EA,,
000000000090000069,false,ERSA,CONV-COMP,ELL781509,EA,01,
000000000010001137,false,ERSA,ELEC-CTRL,ELL521225,EA,,
000000000010001138,false,ERSA,ELEC-CTRL,ELL348594,EA,,
000000000010001139,false,HIBE,MECH-PUMP,ELL108141,EA,,
000000000010001140,false,ERSA,INST-XMTR,,EA,,
000000000030000270,false,ERSA,MECH-SEAL,ELL749427,EA,,
000000000010001141,false,ERSA,MECH-SEAL,,EA,,
000000000010001142,false,ERSA,MECH-GBOX,,EA,,
000000000010001143,false,ERSA,HYDR-ASSY,ELL811967,EA,,
000000000010001144,false,HIBE,INST-XMTR,ELL897038,EA,,
000000000090000070,false,ERSA,MECH-BRG,ELL811328,EA,01,
000000000030000271,false,ERSA,MILL-LINR,ELL318452,EA,,
000000000010001145,false,ERSA,ELEC-MOTR,,EA,,
000000000010001146,false,ERSA,ELEC-MOTR,ELL677400,EA,,
000000000010001147,false,ERSA,CONV-COMP,,EA,,
000000000010001148,false,ERSA,MECH-PUMP,ELL195627,EA,,
000000000010001149,false,ERSA,INST-XMTR,ELL151110,EA,,
000000000030000272,false,HIBE,CONV-COMP,ELL259459,EA,,
000000000010001150,false,ERSA,HYDR-ASSY,ELL488573,EA,,
000000000010001151,false,ERSA,MECH-PUMP,,EA,,
000000000030000273,false,HIBE,INST-XMTR,,EA,,
000000000010001152,false,ERSA,INST-XMTR,ELL694647,EA,,
000000000010001153,false,ERSA,MECH-PUMP,,EA,,
000000000080000242,false,ERSA,INST-XMTR,ELL685453,EA,,Z00R
000000000030000274,false,ERSA,MILL-LINR,,EA,,
000000000030000275,false,ERSA,CONV-COMP,,EA,,
000000000010001154,false,ERSA,MECH-SEAL,,EA,,
000000000030000276,false,HIBE,MILL-LINR,,EA,,
000000000010001155,false,ERSA,HYDR-ASSY,,EA,,
000000000010001156,false,ERSA,ELEC-CTRL,ELL578361,EA,,
000000000080000243,false,HIBE,MECH-GBOX,,EA,,
000000000090000071,false,ERSA,MECH-SEAL,,EA,01,
000000000090000072,false,ERSA,MILL-LINR,ELL580333,EA,01,
000000000010001157,false,ERSA,CONV-COMP,,EA,,
000000000010001158,false,ERSA,MECH-SEAL,ELL527478,EA,,
000000000090000073,false,ERSA,INST-XMTR,,EA,01,
000000000030000277,false,ERSA,CONV-COMP,,EA,,
000000000010001159,false,ERSA,ELEC-CTRL,,EA,,
000000000080000244,false,HIBE,ELEC-MOTR,,EA,,
000000000080000245,false,ERSA,MILL-LINR,,EA,,
000000000010001160,false,ERSA,MECH-PUMP,,EA,,
000000000030000278,false,HIBE,HYDR-ASSY,,EA,,
000000000030000279,false,ERSA,MECH-PUMP,,EA,,
000000000030000280,false,HIBE,ELEC-MOTR,,EA,,
000000000010001161,false,HIBE,MECH-GBOX,,EA,,
000000000010001162,false,ERSA,MILL-LINR,,EA,,
000000000090000074,false,ERSA,MILL-LINR,ELL251979,EA,01,
000000000010001163,false,ERSA,ELEC-MOTR,ELL121840,EA,,
000000000010001164,false,ERSA,CONV-COMP,,EA,,
000000000080000246,false,ERSA,MECH-PUMP,,EA,,0001
000000000010001165,false,ERSA,ELEC-CTRL,,EA,,
000000000010001166,false,ERSA,MECH-PUMP,ELL881421,EA,,
000000000010001167,false,ERSA,MECH-PUMP,ELL999224,EA,,
000000000010001168,false,ERSA,MILL-LINR,,EA,,
000000000010001169,false,ERSA,ELEC-MOTR,,EA,,
000000000010001170,false,ERSA,INST-XMTR,,EA,,
000000000010001171,false,ERSA,MECH-PUMP,,EA,,
000000000010001172,false,ERSA,ELEC-MOTR,,EA,,
000000000010001173,false,HIBE,CONV-COMP,ELL829222,EA,,
000000000030000281,false,ERSA,CONV-COMP,ELL310695,EA,,
000000000010001174,false,ERSA,MECH-SEAL,ELL613368,EA,,
000000000010001175,false,ERSA,MECH-BRG,ELL737200,EA,,
000000000030000282,false,ERSA,INST-XMTR,ELL341659,EA,,
000000000010001176,false,ERSA,ELEC-CTRL,,EA,,
000000000030000283,false,ERSA,MECH-GBOX,,EA,,
000000000010001177,false,ERSA,MECH-PUMP,ELL267435,EA,,
000000000080000247,false,ERSA,MECH-SEAL,,EA,,
000000000010001178,false,HIBE,ELEC-CTRL,,EA,,
000000000010001179,false,ERSA,ELEC-CTRL,ELL748626,EA,,
000000000030000284,false,ERSA,ELEC-CTRL,,EA,,
000000000010001180,false,ERSA,ELEC-CTRL,,EA,,
000000000010001181,false,ERSA,MECH-SEAL,,EA,,
000000000010001182,false,ERSA,MECH-GBOX,ELL973764,EA,,
000000000010001183,false,ERSA,MECH-PUMP,,EA,,
000000000010001184,false,ERSA,MECH-SEAL,,EA,,
000000000030000285,false,ERSA,MILL-LINR,,EA,,
000000000010001185,false,ERSA,INST-XMTR,,EA,,
000000000030000286,false,ERSA,MECH-PUMP,,EA,,
000000000010001186,false,ERSA,ELEC-CTRL,ELL545917,EA,,
000000000010001187,false,HIBE,MILL-LINR,ELL576560,EA,,
000000000030000287,false,ERSA,ELEC-MOTR,ELL684110,EA,,
000000000010001188,false,ERSA,HYDR-ASSY,,EA,,
000000000010001189,false,ERSA,HYDR-ASSY,,EA,,
000000000010001190,false,ERSA,MECH-BRG,,EA,,
000000000080000248,false,ERSA,ELEC-CTRL,,EA,,
000000000010001191,false,HIBE,ELEC-MOTR,ELL325184,EA,,
000000000030000288,false,ERSA,MECH-SEAL,,EA,,
000000000010001192,false,ERSA,MECH-SEAL,,EA,,
000000000010001193,false,ERSA,ELEC-MOTR,,EA,,
000000000010001194,false,ERSA,MECH-GBOX,,EA,,
000000000010001195,false,ERSA,ELEC-CTRL,ELL171778,EA,,
000000000010001196,false,ERSA,MECH-GBOX,,EA,,
000000000010001197,false,ERSA,ELEC-CTRL,ELL984781,EA,,
000000000010001198,false,ERSA,CONV-COMP,,EA,,
000000000010001199,false,HIBE,INST-XMTR,,EA,,
000000000080000249,false,HIBE,HYDR-ASSY,,EA,,
000000000080000250,false,ERSA,HYDR-ASSY,,EA,,
000000000010001200,false,ERSA,MILL-LINR,ELL653873,EA,,
000000000010001201,false,ERSA,MECH-BRG,ELL795459,EA,,
000000000010001202,false,HIBE,ELEC-MOTR,ELL130078,EA,,
000000000010001203,false,ERSA,HYDR-ASSY,,EA,,
000000000010001204,false,ERSA,MILL-LINR,ELL993782,EA,,
000000000010001205,false,ERSA,MECH-SEAL,ELL239924,EA,,
000000000010001206,false,ERSA,MECH-SEAL,,EA,,
000000000010001207,false,ERSA,ELEC-CTRL,ELL395512,EA,,
000000000010001208,false,ERSA,MILL-LINR,ELL907147,EA,,
000000000010001209,false,ERSA,INST-XMTR,ELL141006,EA,,
000000000010001210,false,HIBE,ELEC-MOTR,,EA,,
000000000030000289,false,ERSA,MECH-PUMP,,EA,,
000000000090000075,false,ERSA,MECH-SEAL,,EA,01,
000000000010001211,false,ERSA,MILL-LINR,,EA,,
000000000030000290,false,ERSA,ELEC-MOTR,,EA,,
000000000010001212,false,ERSA,MECH-SEAL,,EA,,
000000000010001213,false,ERSA,ELEC-CTRL,,EA,,
000000000030000291,false,ERSA,MECH-GBOX,,EA,,
000000000030000292,false,ERSA,HYDR-ASSY,ELL359408,EA,,
000000000010001214,false,ERSA,INST-XMTR,,EA,,
000000000010001215,false,HIBE,MECH-PUMP,,EA,,
000000000010001216,false,ERSA,MECH-BRG,ELL889412,EA,,
000000000010001217,false,ERSA,ELEC-CTRL,ELL190026,EA,,
000000000030000293,false,ERSA,MECH-SEAL,,EA,,
000000000010001218,false,ERSA,CONV-COMP,,EA,,
000000000080000251,false,HIBE,MECH-SEAL,ELL991002,EA,,
000000000030000294,false,ERSA,CONV-COMP,ELL190163,EA,,
000000000030000295,false,ERSA,ELEC-CTRL,ELL314594,EA,,
000000000010001219,false,ERSA,MECH-BRG,ELL615161,EA,,
000000000010001220,false,ERSA,HYDR-ASSY,,EA,,
000000000010001221,false,ERSA,MECH-GBOX,,EA,,
000000000010001222,false,HIBE,MECH-GBOX,ELL308329,EA,,
000000000010001223,false,HIBE,INST-XMTR,,EA,,
000000000080000252,false,ERSA,MILL-LINR,ELL208948,EA,,
000000000010001224,false,ERSA,CONV-COMP,,EA,,
000000000010001225,false,ERSA,MECH-GBOX,,EA,,
000000000010001226,false,ERSA,ELEC-MOTR,,EA,,
000000000010001227,false,HIBE,MECH-PUMP,,EA,,
000000000080000253,false,ERSA,MECH-GBOX,,EA,,
000000000080000254,false,ERSA,HYDR-ASSY,ELL624807,EA,,
000000000030000296,false,ERSA,MECH-PUMP,,EA,,
000000000010001228,false,ERSA,MECH-PUMP,,EA,,
000000000010001229,false,ERSA,MECH-PUMP,,EA,,
000000000010001230,false,ERSA,ELEC-CTRL,,EA,,
000000000030000297,false,ERSA,MILL-LINR,,EA,,
000000000080000255,false,ERSA,CONV-COMP,ELL987544,EA,,
000000000010001231,false,ERSA,INST-XMTR,,EA,,
000000000030000298,false,ERSA,MECH-GBOX,ELL817083,EA,,
000000000030000299,false,ERSA,MECH-BRG,,EA,,
000000000080000256,false,ERSA,CONV-COMP,,EA,,
000000000010001232,false,ERSA,MECH-PUMP,,EA,,
000000000080000257,false,ERSA,MECH-PUMP,,EA,,
000000000010001233,false,ERSA,MECH-PUMP,,EA,,
000000000010001234,false,ERSA,MECH-SEAL,,EA,,
000000000010001235,false,ERSA,CONV-COMP,,EA,,
000000000010001236,false,ERSA,MILL-LINR,,EA,,
000000000010001237,false,ERSA,MECH-PUMP,ELL382001,EA,,
000000000010001238,false,ERSA,MECH-PUMP,ELL123446,EA,,
000000000090000076,false,ERSA,INST-XMTR,,EA,01,
000000000010001239,false,ERSA,ELEC-MOTR,,EA,,
000000000010001240,false,ERSA,CONV-COMP,,EA,,
000000000030000300,false,ERSA,MECH-BRG,,EA,,
000000000010001241,false,ERSA,MECH-PUMP,ELL679387,EA,,
000000000010001242,false,ERSA,MECH-BRG,ELL955915,EA,,
000000000010001243,false,HIBE,INST-XMTR,ELL999402,EA,,
000000000010001244,false,ERSA,MECH-SEAL,,EA,,
000000000010001245,false,HIBE,MECH-GBOX,,EA,,
000000000080000258,false,ERSA,MECH-GBOX,,EA,,
000000000010001246,false,HIBE,HYDR-ASSY,ELL382716,EA,,
000000000010001247,false,ERSA,CONV-COMP,,EA,,
000000000090000077,false,ERSA,MECH-BRG,,EA,01,
000000000010001248,false,ERSA,MILL-LINR,ELL265861,EA,,
000000000010001249,false,ERSA,ELEC-CTRL,,EA,,
000000000010001250,false,HIBE,MECH-PUMP,,EA,,
000000000080000259,false,HIBE,ELEC-MOTR,ELL517967,EA,,
000000000010001251,false,ERSA,MECH-GBOX,,EA,,
000000000010001252,false,HIBE,ELEC-CTRL,,EA,,
000000000010001253,false,ERSA,CONV-COMP,,EA,,
000000000010001254,false,ERSA,HYDR-ASSY,,EA,,
000000000010001255,false,HIBE,HYDR-ASSY,ELL545708,EA,,
000000000010001256,false,ERSA,MECH-BRG,ELL169413,EA,,
000000000030000301,false,ERSA,MECH-GBOX,,EA,,
000000000010001257,false,HIBE,MECH-GBOX,,EA,,
000000000010001258,false,HIBE,MILL-LINR,,EA,,
000000000090000078,false,ERSA,MECH-SEAL,,EA,01,
000000000010001259,false,ERSA,MILL-LINR,,EA,,
000000000010001260,false,ERSA,INST-XMTR,,EA,,
000000000080000260,false,ERSA,MILL-LINR,ELL674440,EA,,
000000000010001261,false,ERSA,CONV-COMP,,EA,,
000000000080000261,false,ERSA,MECH-BRG,ELL537532,EA,,
000000000010001262,false,ERSA,HYDR-ASSY,,EA,,
000000000010001263,false,HIBE,INST-XMTR,,EA,,
000000000010001264,false,ERSA,MECH-SEAL,,EA,,
000000000010001265,false,HIBE,ELEC-CTRL,,EA,,
000000000010001266,false,ERSA,ELEC-CTRL,,EA,,
000000000010001267,false,ERSA,ELEC-CTRL,,EA,,
000000000010001268,false,HIBE,HYDR-ASSY,,EA,,
000000000080000262,false,ERSA,MILL-LINR,,EA,,
000000000030000302,false,ERSA,MILL-LINR,ELL662585,EA,,
000000000010001269,false,ERSA,MECH-PUMP,,EA,,
000000000010001270,false,ERSA,MECH-BRG,,EA,,
000000000030000303,false,HIBE,ELEC-CTRL,,EA,,
000000000090000079,false,ERSA,CONV-COMP,ELL624939,EA,01,
000000000010001271,false,ERSA,MECH-SEAL,,EA,,
000000000010001272,false,ERSA,MECH-PUMP,,EA,,
000000000010001273,false,HIBE,MECH-PUMP,,EA,,
000000000010001274,false,ERSA,HYDR-ASSY,,EA,,
000000000010001275,false,ERSA,HYDR-ASSY,,EA,,
000000000010001276,false,ERSA,MECH-SEAL,,EA,,
000000000010001277,false,ERSA,CONV-COMP,,EA,,
000000000010001278,false,ERSA,MECH-BRG,ELL453819,EA,,
000000000010001279,false,HIBE,MECH-BRG,,EA,,
000000000010001280,false,ERSA,MECH-GBOX,ELL375790,EA,,
000000000010001281,false,ERSA,MECH-SEAL,,EA,,
000000000090000080,false,HIBE,MECH-SEAL,,EA,01,
000000000030000304,false,ERSA,MECH-BRG,,EA,,
000000000080000263,false,ERSA,CONV-COMP,,EA,,
000000000010001282,false,ERSA,HYDR-ASSY,,EA,,
000000000010001283,false,ERSA,MECH-PUMP,,EA,,
000000000010001284,false,ERSA,INST-XMTR,,EA,,
000000000010001285,false,ERSA,ELEC-CTRL,ELL786333,EA,,
000000000030000305,false,ERSA,ELEC-MOTR,,EA,,
000000000010001286,false,ERSA,MECH-BRG,,EA,,
000000000030000306,false,ERSA,INST-XMTR,,EA,,
000000000010001287,false,HIBE,MECH-BRG,,EA,,
000000000080000264,false,ERSA,HYDR-ASSY,,EA,,
000000000010001288,false,ERSA,INST-XMTR,ELL568387,EA,,
000000000010001289,false,ERSA,MILL-LINR,,EA,,
000000000010001290,false,ERSA,MECH-PUMP,ELL632629,EA,,
000000000010001291,false,ERSA,MECH-GBOX,ELL853456,EA,,
000000000010001292,false,ERSA,ELEC-CTRL,,EA,,
000000000010001293,false,ERSA,MECH-PUMP,,EA,,
000000000010001294,false,ERSA,MECH-SEAL,ELL989454,EA,,
000000000010001295,false,ERSA,MILL-LINR,,EA,,
000000000030000307,false,ERSA,INST-XMTR,,EA,,
000000000030000308,false,ERSA,ELEC-MOTR,,EA,,
000000000010001296,false,ERSA,MECH-PUMP,ELL504034,EA,,
000000000010001297,false,ERSA,MILL-LINR,,EA,,
000000000010001298,false,ERSA,MECH-PUMP,,EA,,
000000000010001299,false,ERSA,MECH-SEAL,,EA,,
000000000010001300,false,ERSA,INST-XMTR,ELL253245,EA,,
000000000090000081,false,ERSA,ELEC-CTRL,,EA,01,
000000000010001301,false,ERSA,MECH-SEAL,,EA,,
000000000010001302,false,ERSA,MILL-LINR,,EA,,
000000000030000309,false,ERSA,ELEC-CTRL,,EA,,
000000000010001303,false,HIBE,MECH-GBOX,,EA,,
000000000080000265,false,ERSA,MILL-LINR,ELL752185,EA,,
000000000010001304,false,ERSA,ELEC-CTRL,,EA,,
000000000010001305,false,ERSA,CONV-COMP,,EA,,
000000000010001306,false,ERSA,MECH-SEAL,,EA,,
000000000030000310,false,ERSA,ELEC-CTRL,ELL739107,EA,,
000000000010001307,false,ERSA,HYDR-ASSY,,EA,,
000000000080000266,false,ERSA,MECH-GBOX,,EA,,Z00R
000000000010001308,false,ERSA,INST-XMTR,,EA,,
000000000010001309,false,HIBE,MILL-LINR,,EA,,
000000000030000311,false,ERSA,ELEC-MOTR,,EA,,
000000000010001310,false,ERSA,INST-XMTR,,EA,,
000000000080000267,false,ERSA,ELEC-MOTR,,EA,,
000000000030000312,false,ERSA,ELEC-CTRL,ELL978615,EA,,
000000000010001311,false,ERSA,MECH-GBOX,ELL399631,EA,,
000000000010001312,false,ERSA,ELEC-MOTR,,EA,,
000000000090000082,false,ERSA,MECH-SEAL,,EA,01,
000000000010001313,false,ERSA,INST-XMTR,ELL930560,EA,,
000000000010001314,false,ERSA,MECH-SEAL,,EA,,
000000000010001315,false,HIBE,CONV-COMP,,EA,,
000000000090000083,false,ERSA,MECH-SEAL,,EA,01,
000000000010001316,false,ERSA,MECH-GBOX,,EA,,
000000000010001317,false,ERSA,ELEC-CTRL,,EA,,
000000000010001318,false,ERSA,MECH-PUMP,,EA,,
000000000010001319,false,ERSA,CONV-COMP,ELL464531,EA,,
000000000010001320,false,ERSA,MECH-GBOX,,EA,,
000000000010001321,false,ERSA,ELEC-CTRL,,EA,,
000000000030000313,false,ERSA,MILL-LINR,,EA,,
000000000030000314,false,ERSA,MECH-GBOX,,EA,,
000000000090000084,false,ERSA,ELEC-CTRL,,EA,01,
000000000010001322,false,ERSA,MECH-BRG,ELL318101,EA,,
000000000010001323,false,ERSA,ELEC-MOTR,ELL558645,EA,,
000000000010001324,false,HIBE,INST-XMTR,,EA,,
000000000010001325,false,ERSA,INST-XMTR,ELL592114,EA,,
000000000010001326,false,ERSA,MILL-LINR,,EA,,
000000000010001327,false,ERSA,HYDR-ASSY,,EA,,
000000000030000315,false,ERSA,MECH-PUMP,,EA,,
000000000010001328,false,ERSA,HYDR-ASSY,ELL943911,EA,,
000000000010001329,false,ERSA,MECH-BRG,,EA,,
000000000010001330,false,HIBE,INST-XMTR,,EA,,
