utc,sap_path,odata_query,http_status,elapsed_s,bytes
2026-09-23T07:13:40Z,/sap/opu/odata/sap/ZVZI_KPI02_SHARED_SRV/$metadata,,200,0.4,37159
2026-09-23T07:13:40Z,/sap/opu/odata/sap/ZVZI_KPI02_SHARED_SRV/PurchaseRequisitionSet/$count,,200,0.2,4
2026-09-23T07:13:41Z,/sap/opu/odata/sap/ZVZI_KPI02_SHARED_SRV/GoodsMovementItemSet/$count,,200,1.0,5
2026-09-23T07:13:42Z,/sap/opu/odata/sap/ZVZI_KPI02_SHARED_SRV/InfoRecordSet/$count,,200,0.2,3
2026-09-23T07:13:42Z,/sap/opu/odata/sap/ZVZI_KPI02_SHARED_SRV/InfoRecordOrgSet/$count,,200,0.1,3
2026-09-23T07:13:42Z,/sap/opu/odata/sap/ZVZI_KPI02_SHARED_SRV/PurchaseOrderSet/$count,,200,0.1,4
2026-09-23T07:13:42Z,/sap/opu/odata/sap/ZVZI_KPI02_SHARED_SRV/PurchaseOrderItemSet/$count,,200,0.3,5
2026-09-23T07:13:42Z,/sap/opu/odata/sap/ZVZI_KPI02_SHARED_SRV/VendorSet/$count,,200,0.2,3
2026-09-23T07:13:42Z,/sap/opu/odata/sap/ZVZI_KPI02_SHARED_SRV/MaterialDescriptionSet/$count,,200,0.1,4
2026-09-23T07:13:43Z,/sap/opu/odata/sap/ZVZI_KPI02_SHARED_SRV/MaterialSet/$count,,200,0.1,4
2026-09-23T07:13:43Z,/sap/opu/odata/sap/ZVZI_KPI02_SHARED_SRV/MaterialPlantSet/$count,,200,0.1,4
2026-09-23T07:13:43Z,/sap/opu/odata/sap/ZVZI_KPI02_SHARED_SRV/StorageLocationStockSet/$count,,200,0.1,4
2026-09-23T07:13:43Z,/sap/opu/odata/sap/ZVZI_KPI02_SHARED_SRV/MaterialDocumentHeaderSet/$count,,200,0.3,5
2026-09-23T07:13:43Z,/sap/opu/odata/sap/ZVZI_KPI02_SHARED_SRV/POScheduleLineSet/$count,,200,0.1,4
2026-09-23T07:13:43Z,/sap/opu/odata/sap/ZVZI_KPI02_SHARED_SRV/POHistorySet/$count,,200,0.2,4
2026-09-23T07:13:44Z,/sap/opu/odata/sap/ZMM_KPI02_SRV/$metadata,,200,0.1,19129
2026-09-23T07:13:44Z,/sap/opu/odata/sap/ZMM_KPI02_SRV/ReservationItemSet/$count,,200,0.2,4
2026-09-23T07:13:45Z,/sap/opu/odata/sap/ZMM_KPI02_SRV/MaterialValuationSet/$count,,400,0.7,1159
2026-09-23T07:13:45Z,/sap/opu/odata/sap/ZMM_KPI02_SRV/MaterialValuationSet,$inlinecount=allpages&$top=1&$format=json,400,0.7,1193
2026-09-23T07:13:46Z,/sap/opu/odata/sap/ZMM_KPI02_SRV/ChangeDocHeaderSet/$count,,400,0.6,1165
2026-09-23T07:13:47Z,/sap/opu/odata/sap/ZMM_KPI02_SRV/ChangeDocHeaderSet,$inlinecount=allpages&$top=1&$format=json,400,0.7,1199
2026-09-23T07:13:47Z,/sap/opu/odata/sap/ZMM_KPI02_SRV/ChangeDocItemSet/$count,,400,0.7,1167
2026-09-23T07:13:48Z,/sap/opu/odata/sap/ZMM_KPI02_SRV/ChangeDocItemSet,$inlinecount=allpages&$top=1&$format=json,400,0.7,1201
2026-09-23T07:13:49Z,/sap/opu/odata/sap/ZMM_KPI02_SRV/BatchStockSet/$count,,400,0.6,1116
2026-09-23T07:13:49Z,/sap/opu/odata/sap/ZMM_KPI02_SRV/BatchStockSet,$inlinecount=allpages&$top=1&$format=json,400,0.8,1150
2026-09-23T07:13:50Z,/sap/opu/odata/sap/ZMM_KPI02_SRV/MonthlyMovementStatisticSet/$count,,400,0.7,1182
2026-09-23T07:13:51Z,/sap/opu/odata/sap/ZMM_KPI02_SRV/MonthlyMovementStatisticSet,$inlinecount=allpages&$top=1&$format=json,400,0.7,1216
2026-09-23T07:13:51Z,/sap/opu/odata/sap/ZMM_KPI02_SRV/StockMovementStatisticSet/$count,,200,0.2,4
2026-09-23T07:13:52Z,/sap/opu/odata/sap/ZMM_KPI02_SRV/ChangeDocItemSet/$count,$filter=Objectclas eq 'MATERIAL',200,0.4,5
2026-09-23T07:13:52Z,/sap/opu/odata/sap/ZMM_KPI02_SRV/ChangeDocItemSet/$count,$filter=Objectclas eq 'MATERIAL' and Tabname eq 'MARC',200,0.2,4
2026-09-23T07:13:52Z,/sap/opu/odata/sap/ZMM_KPI02_SRV/ChangeDocItemSet/$count,$filter=Objectclas eq 'BANF',200,0.2,4
2026-09-23T07:13:52Z,/sap/opu/odata/sap/ZMM_KPI02_SRV/ReservationItemSet,$top=1&$format=json,200,0.2,753
2026-09-23T07:13:53Z,/sap/opu/odata/sap/ZMM_KPI02_SRV/MaterialValuationSet,$top=1&$format=json,400,0.7,1171
2026-09-23T07:13:54Z,/sap/opu/odata/sap/ZMM_KPI02_SRV/MonthlyMovementStatisticSet,$top=1&$format=json,400,0.8,1194
2026-09-23T07:13:56Z,/sap/opu/odata/sap/ZVZI_KPI02_SHARED_SRV/PurchaseRequisitionSet,$top=1&$format=json,500,2.5,945
2026-09-23T07:13:59Z,/sap/opu/odata/sap/ZVZI_KPI02_SHARED_SRV/GoodsMovementItemSet,$top=1&$format=json,500,3.0,943
2026-09-23T07:14:00Z,/sap/opu/odata/sap/ZMM_KPI02_SRV/ChangeDocItemSet,$top=5&$format=json,400,0.7,1179
2026-09-23T07:14:00Z,/sap/opu/odata/sap/ZMM_KPI02_SRV/ChangeDocItemSet,$top=5&$skip=5&$format=json,400,0.7,1187
2026-09-23T07:14:01Z,/sap/opu/odata/sap/ZMM_KPI02_SRV/ChangeDocItemSet,$inlinecount=allpages&$top=1&$format=json,400,0.8,1201
2026-09-23T07:14:04Z,/sap/opu/odata/sap/ZVZI_KPI02_SHARED_SRV/MaterialDocumentHeaderSet,$top=1000&$skip=40000&$format=json,500,2.7,963
2026-09-23T07:14:06Z,/sap/opu/odata/sap/ZVZI_KPI02_SHARED_SRV/PurchaseOrderSet,$orderby=Aedat desc&$top=3&$format=json,500,2.4,961
2026-09-23T07:14:07Z,/sap/opu/odata/sap/ZMM_KPI02_SRV/ChangeDocItemSet/$count,$filter=Objectclas eq 'MATERIAL' and Tabname eq 'MARC' and Fname eq 'DISMM',200,0.1,2
2026-09-23T07:14:07Z,/sap/opu/odata/sap/ZMM_KPI02_SRV/ChangeDocItemSet/$count,$filter=Objectclas eq 'MATERIAL' and Tabname eq 'MARC' and Fname eq 'EISBE',200,0.2,1
2026-09-23T07:14:07Z,/sap/opu/odata/sap/ZMM_KPI02_SRV/ChangeDocItemSet/$count,$filter=Objectclas eq 'MATERIAL' and Tabname eq 'MARC' and Fname eq 'MINBE',200,0.1,2
2026-09-23T07:14:07Z,/sap/opu/odata/sap/ZMM_KPI02_SRV/ChangeDocItemSet/$count,$filter=Objectclas eq 'MATERIAL' and Tabname eq 'MARC' and Fname eq 'MABST',200,0.1,2
2026-09-23T07:14:07Z,/sap/opu/odata/sap/ZMM_KPI02_SRV/ChangeDocItemSet/$count,$filter=Objectclas eq 'MATERIAL' and Tabname eq 'MARC' and Fname eq 'DISMM' and Value_new eq 'VB',200,0.2,2
2026-09-23T07:14:07Z,/sap/opu/odata/sap/ZMM_KPI02_SRV/ChangeDocHeaderSet,$filter=Objectclas eq 'MATERIAL'&$top=3&$format=json,200,0.1,1637
2026-09-23T07:14:07Z,/sap/opu/odata/sap/ZVZI_KPI02_SHARED_SRV/MaterialPlantSet/$count,$filter=Dismm eq 'VB',200,0.1,2
2026-09-23T07:14:08Z,/sap/opu/odata/sap/ZVZI_KPI02_SHARED_SRV/MaterialPlantSet/$count,$filter=Dismm eq 'ND',200,0.1,3
2026-09-23T07:14:08Z,/sap/opu/odata/sap/ZVZI_KPI02_SHARED_SRV/MaterialPlantSet/$count,$filter=Dismm eq 'PD',200,0.1,3
2026-09-23T07:14:08Z,/sap/opu/odata/sap/ZVZI_KPI02_SHARED_SRV/MaterialPlantSet/$count,$filter=Dismm eq 'V1',200,0.1,2
2026-09-23T07:14:08Z,/sap/opu/odata/sap/ZVZI_KPI02_SHARED_SRV/MaterialPlantSet/$count,$filter=Dismm eq '',200,0.1,4
2026-09-23T07:14:09Z,/sap/opu/odata/sap/ZVZI_KPI02_SHARED_SRV/MaterialPlantSet/$count,$filter=Dismm eq 'VB' and Minbe gt 0,400,0.7,950
2026-09-23T07:14:09Z,/sap/opu/odata/sap/ZVZI_KPI02_SHARED_SRV/MaterialPlantSet/$count,$filter=(Dismm eq 'ND' or Dismm eq 'PD') and Minbe gt 0,400,0.8,977
2026-09-23T07:14:12Z,/sap/opu/odata/sap/ZVZI_KPI02_SHARED_SRV/PurchaseOrderItemSet/$count,$filter=Pstyp eq '3',500,2.5,1185
2026-09-23T07:14:12Z,/sap/opu/odata/sap/ZVZI_KPI02_SHARED_SRV/PurchaseOrderSet/$count,$filter=Bsart eq 'ZREP',200,0.2,1
2026-09-23T07:14:12Z,/sap/opu/odata/sap/ZVZI_KPI02_SHARED_SRV/PurchaseOrderItemSet/$count,"$filter=startswith(Matnr,'80')",200,0.1,1
2026-09-23T07:14:15Z,/sap/opu/odata/sap/ZVZI_KPI02_SHARED_SRV/MaterialSet/$count,"$filter=startswith(Matnr,'80')",500,2.5,1182
2026-09-23T07:14:15Z,/sap/opu/odata/sap/ZVZI_KPI02_SHARED_SRV/PurchaseOrderItemSet/$count,$filter=Matnr eq '',200,0.1,3
2026-09-23T07:14:17Z,/sap/opu/odata/sap/ZVZI_KPI02_SHARED_SRV/PurchaseRequisitionSet,$inlinecount=allpages&$top=1&$format=json,500,2.5,967
2026-09-23T07:14:20Z,/sap/opu/odata/sap/ZVZI_KPI02_SHARED_SRV/GoodsMovementItemSet,$inlinecount=allpages&$top=1&$format=json,500,3.0,965
2026-09-23T07:14:23Z,/sap/opu/odata/sap/ZVZI_KPI02_SHARED_SRV/MaterialSet/$count,"$filter=startswith(Matnr,'2227')",500,2.5,1184
2026-09-23T07:14:23Z,/sap/opu/odata/sap/ZVZI_KPI02_SHARED_SRV/MaterialSet/$count,$filter=Matnr ge '80000000' and Matnr le '80999999',200,0.1,1
2026-09-23T07:14:23Z,/sap/opu/odata/sap/ZVZI_KPI02_SHARED_SRV/MaterialSet/$count,$filter=Matnr ge '000000000080000000' and Matnr le '000000000080999999',200,0.1,1
2026-09-23T07:14:23Z,/sap/opu/odata/sap/ZVZI_KPI02_SHARED_SRV/MaterialPlantSet,$top=2&$format=json,200,0.1,1207
2026-09-23T07:14:23Z,/sap/opu/odata/sap/ZVZI_KPI02_SHARED_SRV/PurchaseOrderItemSet,$top=2&$format=json,200,0.2,1409
2026-09-23T07:14:24Z,/sap/opu/odata/sap/ZVZI_KPI02_SHARED_SRV/MaterialPlantSet,"$select=Matnr,Werks,Dismm&$top=2&$format=json",200,0.1,777
2026-09-23T07:14:24Z,/sap/opu/odata/sap/ZVZI_KPI02_SHARED_SRV/MaterialPlantSet/$count,,200,0.1,4
2026-09-23T07:14:24Z,/sap/opu/odata/sap/ZMM_KPI02_SRV/ChangeDocItemSet,$filter=Objectclas eq 'MATERIAL' and Tabname eq 'MARC'&$top=500&$format=json,200,0.3,274043
2026-09-23T07:14:24Z,/sap/opu/odata/sap/ZMM_KPI02_SRV/ChangeDocItemSet,$filter=Objectclas eq 'MATERIAL' and Tabname eq 'MARC'&$orderby=Changenr&$top=500&$skip=0&$format=json,200,0.2,274732
2026-09-23T07:14:25Z,/sap/opu/odata/sap/ZMM_KPI02_SRV/ChangeDocItemSet,$filter=Objectclas eq 'MATERIAL' and Tabname eq 'MARC'&$orderby=Changenr&$top=500&$skip=500&$format=json,200,0.2,274437
2026-09-23T07:14:25Z,/sap/opu/odata/sap/ZMM_KPI02_SRV/ChangeDocItemSet,$filter=Objectclas eq 'MATERIAL' and Tabname eq 'MARC'&$orderby=Changenr&$top=500&$skip=1000&$format=json,200,0.2,277052
2026-09-23T07:14:25Z,/sap/opu/odata/sap/ZMM_KPI02_SRV/ChangeDocItemSet,$filter=Objectclas eq 'MATERIAL' and Tabname eq 'MARC'&$orderby=Changenr&$top=500&$skip=1500&$format=json,200,0.2,273517
2026-09-23T07:14:25Z,/sap/opu/odata/sap/ZMM_KPI02_SRV/ChangeDocItemSet,$filter=Objectclas eq 'MATERIAL' and Tabname eq 'MARC'&$orderby=Changenr&$top=500&$skip=2000&$format=json,200,0.4,273093
2026-09-23T07:14:26Z,/sap/opu/odata/sap/ZMM_KPI02_SRV/ChangeDocItemSet,$filter=Objectclas eq 'MATERIAL' and Tabname eq 'MARC'&$orderby=Changenr&$top=500&$skip=2500&$format=json,200,0.2,275959
2026-09-23T07:14:26Z,/sap/opu/odata/sap/ZMM_KPI02_SRV/ChangeDocItemSet,$filter=Objectclas eq 'MATERIAL' and Tabname eq 'MARC'&$orderby=Changenr&$top=500&$skip=3000&$format=json,200,0.3,276695
2026-09-23T07:14:26Z,/sap/opu/odata/sap/ZMM_KPI02_SRV/ChangeDocItemSet,$filter=Objectclas eq 'MATERIAL' and Tabname eq 'MARC'&$orderby=Changenr&$top=500&$skip=3500&$format=json,200,0.2,275503
2026-09-23T07:14:26Z,/sap/opu/odata/sap/ZMM_KPI02_SRV/ChangeDocItemSet,$filter=Objectclas eq 'MATERIAL' and Tabname eq 'MARC'&$orderby=Changenr&$top=500&$skip=4000&$format=json,200,0.3,276131
2026-09-23T07:14:27Z,/sap/opu/odata/sap/ZMM_KPI02_SRV/ChangeDocItemSet,$filter=Objectclas eq 'MATERIAL' and Tabname eq 'MARC'&$orderby=Changenr&$top=500&$skip=4500&$format=json,200,0.2,277131
2026-09-23T07:14:27Z,/sap/opu/odata/sap/ZMM_KPI02_SRV/ChangeDocItemSet,$filter=Objectclas eq 'MATERIAL' and Tabname eq 'MARC'&$orderby=Changenr&$top=500&$skip=5000&$format=json,200,0.2,276828
2026-09-23T07:14:27Z,/sap/opu/odata/sap/ZMM_KPI02_SRV/ChangeDocItemSet,$filter=Objectclas eq 'MATERIAL' and Tabname eq 'MARC'&$orderby=Changenr&$top=500&$skip=5500&$format=json,200,0.4,275328
2026-09-23T07:14:28Z,/sap/opu/odata/sap/ZMM_KPI02_SRV/ChangeDocItemSet,$filter=Objectclas eq 'MATERIAL' and Tabname eq 'MARC'&$orderby=Changenr&$top=500&$skip=6000&$format=json,200,0.3,273595
2026-09-23T07:14:28Z,/sap/opu/odata/sap/ZMM_KPI02_SRV/ChangeDocItemSet,$filter=Objectclas eq 'MATERIAL' and Tabname eq 'MARC'&$orderby=Changenr&$top=500&$skip=6500&$format=json,200,0.2,275355
2026-09-23T07:14:28Z,/sap/opu/odata/sap/ZMM_KPI02_SRV/ChangeDocItemSet,$filter=Objectclas eq 'MATERIAL' and Tabname eq 'MARC'&$orderby=Changenr&$top=500&$skip=7000&$format=json,200,0.2,134576
2026-09-23T07:14:28Z,/sap/opu/odata/sap/ZVZI_KPI02_SHARED_SRV/MaterialPlantSet,$top=500&$skip=0&$format=json,200,0.2,296646
2026-09-23T07:14:28Z,/sap/opu/odata/sap/ZVZI_KPI02_SHARED_SRV/MaterialPlantSet,$top=500&$skip=500&$format=json,200,0.2,297211
2026-09-23T07:14:29Z,/sap/opu/odata/sap/ZVZI_KPI02_SHARED_SRV/MaterialPlantSet,$top=500&$skip=1000&$format=json,200,0.2,298288
2026-09-23T07:14:29Z,/sap/opu/odata/sap/ZVZI_KPI02_SHARED_SRV/MaterialPlantSet,$top=500&$skip=1500&$format=json,200,0.2,298183
2026-09-23T07:14:29Z,/sap/opu/odata/sap/ZVZI_KPI02_SHARED_SRV/MaterialPlantSet,$top=500&$skip=2000&$format=json,200,0.1,107193
2026-09-23T07:14:29Z,/sap/opu/odata/sap/ZVZI_KPI02_SHARED_SRV/MaterialPlantSet,$top=500&$skip=0&$format=json,200,0.2,296646
2026-09-23T07:14:30Z,/sap/opu/odata/sap/ZVZI_KPI02_SHARED_SRV/MaterialPlantSet,$top=500&$skip=500&$format=json,200,0.3,297211
2026-09-23T07:14:30Z,/sap/opu/odata/sap/ZVZI_KPI02_SHARED_SRV/MaterialPlantSet,$top=500&$skip=1000&$format=json,200,0.3,298288
2026-09-23T07:14:30Z,/sap/opu/odata/sap/ZVZI_KPI02_SHARED_SRV/MaterialPlantSet,$top=500&$skip=1500&$format=json,200,0.2,298183
2026-09-23T07:14:30Z,/sap/opu/odata/sap/ZVZI_KPI02_SHARED_SRV/MaterialPlantSet,$top=500&$skip=2000&$format=json,200,0.2,107193
2026-09-23T07:14:33Z,/sap/opu/odata/sap/ZVZI_KPI02_SHARED_SRV/MaterialPlantSet,"$orderby=Matnr,Werks&$top=500&$skip=0&$format=json",500,2.4,1200
2026-09-23T07:14:33Z,/sap/opu/odata/sap/ZVZI_KPI02_SHARED_SRV/MaterialPlantSet/$count,$filter=Dismm eq 'VB',200,0.1,2
2026-09-23T07:14:35Z,/sap/opu/odata/sap/ZVZI_KPI02_SHARED_SRV/MaterialPlantSet,"$filter=Dismm eq 'VB'&$orderby=Matnr,Werks&$top=500&$skip=0&$format=json",500,2.4,1226
2026-09-23T07:14:35Z,/sap/opu/odata/sap/ZVZI_KPI02_SHARED_SRV/MaterialPlantSet/$count,$filter=Dismm eq 'ND',200,0.1,3
2026-09-23T07:14:38Z,/sap/opu/odata/sap/ZVZI_KPI02_SHARED_SRV/MaterialPlantSet,"$filter=Dismm eq 'ND'&$orderby=Matnr,Werks&$top=500&$skip=0&$format=json",500,2.4,1226
2026-09-23T07:14:38Z,/sap/opu/odata/sap/ZVZI_KPI02_SHARED_SRV/MaterialPlantSet/$count,$filter=Dismm eq 'PD',200,0.1,3
2026-09-23T07:14:40Z,/sap/opu/odata/sap/ZVZI_KPI02_SHARED_SRV/MaterialPlantSet,"$filter=Dismm eq 'PD'&$orderby=Matnr,Werks&$top=500&$skip=0&$format=json",500,2.4,1226
2026-09-23T07:14:41Z,/sap/opu/odata/sap/ZVZI_KPI02_SHARED_SRV/MaterialPlantSet/$count,$filter=Dismm eq 'V1',200,0.1,2
2026-09-23T07:14:43Z,/sap/opu/odata/sap/ZVZI_KPI02_SHARED_SRV/MaterialPlantSet,"$filter=Dismm eq 'V1'&$orderby=Matnr,Werks&$top=500&$skip=0&$format=json",500,2.4,1226
2026-09-23T07:14:43Z,/sap/opu/odata/sap/ZVZI_KPI02_SHARED_SRV/MaterialSet,$orderby=Matnr&$top=500&$skip=0&$format=json,200,0.2,189048
2026-09-23T07:14:43Z,/sap/opu/odata/sap/ZVZI_KPI02_SHARED_SRV/MaterialSet,$orderby=Matnr&$top=500&$skip=500&$format=json,200,0.2,189697
2026-09-23T07:14:43Z,/sap/opu/odata/sap/ZVZI_KPI02_SHARED_SRV/MaterialSet,$orderby=Matnr&$top=500&$skip=1000&$format=json,200,0.2,190072
2026-09-23T07:14:44Z,/sap/opu/odata/sap/ZVZI_KPI02_SHARED_SRV/MaterialSet,$orderby=Matnr&$top=500&$skip=1500&$format=json,200,0.2,189019
2026-09-23T07:14:44Z,/sap/opu/odata/sap/ZVZI_KPI02_SHARED_SRV/MaterialSet,$orderby=Matnr&$top=500&$skip=2000&$format=json,200,0.2,13805
2026-09-23T07:14:46Z,/sap/opu/odata/sap/ZVZI_KPI02_SHARED_SRV/PurchaseOrderSet,$filter=Bsart eq 'ZREP'&$top=500&$skip=0&$format=json,500,2.4,977
2026-09-23T07:14:46Z,/sap/opu/odata/sap/ZVZI_KPI02_SHARED_SRV/MaterialPlantSet/$count,$filter=Matnr ne '22271519',200,0.2,4
2026-09-23T07:14:46Z,/sap/opu/odata/sap/ZVZI_KPI02_SHARED_SRV/MaterialPlantSet/$count,$filter=Matnr ge '8000000000' and Matnr le '8099999999',200,0.1,2
2026-09-23T07:14:47Z,/sap/opu/odata/sap/ZVZI_KPI02_SHARED_SRV/MaterialPlantSet/$count,$filter=Matnr gt '5',200,0.2,4
2026-09-23T07:14:47Z,/sap/opu/odata/sap/ZVZI_KPI02_SHARED_SRV/MaterialPlantSet/$count,$filter=Dismm eq 'ND' or Dismm eq 'PD',200,0.1,4
2026-09-23T07:14:47Z,/sap/opu/odata/sap/ZVZI_KPI02_SHARED_SRV/MaterialPlantSet/$count,"$filter=startswith(Matnr,'8')",500,0.7,1186
2026-09-23T07:14:48Z,/sap/opu/odata/sap/ZVZI_KPI02_SHARED_SRV/MaterialPlantSet,"$filter=startswith(Matnr,'8')&$inlinecount=allpages&$top=1&$format=json",500,0.7,1221
2026-09-23T07:14:49Z,/sap/opu/odata/sap/ZVZI_KPI02_SHARED_SRV/MaterialPlantSet,"$filter=substringof('800',Matnr)&$inlinecount=allpages&$top=1&$format=json",500,0.7,1224
2026-09-23T07:14:49Z,/sap/opu/odata/sap/ZVZI_KPI02_SHARED_SRV/MaterialPlantSet,$filter=Werks eq '1300' and Dismm eq 'PD'&$inlinecount=allpages&$top=1&$format=json,200,0.1,633
2026-09-23T07:14:49Z,/sap/opu/odata/sap/ZVZI_KPI02_SHARED_SRV/MaterialDocumentHeaderSet/$count,$filter=Budat ge datetime'2026-01-01T00:00:00',200,0.2,1
2026-09-23T07:14:49Z,/sap/opu/odata/sap/ZVZI_KPI02_SHARED_SRV/MaterialDocumentHeaderSet/$count,$filter=Budat ge datetime'2013-01-01T00:00:00' and Budat lt datetime'2014-01-01T00:00:00',200,0.3,5
2026-09-23T07:14:50Z,/sap/opu/odata/sap/ZVZI_KPI02_SHARED_SRV/MaterialDocumentHeaderSet/$count,$filter=Budat eq datetime'2013-09-27T00:00:00',200,0.1,3
2026-09-23T07:14:50Z,/sap/opu/odata/sap/ZVZI_KPI02_SHARED_SRV/PurchaseOrderSet/$count,$filter=Aedat ge datetime'2026-01-01T00:00:00',200,0.1,2
2026-09-23T07:14:50Z,/sap/opu/odata/sap/ZMM_KPI02_SRV/ChangeDocHeaderSet,$filter=Udate ge datetime'2026-01-01T00:00:00'&$inlinecount=allpages&$top=1&$format=json,400,0.7,1250
2026-09-23T07:14:50Z,/sap/opu/odata/sap/ZMM_KPI02_SRV/ChangeDocHeaderSet,$filter=Objectclas eq 'MATERIAL' and Udate ge datetime'2018-01-01T00:00:00'&$inlinecount=allpages&$top=1&$format=json,200,0.1,568
2026-09-23T07:14:51Z,/sap/opu/odata/sap/ZMM_KPI02_SRV/ChangeDocItemSet,$filter=Objectclas eq 'MATERIAL' and (Tabname eq 'MARC' or Tabname eq 'MARA')&$inlinecount=allpages&$top=1&$format=json,400,0.7,1179
2026-09-23T07:14:51Z,/sap/opu/odata/sap/ZVZI_KPI02_SHARED_SRV/PurchaseOrderItemSet/$count,$filter=Ebeln eq '4500000001' or Ebeln eq '4500000002',200,0.2,1
2026-09-23T07:14:51Z,/sap/opu/odata/sap/ZMM_KPI02_SRV/StockMovementStatisticSet/$count,$filter=Letztbew ge datetime'2020-01-01T00:00:00',200,0.1,2
2026-09-23T07:14:52Z,/sap/opu/odata/sap/ZVZI_KPI02_SHARED_SRV/PurchaseRequisitionSet/$count,$filter=Banfn eq 'ZZ~NOPE',200,0.1,1
2026-09-23T07:14:52Z,/sap/opu/odata/sap/ZVZI_KPI02_SHARED_SRV/PurchaseRequisitionSet/$count,$filter=Bnfpo eq 'ZZ~NOPE',200,0.1,1
2026-09-23T07:14:52Z,/sap/opu/odata/sap/ZVZI_KPI02_SHARED_SRV/PurchaseRequisitionSet/$count,$filter=Bsart eq 'ZZ~NOPE',200,0.1,1
2026-09-23T07:14:52Z,/sap/opu/odata/sap/ZVZI_KPI02_SHARED_SRV/PurchaseRequisitionSet/$count,$filter=Loekz eq 'ZZ~NOPE',200,0.1,1
2026-09-23T07:14:52Z,/sap/opu/odata/sap/ZVZI_KPI02_SHARED_SRV/PurchaseRequisitionSet/$count,$filter=Statu eq 'ZZ~NOPE',200,0.1,1
2026-09-23T07:14:52Z,/sap/opu/odata/sap/ZVZI_KPI02_SHARED_SRV/PurchaseRequisitionSet/$count,$filter=Frgkz eq 'ZZ~NOPE',200,0.1,1
2026-09-23T07:14:52Z,/sap/opu/odata/sap/ZVZI_KPI02_SHARED_SRV/PurchaseRequisitionSet/$count,$filter=Frgzu eq 'ZZ~NOPE',200,0.1,1
2026-09-23T07:14:53Z,/sap/opu/odata/sap/ZVZI_KPI02_SHARED_SRV/PurchaseRequisitionSet/$count,$filter=Ekgrp eq 'ZZ~NOPE',200,0.1,1
2026-09-23T07:14:53Z,/sap/opu/odata/sap/ZVZI_KPI02_SHARED_SRV/PurchaseRequisitionSet/$count,$filter=Ernam eq 'ZZ~NOPE',200,0.1,1
2026-09-23T07:14:53Z,/sap/opu/odata/sap/ZVZI_KPI02_SHARED_SRV/PurchaseRequisitionSet/$count,$filter=Afnam eq 'ZZ~NOPE',200,0.1,1
2026-09-23T07:14:53Z,/sap/opu/odata/sap/ZVZI_KPI02_SHARED_SRV/PurchaseRequisitionSet/$count,$filter=Txz01 eq 'ZZ~NOPE',200,0.1,1
2026-09-23T07:14:53Z,/sap/opu/odata/sap/ZVZI_KPI02_SHARED_SRV/PurchaseRequisitionSet/$count,$filter=Matnr eq 'ZZ~NOPE',200,0.2,1
2026-09-23T07:14:53Z,/sap/opu/odata/sap/ZVZI_KPI02_SHARED_SRV/PurchaseRequisitionSet/$count,$filter=Werks eq 'ZZ~NOPE',200,0.1,1
2026-09-23T07:14:53Z,/sap/opu/odata/sap/ZVZI_KPI02_SHARED_SRV/PurchaseRequisitionSet/$count,$filter=Lgort eq 'ZZ~NOPE',200,0.1,1
2026-09-23T07:14:54Z,/sap/opu/odata/sap/ZVZI_KPI02_SHARED_SRV/PurchaseRequisitionSet/$count,$filter=Bednr eq 'ZZ~NOPE',200,0.2,1
2026-09-23T07:14:54Z,/sap/opu/odata/sap/ZVZI_KPI02_SHARED_SRV/PurchaseRequisitionSet/$count,$filter=Matkl eq 'ZZ~NOPE',200,0.1,1
2026-09-23T07:14:54Z,/sap/opu/odata/sap/ZVZI_KPI02_SHARED_SRV/PurchaseRequisitionSet/$count,$filter=Reswk eq 'ZZ~NOPE',200,0.1,1
2026-09-23T07:14:55Z,/sap/opu/odata/sap/ZVZI_KPI02_SHARED_SRV/PurchaseRequisitionSet/$count,$filter=Menge eq 'ZZ~NOPE',500,0.8,965
2026-09-23T07:14:55Z,/sap/opu/odata/sap/ZVZI_KPI02_SHARED_SRV/PurchaseRequisitionSet,$filter=Menge eq 'ZZ~NOPE'&$inlinecount=allpages&$top=1&$format=json,500,0.8,1000
2026-09-23T07:14:56Z,/sap/opu/odata/sap/ZVZI_KPI02_SHARED_SRV/PurchaseRequisitionSet,$filter=Meins eq 'ZZ~NOPE'&$inlinecount=allpages&$top=1&$format=json,200,0.1,34
2026-09-23T07:14:56Z,/sap/opu/odata/sap/ZVZI_KPI02_SHARED_SRV/PurchaseRequisitionSet,$filter=Badat eq datetime'1900-01-01T00:00:00'&$inlinecount=allpages&$top=1&$format=json,200,0.2,34
2026-09-23T07:14:56Z,/sap/opu/odata/sap/ZVZI_KPI02_SHARED_SRV/PurchaseRequisitionSet,$filter=Lfdat eq datetime'1900-01-01T00:00:00'&$inlinecount=allpages&$top=1&$format=json,200,0.1,34
2026-09-23T07:14:57Z,/sap/opu/odata/sap/ZVZI_KPI02_SHARED_SRV/PurchaseRequisitionSet,$filter=Preis eq 'ZZ~NOPE'&$inlinecount=allpages&$top=1&$format=json,500,0.8,1000
2026-09-23T07:14:57Z,/sap/opu/odata/sap/ZVZI_KPI02_SHARED_SRV/PurchaseRequisitionSet,$filter=Peinh eq 'ZZ~NOPE'&$inlinecount=allpages&$top=1&$format=json,500,0.7,1000
2026-09-23T07:14:57Z,/sap/opu/odata/sap/ZVZI_KPI02_SHARED_SRV/PurchaseRequisitionSet,$filter=Flief eq 'ZZ~NOPE'&$inlinecount=allpages&$top=1&$format=json,200,0.1,34
2026-09-23T07:14:58Z,/sap/opu/odata/sap/ZVZI_KPI02_SHARED_SRV/PurchaseRequisitionSet,$filter=Ebeln eq 'ZZ~NOPE'&$inlinecount=allpages&$top=1&$format=json,200,0.2,34
2026-09-23T07:14:58Z,/sap/opu/odata/sap/ZVZI_KPI02_SHARED_SRV/PurchaseRequisitionSet,$filter=Ebelp eq 'ZZ~NOPE'&$inlinecount=allpages&$top=1&$format=json,500,0.7,1000
2026-09-23T07:14:59Z,/sap/opu/odata/sap/ZVZI_KPI02_SHARED_SRV/PurchaseRequisitionSet,$filter=Bsmng eq 'ZZ~NOPE'&$inlinecount=allpages&$top=1&$format=json,500,0.7,1000
2026-09-23T07:15:00Z,/sap/opu/odata/sap/ZVZI_KPI02_SHARED_SRV/PurchaseRequisitionSet,$filter=Rsnum eq 'ZZ~NOPE'&$inlinecount=allpages&$top=1&$format=json,500,0.7,1000
2026-09-23T07:15:00Z,/sap/opu/odata/sap/ZVZI_KPI02_SHARED_SRV/GoodsMovementItemSet/$count,$filter=Mblnr eq 'ZZ~NOPE',200,0.2,1
2026-09-23T07:15:00Z,/sap/opu/odata/sap/ZVZI_KPI02_SHARED_SRV/GoodsMovementItemSet/$count,$filter=Mjahr eq 'ZZ~NOPE',200,0.1,1
2026-09-23T07:15:00Z,/sap/opu/odata/sap/ZVZI_KPI02_SHARED_SRV/GoodsMovementItemSet/$count,$filter=Zeile eq 'ZZ~NOPE',200,0.1,1
2026-09-23T07:15:00Z,/sap/opu/odata/sap/ZVZI_KPI02_SHARED_SRV/GoodsMovementItemSet/$count,$filter=Bwart eq 'ZZ~NOPE',200,0.1,1
2026-09-23T07:15:00Z,/sap/opu/odata/sap/ZVZI_KPI02_SHARED_SRV/GoodsMovementItemSet/$count,$filter=Matnr eq 'ZZ~NOPE',200,0.1,1
2026-09-23T07:15:01Z,/sap/opu/odata/sap/ZVZI_KPI02_SHARED_SRV/GoodsMovementItemSet/$count,$filter=Werks eq 'ZZ~NOPE',200,0.1,1
2026-09-23T07:15:01Z,/sap/opu/odata/sap/ZVZI_KPI02_SHARED_SRV/GoodsMovementItemSet/$count,$filter=Lgort eq 'ZZ~NOPE',500,0.7,1193
2026-09-23T07:15:02Z,/sap/opu/odata/sap/ZVZI_KPI02_SHARED_SRV/GoodsMovementItemSet,$filter=Lgort eq 'ZZ~NOPE'&$inlinecount=allpages&$top=1&$format=json,500,0.8,1228
2026-09-23T07:15:03Z,/sap/opu/odata/sap/ZVZI_KPI02_SHARED_SRV/GoodsMovementItemSet,$filter=Lifnr eq 'ZZ~NOPE'&$inlinecount=allpages&$top=1&$format=json,500,0.7,1228
2026-09-23T07:15:04Z,/sap/opu/odata/sap/ZVZI_KPI02_SHARED_SRV/GoodsMovementItemSet,$filter=Shkzg eq 'ZZ~NOPE'&$inlinecount=allpages&$top=1&$format=json,500,0.7,1228
2026-09-23T07:15:04Z,/sap/opu/odata/sap/ZVZI_KPI02_SHARED_SRV/GoodsMovementItemSet,$filter=Dmbtr eq 'ZZ~NOPE'&$inlinecount=allpages&$top=1&$format=json,500,0.7,1228
2026-09-23T07:15:05Z,/sap/opu/odata/sap/ZVZI_KPI02_SHARED_SRV/GoodsMovementItemSet,$filter=Menge eq 'ZZ~NOPE'&$inlinecount=allpages&$top=1&$format=json,500,0.7,1228
2026-09-23T07:15:06Z,/sap/opu/odata/sap/ZVZI_KPI02_SHARED_SRV/GoodsMovementItemSet,$filter=Meins eq 'ZZ~NOPE'&$inlinecount=allpages&$top=1&$format=json,500,0.7,1228
2026-09-23T07:15:06Z,/sap/opu/odata/sap/ZVZI_KPI02_SHARED_SRV/GoodsMovementItemSet,$filter=Ebeln eq 'ZZ~NOPE'&$inlinecount=allpages&$top=1&$format=json,500,0.7,1228
2026-09-23T07:15:07Z,/sap/opu/odata/sap/ZVZI_KPI02_SHARED_SRV/GoodsMovementItemSet,$filter=Ebelp eq 'ZZ~NOPE'&$inlinecount=allpages&$top=1&$format=json,500,0.7,1228
2026-09-23T07:15:08Z,/sap/opu/odata/sap/ZVZI_KPI02_SHARED_SRV/GoodsMovementItemSet,$filter=Sgtxt eq 'ZZ~NOPE'&$inlinecount=allpages&$top=1&$format=json,500,0.8,1228
2026-09-23T07:15:09Z,/sap/opu/odata/sap/ZVZI_KPI02_SHARED_SRV/GoodsMovementItemSet,$filter=Wempf eq 'ZZ~NOPE'&$inlinecount=allpages&$top=1&$format=json,500,0.7,1228
2026-09-23T07:15:09Z,/sap/opu/odata/sap/ZVZI_KPI02_SHARED_SRV/GoodsMovementItemSet,$filter=Kostl eq 'ZZ~NOPE'&$inlinecount=allpages&$top=1&$format=json,500,0.7,1228
2026-09-23T07:15:10Z,/sap/opu/odata/sap/ZVZI_KPI02_SHARED_SRV/GoodsMovementItemSet,$filter=Aufnr eq 'ZZ~NOPE'&$inlinecount=allpages&$top=1&$format=json,500,0.8,1228
2026-09-23T07:15:11Z,/sap/opu/odata/sap/ZVZI_KPI02_SHARED_SRV/GoodsMovementItemSet,$filter=Rsnum eq 'ZZ~NOPE'&$inlinecount=allpages&$top=1&$format=json,500,0.8,1228
2026-09-23T07:15:12Z,/sap/opu/odata/sap/ZVZI_KPI02_SHARED_SRV/GoodsMovementItemSet,$filter=Rspos eq 'ZZ~NOPE'&$inlinecount=allpages&$top=1&$format=json,500,0.8,1228
2026-09-23T07:15:13Z,/sap/opu/odata/sap/ZVZI_KPI02_SHARED_SRV/GoodsMovementItemSet,$filter=Umwrk eq 'ZZ~NOPE'&$inlinecount=allpages&$top=1&$format=json,500,0.8,1228
2026-09-23T07:15:13Z,/sap/opu/odata/sap/ZVZI_KPI02_SHARED_SRV/GoodsMovementItemSet,$filter=Umlgo eq 'ZZ~NOPE'&$inlinecount=allpages&$top=1&$format=json,500,0.8,1228
2026-09-23T07:15:14Z,/sap/opu/odata/sap/ZVZI_KPI02_SHARED_SRV/GoodsMovementItemSet,$filter=Grund eq 'ZZ~NOPE'&$inlinecount=allpages&$top=1&$format=json,500,0.7,1228
2026-09-23T07:15:15Z,/sap/opu/odata/sap/ZVZI_KPI02_SHARED_SRV/GoodsMovementItemSet,$filter=BudatMkpf eq datetime'1900-01-01T00:00:00'&$inlinecount=allpages&$top=1&$format=json,500,0.8,1250
2026-09-23T07:15:16Z,/sap/opu/odata/sap/ZVZI_KPI02_SHARED_SRV/GoodsMovementItemSet,$filter=CpudtMkpf eq datetime'1900-01-01T00:00:00'&$inlinecount=allpages&$top=1&$format=json,500,0.8,1250
2026-09-23T07:15:16Z,/sap/opu/odata/sap/ZVZI_KPI02_SHARED_SRV/InfoRecordSet/$count,$filter=Infnr eq 'ZZ~NOPE',200,0.2,1
2026-09-23T07:15:16Z,/sap/opu/odata/sap/ZVZI_KPI02_SHARED_SRV/InfoRecordSet/$count,$filter=Matnr eq 'ZZ~NOPE',200,0.2,1
2026-09-23T07:15:16Z,/sap/opu/odata/sap/ZVZI_KPI02_SHARED_SRV/InfoRecordSet/$count,$filter=Lifnr eq 'ZZ~NOPE',200,0.1,1
2026-09-23T07:15:16Z,/sap/opu/odata/sap/ZVZI_KPI02_SHARED_SRV/InfoRecordOrgSet/$count,$filter=Infnr eq 'ZZ~NOPE',200,0.2,1
2026-09-23T07:15:16Z,/sap/opu/odata/sap/ZVZI_KPI02_SHARED_SRV/InfoRecordOrgSet/$count,$filter=Ekorg eq 'ZZ~NOPE',200,0.1,1
2026-09-23T07:15:16Z,/sap/opu/odata/sap/ZVZI_KPI02_SHARED_SRV/InfoRecordOrgSet/$count,$filter=Esokz eq 'ZZ~NOPE',200,0.1,1
2026-09-23T07:15:17Z,/sap/opu/odata/sap/ZVZI_KPI02_SHARED_SRV/InfoRecordOrgSet/$count,$filter=Werks eq 'ZZ~NOPE',200,0.1,1
2026-09-23T07:15:17Z,/sap/opu/odata/sap/ZVZI_KPI02_SHARED_SRV/InfoRecordOrgSet/$count,$filter=Waers eq 'ZZ~NOPE',500,0.8,1189
2026-09-23T07:15:18Z,/sap/opu/odata/sap/ZVZI_KPI02_SHARED_SRV/InfoRecordOrgSet,$filter=Waers eq 'ZZ~NOPE'&$inlinecount=allpages&$top=1&$format=json,500,0.8,1224
2026-09-23T07:15:19Z,/sap/opu/odata/sap/ZVZI_KPI02_SHARED_SRV/InfoRecordOrgSet,$filter=Aplfz eq 'ZZ~NOPE'&$inlinecount=allpages&$top=1&$format=json,500,0.7,1224
2026-09-23T07:15:20Z,/sap/opu/odata/sap/ZVZI_KPI02_SHARED_SRV/InfoRecordOrgSet,$filter=Netpr eq 'ZZ~NOPE'&$inlinecount=allpages&$top=1&$format=json,500,0.8,1224
2026-09-23T07:15:21Z,/sap/opu/odata/sap/ZVZI_KPI02_SHARED_SRV/InfoRecordOrgSet,$filter=Peinh eq 'ZZ~NOPE'&$inlinecount=allpages&$top=1&$format=json,500,0.8,1224
2026-09-23T07:15:21Z,/sap/opu/odata/sap/ZVZI_KPI02_SHARED_SRV/InfoRecordOrgSet,$filter=Effpr eq 'ZZ~NOPE'&$inlinecount=allpages&$top=1&$format=json,500,0.8,1224
2026-09-23T07:15:22Z,/sap/opu/odata/sap/ZVZI_KPI02_SHARED_SRV/PurchaseOrderSet/$count,$filter=Ebeln eq 'ZZ~NOPE',200,0.2,1
2026-09-23T07:15:22Z,/sap/opu/odata/sap/ZVZI_KPI02_SHARED_SRV/PurchaseOrderSet/$count,$filter=Bsart eq 'ZZ~NOPE',200,0.2,1
2026-09-23T07:15:22Z,/sap/opu/odata/sap/ZVZI_KPI02_SHARED_SRV/PurchaseOrderSet/$count,$filter=Aedat eq datetime'1900-01-01T00:00:00',200,0.1,1
2026-09-23T07:15:22Z,/sap/opu/odata/sap/ZVZI_KPI02_SHARED_SRV/PurchaseOrderSet/$count,$filter=Lifnr eq 'ZZ~NOPE',200,0.1,1
2026-09-23T07:15:22Z,/sap/opu/odata/sap/ZVZI_KPI02_SHARED_SRV/PurchaseOrderSet/$count,$filter=Ekorg eq 'ZZ~NOPE',200,0.1,1
2026-09-23T07:15:22Z,/sap/opu/odata/sap/ZVZI_KPI02_SHARED_SRV/PurchaseOrderSet/$count,$filter=Ekgrp eq 'ZZ~NOPE',200,0.1,1
2026-09-23T07:15:22Z,/sap/opu/odata/sap/ZVZI_KPI02_SHARED_SRV/PurchaseOrderSet/$count,$filter=Waers eq 'ZZ~NOPE',200,0.1,1
2026-09-23T07:15:22Z,/sap/opu/odata/sap/ZVZI_KPI02_SHARED_SRV/PurchaseOrderItemSet/$count,$filter=Ebeln eq 'ZZ~NOPE',200,0.1,1
2026-09-23T07:15:23Z,/sap/opu/odata/sap/ZVZI_KPI02_SHARED_SRV/PurchaseOrderItemSet/$count,$filter=Ebelp eq 'ZZ~NOPE',200,0.1,1
2026-09-23T07:15:23Z,/sap/opu/odata/sap/ZVZI_KPI02_SHARED_SRV/PurchaseOrderItemSet/$count,$filter=Loekz eq 'ZZ~NOPE',200,0.1,1
2026-09-23T07:15:23Z,/sap/opu/odata/sap/ZVZI_KPI02_SHARED_SRV/PurchaseOrderItemSet/$count,$filter=Txz01 eq 'ZZ~NOPE',500,0.8,1193
2026-09-23T07:15:24Z,/sap/opu/odata/sap/ZVZI_KPI02_SHARED_SRV/PurchaseOrderItemSet,$filter=Txz01 eq 'ZZ~NOPE'&$inlinecount=allpages&$top=1&$format=json,500,0.7,1228
2026-09-23T07:15:24Z,/sap/opu/odata/sap/ZVZI_KPI02_SHARED_SRV/PurchaseOrderItemSet,$filter=Matnr eq 'ZZ~NOPE'&$inlinecount=allpages&$top=1&$format=json,200,0.2,34
2026-09-23T07:15:24Z,/sap/opu/odata/sap/ZVZI_KPI02_SHARED_SRV/PurchaseOrderItemSet,$filter=Werks eq 'ZZ~NOPE'&$inlinecount=allpages&$top=1&$format=json,200,0.1,34
2026-09-23T07:15:25Z,/sap/opu/odata/sap/ZVZI_KPI02_SHARED_SRV/PurchaseOrderItemSet,$filter=Lgort eq 'ZZ~NOPE'&$inlinecount=allpages&$top=1&$format=json,500,0.7,1228
2026-09-23T07:15:26Z,/sap/opu/odata/sap/ZVZI_KPI02_SHARED_SRV/PurchaseOrderItemSet,$filter=Bednr eq 'ZZ~NOPE'&$inlinecount=allpages&$top=1&$format=json,500,0.7,1228
2026-09-23T07:15:27Z,/sap/opu/odata/sap/ZVZI_KPI02_SHARED_SRV/PurchaseOrderItemSet,$filter=Menge eq 'ZZ~NOPE'&$inlinecount=allpages&$top=1&$format=json,500,0.8,1228
2026-09-23T07:15:27Z,/sap/opu/odata/sap/ZVZI_KPI02_SHARED_SRV/PurchaseOrderItemSet,$filter=Meins eq 'ZZ~NOPE'&$inlinecount=allpages&$top=1&$format=json,500,0.8,1228
2026-09-23T07:15:28Z,/sap/opu/odata/sap/ZVZI_KPI02_SHARED_SRV/PurchaseOrderItemSet,$filter=Netpr eq 'ZZ~NOPE'&$inlinecount=allpages&$top=1&$format=json,500,0.7,1228
2026-09-23T07:15:29Z,/sap/opu/odata/sap/ZVZI_KPI02_SHARED_SRV/PurchaseOrderItemSet,$filter=Peinh eq 'ZZ~NOPE'&$inlinecount=allpages&$top=1&$format=json,500,0.7,1228
2026-09-23T07:15:30Z,/sap/opu/odata/sap/ZVZI_KPI02_SHARED_SRV/PurchaseOrderItemSet,$filter=Netwr eq 'ZZ~NOPE'&$inlinecount=allpages&$top=1&$format=json,500,0.8,1228
2026-09-23T07:15:30Z,/sap/opu/odata/sap/ZVZI_KPI02_SHARED_SRV/PurchaseOrderItemSet,$filter=Pstyp eq 'ZZ~NOPE'&$inlinecount=allpages&$top=1&$format=json,500,0.7,1228
2026-09-23T07:15:31Z,/sap/opu/odata/sap/ZVZI_KPI02_SHARED_SRV/PurchaseOrderItemSet,$filter=Knttp eq 'ZZ~NOPE'&$inlinecount=allpages&$top=1&$format=json,500,0.7,1228
2026-09-23T07:15:32Z,/sap/opu/odata/sap/ZVZI_KPI02_SHARED_SRV/PurchaseOrderItemSet,$filter=Plifz eq 'ZZ~NOPE'&$inlinecount=allpages&$top=1&$format=json,500,0.7,1228
2026-09-23T07:15:32Z,/sap/opu/odata/sap/ZVZI_KPI02_SHARED_SRV/PurchaseOrderItemSet,$filter=Banfn eq 'ZZ~NOPE'&$inlinecount=allpages&$top=1&$format=json,200,0.1,34
2026-09-23T07:15:33Z,/sap/opu/odata/sap/ZVZI_KPI02_SHARED_SRV/PurchaseOrderItemSet,$filter=Bnfpo eq 'ZZ~NOPE'&$inlinecount=allpages&$top=1&$format=json,500,0.7,1228
2026-09-23T07:15:33Z,/sap/opu/odata/sap/ZVZI_KPI02_SHARED_SRV/VendorSet/$count,$filter=Lifnr eq 'ZZ~NOPE',200,0.1,1
2026-09-23T07:15:33Z,/sap/opu/odata/sap/ZVZI_KPI02_SHARED_SRV/VendorSet/$count,$filter=Name1 eq 'ZZ~NOPE',200,0.1,1
2026-09-23T07:15:33Z,/sap/opu/odata/sap/ZVZI_KPI02_SHARED_SRV/VendorSet/$count,$filter=Ktokk eq 'ZZ~NOPE',200,0.2,1
2026-09-23T07:15:33Z,/sap/opu/odata/sap/ZVZI_KPI02_SHARED_SRV/MaterialDescriptionSet/$count,$filter=Matnr eq 'ZZ~NOPE',200,0.1,1
2026-09-23T07:15:33Z,/sap/opu/odata/sap/ZVZI_KPI02_SHARED_SRV/MaterialDescriptionSet/$count,$filter=Spras eq 'ZZ~NOPE',200,0.1,1
2026-09-23T07:15:34Z,/sap/opu/odata/sap/ZVZI_KPI02_SHARED_SRV/MaterialDescriptionSet/$count,$filter=Maktx eq 'ZZ~NOPE',500,0.7,1195
2026-09-23T07:15:35Z,/sap/opu/odata/sap/ZVZI_KPI02_SHARED_SRV/MaterialDescriptionSet,$filter=Maktx eq 'ZZ~NOPE'&$inlinecount=allpages&$top=1&$format=json,500,0.7,1230
2026-09-23T07:15:35Z,/sap/opu/odata/sap/ZVZI_KPI02_SHARED_SRV/MaterialSet/$count,$filter=Matnr eq 'ZZ~NOPE',200,0.1,1
2026-09-23T07:15:35Z,/sap/opu/odata/sap/ZVZI_KPI02_SHARED_SRV/MaterialSet/$count,$filter=Mtart eq 'ZZ~NOPE',200,0.1,1
2026-09-23T07:15:35Z,/sap/opu/odata/sap/ZVZI_KPI02_SHARED_SRV/MaterialSet/$count,$filter=Matkl eq 'ZZ~NOPE',200,0.1,1
2026-09-23T07:15:36Z,/sap/opu/odata/sap/ZVZI_KPI02_SHARED_SRV/MaterialSet/$count,$filter=Bismt eq 'ZZ~NOPE',500,0.7,1184
2026-09-23T07:15:36Z,/sap/opu/odata/sap/ZVZI_KPI02_SHARED_SRV/MaterialSet,$filter=Bismt eq 'ZZ~NOPE'&$inlinecount=allpages&$top=1&$format=json,500,0.7,1219
2026-09-23T07:15:37Z,/sap/opu/odata/sap/ZVZI_KPI02_SHARED_SRV/MaterialSet,$filter=Meins eq 'ZZ~NOPE'&$inlinecount=allpages&$top=1&$format=json,500,0.7,1219
2026-09-23T07:15:37Z,/sap/opu/odata/sap/ZVZI_KPI02_SHARED_SRV/MaterialSet,$filter=Mstae eq 'ZZ~NOPE'&$inlinecount=allpages&$top=1&$format=json,200,0.1,34
2026-09-23T07:15:37Z,/sap/opu/odata/sap/ZVZI_KPI02_SHARED_SRV/MaterialPlantSet,$filter=Matnr eq 'ZZ~NOPE'&$inlinecount=allpages&$top=1&$format=json,200,0.1,34
2026-09-23T07:15:37Z,/sap/opu/odata/sap/ZVZI_KPI02_SHARED_SRV/MaterialPlantSet,$filter=Werks eq 'ZZ~NOPE'&$inlinecount=allpages&$top=1&$format=json,200,0.1,34
2026-09-23T07:15:38Z,/sap/opu/odata/sap/ZVZI_KPI02_SHARED_SRV/MaterialPlantSet,$filter=Dismm eq 'ZZ~NOPE'&$inlinecount=allpages&$top=1&$format=json,200,0.1,34
2026-09-23T07:15:38Z,/sap/opu/odata/sap/ZVZI_KPI02_SHARED_SRV/MaterialPlantSet,$filter=Dispo eq 'ZZ~NOPE'&$inlinecount=allpages&$top=1&$format=json,200,0.1,34
2026-09-23T07:15:38Z,/sap/opu/odata/sap/ZVZI_KPI02_SHARED_SRV/MaterialPlantSet,$filter=Plifz eq 'ZZ~NOPE'&$inlinecount=allpages&$top=1&$format=json,500,0.7,1224
2026-09-23T07:15:39Z,/sap/opu/odata/sap/ZVZI_KPI02_SHARED_SRV/MaterialPlantSet,$filter=Webaz eq 'ZZ~NOPE'&$inlinecount=allpages&$top=1&$format=json,500,0.7,1224
2026-09-23T07:15:40Z,/sap/opu/odata/sap/ZVZI_KPI02_SHARED_SRV/MaterialPlantSet,$filter=Minbe eq 'ZZ~NOPE'&$inlinecount=allpages&$top=1&$format=json,500,0.7,1224
2026-09-23T07:15:40Z,/sap/opu/odata/sap/ZVZI_KPI02_SHARED_SRV/MaterialPlantSet,$filter=Eisbe eq 'ZZ~NOPE'&$inlinecount=allpages&$top=1&$format=json,500,0.7,1224
2026-09-23T07:15:41Z,/sap/opu/odata/sap/ZVZI_KPI02_SHARED_SRV/MaterialPlantSet,$filter=Bstmi eq 'ZZ~NOPE'&$inlinecount=allpages&$top=1&$format=json,500,0.7,1224
2026-09-23T07:15:42Z,/sap/opu/odata/sap/ZVZI_KPI02_SHARED_SRV/MaterialPlantSet,$filter=Bstma eq 'ZZ~NOPE'&$inlinecount=allpages&$top=1&$format=json,500,0.7,1224
2026-09-23T07:15:43Z,/sap/opu/odata/sap/ZVZI_KPI02_SHARED_SRV/MaterialPlantSet,$filter=Mabst eq 'ZZ~NOPE'&$inlinecount=allpages&$top=1&$format=json,500,0.7,1224
2026-09-23T07:15:43Z,/sap/opu/odata/sap/ZVZI_KPI02_SHARED_SRV/StorageLocationStockSet/$count,$filter=Matnr eq 'ZZ~NOPE',200,0.1,1
2026-09-23T07:15:43Z,/sap/opu/odata/sap/ZVZI_KPI02_SHARED_SRV/StorageLocationStockSet/$count,$filter=Werks eq 'ZZ~NOPE',200,0.2,1
2026-09-23T07:15:43Z,/sap/opu/odata/sap/ZVZI_KPI02_SHARED_SRV/StorageLocationStockSet/$count,$filter=Lgort eq 'ZZ~NOPE',200,0.1,1
2026-09-23T07:15:44Z,/sap/opu/odata/sap/ZVZI_KPI02_SHARED_SRV/StorageLocationStockSet/$count,$filter=Labst eq 'ZZ~NOPE',500,0.7,966
2026-09-23T07:15:44Z,/sap/opu/odata/sap/ZVZI_KPI02_SHARED_SRV/StorageLocationStockSet,$filter=Labst eq 'ZZ~NOPE'&$inlinecount=allpages&$top=1&$format=json,500,0.7,1001
2026-09-23T07:15:45Z,/sap/opu/odata/sap/ZVZI_KPI02_SHARED_SRV/StorageLocationStockSet,$filter=Insme eq 'ZZ~NOPE'&$inlinecount=allpages&$top=1&$format=json,500,0.7,1001
2026-09-23T07:15:46Z,/sap/opu/odata/sap/ZVZI_KPI02_SHARED_SRV/StorageLocationStockSet,$filter=Speme eq 'ZZ~NOPE'&$inlinecount=allpages&$top=1&$format=json,500,0.8,1001
2026-09-23T07:15:46Z,/sap/opu/odata/sap/ZVZI_KPI02_SHARED_SRV/StorageLocationStockSet,$filter=Lgpbe eq 'ZZ~NOPE'&$inlinecount=allpages&$top=1&$format=json,200,0.2,34
2026-09-23T07:15:46Z,/sap/opu/odata/sap/ZVZI_KPI02_SHARED_SRV/MaterialDocumentHeaderSet/$count,$filter=Mblnr eq 'ZZ~NOPE',200,0.1,1
2026-09-23T07:15:46Z,/sap/opu/odata/sap/ZVZI_KPI02_SHARED_SRV/MaterialDocumentHeaderSet/$count,$filter=Mjahr eq 'ZZ~NOPE',200,0.1,1
2026-09-23T07:15:46Z,/sap/opu/odata/sap/ZVZI_KPI02_SHARED_SRV/MaterialDocumentHeaderSet/$count,$filter=Budat eq datetime'1900-01-01T00:00:00',200,0.1,1
2026-09-23T07:15:47Z,/sap/opu/odata/sap/ZVZI_KPI02_SHARED_SRV/MaterialDocumentHeaderSet/$count,$filter=Cpudt eq datetime'1900-01-01T00:00:00',200,0.1,1
2026-09-23T07:15:47Z,/sap/opu/odata/sap/ZVZI_KPI02_SHARED_SRV/MaterialDocumentHeaderSet/$count,$filter=Xblnr eq 'ZZ~NOPE',200,0.1,1
2026-09-23T07:15:47Z,/sap/opu/odata/sap/ZVZI_KPI02_SHARED_SRV/POScheduleLineSet/$count,$filter=Ebeln eq 'ZZ~NOPE',200,0.1,1
2026-09-23T07:15:47Z,/sap/opu/odata/sap/ZVZI_KPI02_SHARED_SRV/POScheduleLineSet/$count,$filter=Ebelp eq 'ZZ~NOPE',200,0.1,1
2026-09-23T07:15:47Z,/sap/opu/odata/sap/ZVZI_KPI02_SHARED_SRV/POScheduleLineSet/$count,$filter=Etenr eq 'ZZ~NOPE',200,0.1,1
2026-09-23T07:15:47Z,/sap/opu/odata/sap/ZVZI_KPI02_SHARED_SRV/POScheduleLineSet/$count,$filter=Eindt eq datetime'1900-01-01T00:00:00',200,0.1,1
2026-09-23T07:15:48Z,/sap/opu/odata/sap/ZVZI_KPI02_SHARED_SRV/POScheduleLineSet/$count,$filter=Menge eq 'ZZ~NOPE',500,0.7,960
2026-09-23T07:15:49Z,/sap/opu/odata/sap/ZVZI_KPI02_SHARED_SRV/POScheduleLineSet,$filter=Menge eq 'ZZ~NOPE'&$inlinecount=allpages&$top=1&$format=json,500,0.7,995
2026-09-23T07:15:49Z,/sap/opu/odata/sap/ZVZI_KPI02_SHARED_SRV/POScheduleLineSet,$filter=Wemng eq 'ZZ~NOPE'&$inlinecount=allpages&$top=1&$format=json,500,0.7,995
2026-09-23T07:15:49Z,/sap/opu/odata/sap/ZVZI_KPI02_SHARED_SRV/POHistorySet/$count,$filter=Ebeln eq 'ZZ~NOPE',200,0.1,1
2026-09-23T07:15:50Z,/sap/opu/odata/sap/ZVZI_KPI02_SHARED_SRV/POHistorySet/$count,$filter=Ebelp eq 'ZZ~NOPE',200,0.2,1
2026-09-23T07:15:50Z,/sap/opu/odata/sap/ZVZI_KPI02_SHARED_SRV/POHistorySet/$count,$filter=Zekkn eq 'ZZ~NOPE',500,0.7,1185
2026-09-23T07:15:51Z,/sap/opu/odata/sap/ZVZI_KPI02_SHARED_SRV/POHistorySet,$filter=Zekkn eq 'ZZ~NOPE'&$inlinecount=allpages&$top=1&$format=json,500,0.7,1220
2026-09-23T07:15:52Z,/sap/opu/odata/sap/ZVZI_KPI02_SHARED_SRV/POHistorySet,$filter=Vgabe eq 'ZZ~NOPE'&$inlinecount=allpages&$top=1&$format=json,500,0.7,1220
2026-09-23T07:15:52Z,/sap/opu/odata/sap/ZVZI_KPI02_SHARED_SRV/POHistorySet,$filter=Gjahr eq 'ZZ~NOPE'&$inlinecount=allpages&$top=1&$format=json,500,0.8,990
2026-09-23T07:15:53Z,/sap/opu/odata/sap/ZVZI_KPI02_SHARED_SRV/POHistorySet,$filter=Belnr eq 'ZZ~NOPE'&$inlinecount=allpages&$top=1&$format=json,200,0.1,34
2026-09-23T07:15:53Z,/sap/opu/odata/sap/ZVZI_KPI02_SHARED_SRV/POHistorySet,$filter=Buzei eq 'ZZ~NOPE'&$inlinecount=allpages&$top=1&$format=json,500,0.7,1220
2026-09-23T07:15:54Z,/sap/opu/odata/sap/ZVZI_KPI02_SHARED_SRV/POHistorySet,$filter=Bewtp eq 'ZZ~NOPE'&$inlinecount=allpages&$top=1&$format=json,500,0.7,1220
2026-09-23T07:15:55Z,/sap/opu/odata/sap/ZVZI_KPI02_SHARED_SRV/POHistorySet,$filter=Bwart eq 'ZZ~NOPE'&$inlinecount=allpages&$top=1&$format=json,500,0.8,1220
2026-09-23T07:15:56Z,/sap/opu/odata/sap/ZVZI_KPI02_SHARED_SRV/POHistorySet,$filter=Budat eq datetime'1900-01-01T00:00:00'&$inlinecount=allpages&$top=1&$format=json,500,0.7,1238
2026-09-23T07:15:56Z,/sap/opu/odata/sap/ZVZI_KPI02_SHARED_SRV/POHistorySet,$filter=Menge eq 'ZZ~NOPE'&$inlinecount=allpages&$top=1&$format=json,500,0.8,1220
2026-09-23T07:15:57Z,/sap/opu/odata/sap/ZVZI_KPI02_SHARED_SRV/POHistorySet,$filter=Dmbtr eq 'ZZ~NOPE'&$inlinecount=allpages&$top=1&$format=json,500,0.7,1220
2026-09-23T07:15:58Z,/sap/opu/odata/sap/ZVZI_KPI02_SHARED_SRV/POHistorySet,$filter=Shkzg eq 'ZZ~NOPE'&$inlinecount=allpages&$top=1&$format=json,500,0.7,1220
2026-09-23T07:15:58Z,/sap/opu/odata/sap/ZVZI_KPI02_SHARED_SRV/POHistorySet,$filter=Cpudt eq datetime'1900-01-01T00:00:00'&$inlinecount=allpages&$top=1&$format=json,500,0.7,1238
2026-09-23T07:15:59Z,/sap/opu/odata/sap/ZVZI_KPI02_SHARED_SRV/POHistorySet,$filter=Matnr eq 'ZZ~NOPE'&$inlinecount=allpages&$top=1&$format=json,200,0.1,34
2026-09-23T07:15:59Z,/sap/opu/odata/sap/ZVZI_KPI02_SHARED_SRV/POHistorySet,$filter=Werks eq 'ZZ~NOPE'&$inlinecount=allpages&$top=1&$format=json,200,0.1,34
2026-09-23T07:15:59Z,/sap/opu/odata/sap/ZMM_KPI02_SRV/ReservationItemSet/$count,$filter=Rsnum eq 'ZZ~NOPE',200,0.2,1
2026-09-23T07:15:59Z,/sap/opu/odata/sap/ZMM_KPI02_SRV/ReservationItemSet/$count,$filter=Rspos eq 'ZZ~NOPE',200,0.1,1
2026-09-23T07:15:59Z,/sap/opu/odata/sap/ZMM_KPI02_SRV/ReservationItemSet/$count,$filter=Matnr eq 'ZZ~NOPE',200,0.1,1
2026-09-23T07:15:59Z,/sap/opu/odata/sap/ZMM_KPI02_SRV/ReservationItemSet/$count,$filter=Werks eq 'ZZ~NOPE',200,0.1,1
2026-09-23T07:15:59Z,/sap/opu/odata/sap/ZMM_KPI02_SRV/ReservationItemSet/$count,$filter=Lgort eq 'ZZ~NOPE',200,0.1,1
2026-09-23T07:16:00Z,/sap/opu/odata/sap/ZMM_KPI02_SRV/ReservationItemSet/$count,$filter=Bdter eq datetime'1900-01-01T00:00:00',200,0.1,1
2026-09-23T07:16:00Z,/sap/opu/odata/sap/ZMM_KPI02_SRV/ReservationItemSet/$count,$filter=Bdmng eq 987654321.123M,200,0.1,1
2026-09-23T07:16:00Z,/sap/opu/odata/sap/ZMM_KPI02_SRV/ReservationItemSet/$count,$filter=Meins eq 'ZZ~NOPE',500,0.7,953
2026-09-23T07:16:01Z,/sap/opu/odata/sap/ZMM_KPI02_SRV/ReservationItemSet,$filter=Meins eq 'ZZ~NOPE'&$inlinecount=allpages&$top=1&$format=json,500,0.7,988
2026-09-23T07:16:01Z,/sap/opu/odata/sap/ZMM_KPI02_SRV/ReservationItemSet/$count,$filter=Enmng eq 987654321.123M,200,0.2,1
2026-09-23T07:16:01Z,/sap/opu/odata/sap/ZMM_KPI02_SRV/ReservationItemSet/$count,$filter=Enwrt eq 987654321.123M,200,0.2,1
2026-09-23T07:16:02Z,/sap/opu/odata/sap/ZMM_KPI02_SRV/ReservationItemSet/$count,$filter=Banfn eq 'ZZ~NOPE',200,0.2,1
2026-09-23T07:16:02Z,/sap/opu/odata/sap/ZMM_KPI02_SRV/ReservationItemSet/$count,$filter=Bnfpo eq 'ZZ~NOPE',200,0.2,4
2026-09-23T07:16:02Z,/sap/opu/odata/sap/ZMM_KPI02_SRV/ReservationItemSet/$count,$filter=Aufnr eq 'ZZ~NOPE',200,0.1,1
2026-09-23T07:16:02Z,/sap/opu/odata/sap/ZMM_KPI02_SRV/ReservationItemSet/$count,$filter=Bwart eq 'ZZ~NOPE',200,0.1,1
2026-09-23T07:16:02Z,/sap/opu/odata/sap/ZMM_KPI02_SRV/ReservationItemSet/$count,$filter=Umwrk eq 'ZZ~NOPE',200,0.1,1
2026-09-23T07:16:02Z,/sap/opu/odata/sap/ZMM_KPI02_SRV/ReservationItemSet/$count,$filter=Umlgo eq 'ZZ~NOPE',200,0.1,1
2026-09-23T07:16:02Z,/sap/opu/odata/sap/ZMM_KPI02_SRV/ReservationItemSet/$count,$filter=Wempf eq 'ZZ~NOPE',200,0.1,1
2026-09-23T07:16:02Z,/sap/opu/odata/sap/ZMM_KPI02_SRV/StockMovementStatisticSet/$count,$filter=Werks eq 'ZZ~NOPE',200,0.1,1
2026-09-23T07:16:03Z,/sap/opu/odata/sap/ZMM_KPI02_SRV/StockMovementStatisticSet/$count,$filter=Lgort eq 'ZZ~NOPE',200,0.1,1
2026-09-23T07:16:03Z,/sap/opu/odata/sap/ZMM_KPI02_SRV/StockMovementStatisticSet/$count,$filter=Matnr eq 'ZZ~NOPE',200,0.1,1
2026-09-23T07:16:03Z,/sap/opu/odata/sap/ZMM_KPI02_SRV/StockMovementStatisticSet/$count,$filter=Dispo eq 'ZZ~NOPE',200,0.1,1
2026-09-23T07:16:03Z,/sap/opu/odata/sap/ZMM_KPI02_SRV/StockMovementStatisticSet/$count,$filter=Mtart eq 'ZZ~NOPE',200,0.1,1
2026-09-23T07:16:03Z,/sap/opu/odata/sap/ZMM_KPI02_SRV/StockMovementStatisticSet/$count,$filter=Matkl eq 'ZZ~NOPE',200,0.1,1
2026-09-23T07:16:03Z,/sap/opu/odata/sap/ZMM_KPI02_SRV/StockMovementStatisticSet/$count,$filter=Dismm eq 'ZZ~NOPE',200,0.1,1
2026-09-23T07:16:03Z,/sap/opu/odata/sap/ZMM_KPI02_SRV/StockMovementStatisticSet/$count,$filter=Mbwbest eq 987654321.123M,200,0.1,1
2026-09-23T07:16:04Z,/sap/opu/odata/sap/ZMM_KPI02_SRV/StockMovementStatisticSet/$count,$filter=Wbwbest eq 987654321.123M,200,0.1,1
2026-09-23T07:16:04Z,/sap/opu/odata/sap/ZMM_KPI02_SRV/StockMovementStatisticSet/$count,$filter=Letztzug eq datetime'1900-01-01T00:00:00',400,0.6,1047
2026-09-23T07:16:05Z,/sap/opu/odata/sap/ZMM_KPI02_SRV/StockMovementStatisticSet,$filter=Letztzug eq datetime'1900-01-01T00:00:00'&$inlinecount=allpages&$top=1&$format=json,400,0.7,1082
2026-09-23T07:16:05Z,/sap/opu/odata/sap/ZMM_KPI02_SRV/StockMovementStatisticSet/$count,$filter=Letztabg eq datetime'1900-01-01T00:00:00',200,0.1,1
2026-09-23T07:16:05Z,/sap/opu/odata/sap/ZMM_KPI02_SRV/StockMovementStatisticSet/$count,$filter=Letztver eq datetime'1900-01-01T00:00:00',200,0.1,1
2026-09-23T07:16:05Z,/sap/opu/odata/sap/ZMM_KPI02_SRV/StockMovementStatisticSet/$count,$filter=Letztbew eq datetime'1900-01-01T00:00:00',200,0.1,1
2026-09-23T07:16:05Z,/sap/opu/odata/sap/ZMM_KPI02_SRV/StockMovementStatisticSet/$count,$filter=Eisbe eq 987654321.123M,200,0.1,1
