measured_at,service,entity_set,property,literal,required_filter,total,impossible,real_day,real,real_expected,window_from,window,window_read,outside,verdict,note
2026-10-07T10:36:55Z,ZMM_KPI02_TAB_SRV,ChangeDocHeaderSet,Udate,dats,Objectclas eq 'MATERIAL',7731,0,2026-10-07,5,5,2026-09-07,156,156,0,HONOURED,
2026-10-07T10:36:55Z,ZMM_KPI02_ADD_SRV,GoodsMovementItemSet,CpudtMkpf,dotted,,68618,0,2026-09-16,2,2,2026-09-07,2,2,0,HONOURED,
2026-10-07T10:36:55Z,ZMM_KPI02_ADD_SRV,MaterialDocumentHeaderSet,Cpudt,datetime,,40651,0,2026-09-16,2,2,2026-09-07,2,2,0,HONOURED,
2026-10-07T10:36:55Z,ZMM_KPI02_ADD_SRV,POHistorySet,Cpudt,dats,,3881,0,2026-09-16,3,3,2026-09-07,3,3,0,HONOURED,
2026-10-07T10:36:55Z,ZMM_KPI02_ADD_SRV,POScheduleLineSet,Ebeln,keys,,3631,,,,3,4000000000 | 4000000001 | 4000000002,3,3,0,HONOURED,
2026-10-07T10:36:55Z,ZMM_KPI02_ADD_SRV,PurchaseOrderItemSet,Aedat,datetime,,11097,0,2026-09-16,1,1,2026-09-07,23,23,0,HONOURED,
2026-10-07T10:36:55Z,ZMM_KPI02_ADD_SRV,PurchaseOrderItemSet,Ebeln,keys,,11097,,,,3,4000000000 | 4000000001 | 4000000002,3,3,0,HONOURED,
2026-10-07T10:36:55Z,ZMM_KPI02_ADD_SRV,PurchaseOrderSet,Aedat,datetime,,3140,0,2026-09-15,12,12,2026-09-07,20,20,0,HONOURED,
2026-10-07T10:36:55Z,ZMM_KPI02_ADD_SRV,PurchaseOrderSet,Ebeln,keys,,3140,,,,3,4000000000 | 4000000001 | 4000000002,3,3,0,HONOURED,
