plan_id,session_id,Rsnum,Rspos,Matnr,Werks,requester,purpose,planned_quantity,planned_use_date,status
PLAN-000001,SESS-000001,1000000000,0001,000000000030000000,4000,VZIREQ01,Breakdown replacement,2.000,2026-03-10,OPEN
PLAN-000002,SESS-000002,1000000001,0001,000000000030000000,4000,VZIREQ05,Condition monitoring intervention,4.000,2026-07-09,CLOSED
PLAN-000003,SESS-000003,1000000002,0001,000000000030000000,4000,VZIREQ02,Breakdown replacement,4.000,2025-12-22,OPEN
PLAN-000004,SESS-000004,1000000003,0001,000000000030000000,1000,VZIREQ02,Reliability improvement upgrade,3.000,2026-06-24,CLOSED
PLAN-000005,SESS-000005,1000000004,0001,000000000030000001,1000,VZIREQ04,Breakdown replacement,2.000,2026-03-05,CLOSED
PLAN-000006,SESS-000006,1000000005,0001,000000000030000001,1000,VZIREQ02,Condition monitoring intervention,3.000,2025-12-12,CLOSED
PLAN-000007,SESS-000007,1000000006,0001,000000000030000002,3000,VZIREQ05,Reliability improvement upgrade,4.000,2025-12-08,OPEN
PLAN-000008,SESS-000008,1000000007,0001,000000000030000002,3000,VZIREQ03,Reliability improvement upgrade,4.000,2026-01-25,CLOSED
PLAN-000009,SESS-000009,1000000008,0001,000000000030000002,3000,VZIREQ04,Breakdown replacement,4.000,2026-02-18,CLOSED
PLAN-000010,SESS-000010,1000000009,0001,000000000030000003,4000,VZIREQ03,Statutory inspection rebuild,3.000,2025-12-06,CLOSED
PLAN-000011,SESS-000011,1000000010,0001,000000000030000003,1000,VZIREQ01,Statutory inspection rebuild,4.000,2026-07-06,OPEN
PLAN-000012,SESS-000012,1000000011,0001,000000000030000003,1000,VZIREQ01,Capital project spare,2.000,2026-01-17,CLOSED
PLAN-000013,SESS-000013,1000000012,0001,000000000030000003,1000,VZIREQ01,Reliability improvement upgrade,1.000,2026-06-07,OPEN
PLAN-000014,SESS-000014,1000000013,0001,000000000030000004,4000,VZIREQ05,Statutory inspection rebuild,4.000,2025-11-27,CLOSED
PLAN-000015,SESS-000015,1000000014,0001,000000000030000004,4000,VZIREQ02,Breakdown replacement,2.000,2026-04-20,CLOSED
PLAN-000016,SESS-000016,1000000015,0001,000000000030000004,4000,VZIREQ03,Capital project spare,3.000,2026-07-24,OPEN
PLAN-000017,SESS-000017,1000000016,0001,000000000030000005,3000,VZIREQ01,Planned shutdown replacement,2.000,2026-05-14,OPEN
PLAN-000018,SESS-000018,1000000017,0001,000000000030000005,3000,VZIREQ05,Capital project spare,1.000,2026-06-08,OPEN
PLAN-000019,SESS-000019,1000000018,0001,000000000030000006,2000,VZIREQ03,Breakdown replacement,1.000,2026-08-11,OPEN
PLAN-000020,SESS-000020,1000000019,0001,000000000030000007,1000,VZIREQ02,Statutory inspection rebuild,3.000,2026-06-11,CLOSED
PLAN-000021,SESS-000021,1000000020,0001,000000000030000007,1000,VZIREQ05,Capital project spare,2.000,2026-05-15,CLOSED
PLAN-000022,SESS-000022,1000000021,0001,000000000030000007,1000,VZIREQ03,Planned shutdown replacement,1.000,2025-11-07,CLOSED
PLAN-000023,SESS-000023,1000000022,0001,000000000030000008,3000,VZIREQ05,Capital project spare,1.000,2025-12-13,CLOSED
PLAN-000024,SESS-000024,1000000023,0001,000000000030000008,3000,VZIREQ02,Capital project spare,4.000,2026-06-04,CLOSED
PLAN-000025,SESS-000025,1000000024,0001,000000000030000009,3000,VZIREQ05,Planned shutdown replacement,2.000,2026-03-31,CLOSED
PLAN-000026,SESS-000026,1000000025,0001,000000000030000009,3000,VZIREQ02,Reliability improvement upgrade,2.000,2025-11-30,OPEN
PLAN-000027,SESS-000027,1000000026,0001,000000000030000009,3000,VZIREQ05,Capital project spare,3.000,2026-09-13,OPEN
PLAN-000028,SESS-000028,1000000027,0001,000000000030000010,4000,VZIREQ03,Breakdown replacement,2.000,2026-01-29,OPEN
PLAN-000029,SESS-000029,1000000028,0001,000000000030000010,4000,VZIREQ02,Capital project spare,4.000,2026-08-12,OPEN
PLAN-000030,SESS-000030,1000000029,0001,000000000030000011,1000,VZIREQ01,Statutory inspection rebuild,1.000,2026-07-14,OPEN
PLAN-000031,SESS-000031,1000000030,0001,000000000030000011,1000,VZIREQ01,Capital project spare,2.000,2026-03-16,CLOSED
PLAN-000032,SESS-000032,1000000031,0001,000000000030000011,1000,VZIREQ01,Capital project spare,4.000,2026-05-23,OPEN
PLAN-000033,SESS-000033,1000000032,0001,000000000030000011,3000,VZIREQ03,Condition monitoring intervention,3.000,2026-02-25,CLOSED
PLAN-000034,SESS-000034,1000000033,0001,000000000030000011,3000,VZIREQ01,Statutory inspection rebuild,4.000,2026-01-02,CLOSED
PLAN-000035,SESS-000035,1000000034,0001,000000000030000011,3000,VZIREQ02,Planned shutdown replacement,2.000,2026-07-01,CLOSED
PLAN-000036,SESS-000036,1000000035,0001,000000000030000012,3000,VZIREQ02,Condition monitoring intervention,1.000,2026-07-17,CLOSED
PLAN-000037,SESS-000037,1000000036,0001,000000000030000012,3000,VZIREQ05,Statutory inspection rebuild,4.000,2026-01-24,CLOSED
PLAN-000038,SESS-000038,1000000037,0001,000000000030000013,2000,VZIREQ03,Reliability improvement upgrade,2.000,2026-03-16,CLOSED
PLAN-000039,SESS-000039,1000000038,0001,000000000030000014,1000,VZIREQ01,Planned shutdown replacement,1.000,2025-12-08,CLOSED
PLAN-000040,SESS-000040,1000000039,0001,000000000030000014,1000,VZIREQ04,Condition monitoring intervention,1.000,2026-05-25,OPEN
PLAN-000041,SESS-000041,1000000041,0001,000000000030000015,3000,VZIREQ02,Reliability improvement upgrade,1.000,2026-04-12,CLOSED
PLAN-000042,SESS-000042,1000000042,0001,000000000030000015,3000,VZIREQ03,Planned shutdown replacement,3.000,2026-03-04,CLOSED
PLAN-000043,SESS-000043,1000000043,0001,000000000030000016,3000,VZIREQ05,Reliability improvement upgrade,3.000,2026-06-12,CLOSED
PLAN-000044,SESS-000044,1000000045,0001,000000000030000016,1000,VZIREQ04,Reliability improvement upgrade,2.000,2026-07-07,OPEN
PLAN-000045,SESS-000045,1000000046,0001,000000000030000016,1000,VZIREQ05,Reliability improvement upgrade,3.000,2026-06-08,OPEN
PLAN-000046,SESS-000046,1000000047,0001,000000000030000017,3000,VZIREQ01,Planned shutdown replacement,2.000,2026-08-07,CLOSED
PLAN-000047,SESS-000047,1000000048,0001,000000000030000018,4000,VZIREQ01,Statutory inspection rebuild,3.000,2026-06-07,OPEN
PLAN-000048,SESS-000048,1000000049,0001,000000000030000019,1000,VZIREQ05,Planned shutdown replacement,1.000,2026-02-18,CLOSED
PLAN-000049,SESS-000049,1000000050,0001,000000000030000019,3000,VZIREQ02,Breakdown replacement,2.000,2026-04-28,CLOSED
PLAN-000050,SESS-000050,1000000051,0001,000000000030000020,2000,VZIREQ02,Capital project spare,1.000,2026-06-17,CLOSED
PLAN-000051,SESS-000051,1000000052,0001,000000000030000021,1000,VZIREQ05,Breakdown replacement,4.000,2026-06-25,CLOSED
PLAN-000052,SESS-000052,1000000053,0001,000000000030000021,1000,VZIREQ02,Capital project spare,2.000,2026-08-20,CLOSED
PLAN-000053,SESS-000053,1000000054,0001,000000000030000021,1000,VZIREQ01,Condition monitoring intervention,2.000,2026-03-30,OPEN
PLAN-000054,SESS-000054,1000000055,0001,000000000030000021,4000,VZIREQ05,Condition monitoring intervention,1.000,2026-03-07,OPEN
PLAN-000055,SESS-000055,1000000056,0001,000000000030000021,4000,VZIREQ02,Statutory inspection rebuild,4.000,2026-08-02,OPEN
PLAN-000056,SESS-000056,1000000057,0001,000000000030000022,4000,VZIREQ05,Reliability improvement upgrade,1.000,2026-07-09,OPEN
PLAN-000057,SESS-000057,1000000058,0001,000000000030000022,1000,VZIREQ01,Planned shutdown replacement,4.000,2026-04-20,OPEN
PLAN-000058,SESS-000058,1000000059,0001,000000000030000022,1000,VZIREQ05,Reliability improvement upgrade,3.000,2026-06-23,CLOSED
PLAN-000059,SESS-000059,1000000060,0001,000000000030000022,1000,VZIREQ03,Reliability improvement upgrade,4.000,2026-01-19,CLOSED
PLAN-000060,SESS-000060,1000000061,0001,000000000030000023,1000,VZIREQ05,Condition monitoring intervention,2.000,2026-05-31,CLOSED
PLAN-000061,SESS-000061,1000000062,0001,000000000030000023,1000,VZIREQ04,Planned shutdown replacement,1.000,2025-11-07,OPEN
PLAN-000062,SESS-000062,1000000063,0001,000000000030000024,1000,VZIREQ05,Capital project spare,4.000,2026-01-06,CLOSED
PLAN-000063,SESS-000063,1000000064,0001,000000000030000025,3000,VZIREQ03,Capital project spare,3.000,2026-02-22,CLOSED
PLAN-000064,SESS-000064,1000000065,0001,000000000030000025,3000,VZIREQ04,Condition monitoring intervention,2.000,2026-07-01,CLOSED
PLAN-000065,SESS-000065,1000000066,0001,000000000030000025,3000,VZIREQ02,Capital project spare,2.000,2026-05-02,OPEN
PLAN-000066,SESS-000066,1000000067,0001,000000000030000026,3000,VZIREQ02,Reliability improvement upgrade,1.000,2026-05-25,OPEN
PLAN-000067,SESS-000067,1000000068,0001,000000000030000027,2000,VZIREQ02,Planned shutdown replacement,3.000,2026-01-23,OPEN
PLAN-000068,SESS-000068,1000000069,0001,000000000030000027,4000,VZIREQ03,Condition monitoring intervention,1.000,2026-06-15,CLOSED
PLAN-000069,SESS-000069,1000000070,0001,000000000030000027,4000,VZIREQ05,Statutory inspection rebuild,1.000,2026-07-22,CLOSED
PLAN-000070,SESS-000070,1000000071,0001,000000000030000028,1000,VZIREQ03,Reliability improvement upgrade,4.000,2026-02-13,CLOSED
PLAN-000071,SESS-000071,1000000072,0001,000000000030000028,4000,VZIREQ01,Capital project spare,1.000,2025-12-24,OPEN
PLAN-000072,SESS-000072,1000000073,0001,000000000030000028,4000,VZIREQ05,Capital project spare,2.000,2026-04-13,CLOSED
PLAN-000073,SESS-000073,1000000074,0001,000000000030000028,4000,VZIREQ04,Planned shutdown replacement,4.000,2026-06-19,OPEN
PLAN-000074,SESS-000074,1000000075,0001,000000000030000029,1000,VZIREQ04,Breakdown replacement,1.000,2025-12-04,CLOSED
PLAN-000075,SESS-000075,1000000076,0001,000000000030000029,1000,VZIREQ05,Capital project spare,2.000,2026-01-10,OPEN
PLAN-000076,SESS-000076,1000000077,0001,000000000030000030,3000,VZIREQ01,Breakdown replacement,1.000,2025-12-10,OPEN
PLAN-000077,SESS-000077,1000000078,0001,000000000030000030,3000,VZIREQ03,Breakdown replacement,2.000,2026-05-31,OPEN
PLAN-000078,SESS-000078,1000000079,0001,000000000030000030,3000,VZIREQ03,Statutory inspection rebuild,4.000,2026-06-08,OPEN
PLAN-000079,SESS-000079,1000000080,0001,000000000030000030,4000,VZIREQ05,Condition monitoring intervention,1.000,2026-05-14,CLOSED
PLAN-000080,SESS-000080,1000000081,0001,000000000030000031,3000,VZIREQ02,Planned shutdown replacement,1.000,2025-11-22,OPEN
PLAN-000081,SESS-000081,1000000082,0001,000000000030000031,3000,VZIREQ04,Planned shutdown replacement,3.000,2026-05-24,OPEN
PLAN-000082,SESS-000082,1000000083,0001,000000000030000032,2000,VZIREQ01,Breakdown replacement,3.000,2026-05-08,OPEN
PLAN-000083,SESS-000083,1000000084,0001,000000000030000032,2000,VZIREQ04,Statutory inspection rebuild,3.000,2026-02-14,CLOSED
PLAN-000084,SESS-000084,1000000085,0001,000000000030000032,2000,VZIREQ04,Breakdown replacement,1.000,2026-02-15,OPEN
PLAN-000085,SESS-000085,1000000086,0001,000000000030000032,4000,VZIREQ04,Condition monitoring intervention,4.000,2026-05-01,CLOSED
PLAN-000086,SESS-000086,1000000087,0001,000000000030000032,4000,VZIREQ04,Capital project spare,4.000,2026-01-31,CLOSED
PLAN-000087,SESS-000087,1000000088,0001,000000000030000033,2000,VZIREQ03,Statutory inspection rebuild,1.000,2026-04-13,CLOSED
PLAN-000088,SESS-000088,1000000089,0001,000000000030000033,2000,VZIREQ01,Capital project spare,4.000,2025-12-18,CLOSED
PLAN-000089,SESS-000089,1000000090,0001,000000000030000033,2000,VZIREQ05,Breakdown replacement,1.000,2025-12-19,CLOSED
PLAN-000090,SESS-000090,1000000091,0001,000000000030000034,1000,VZIREQ03,Condition monitoring intervention,2.000,2026-08-06,CLOSED
PLAN-000091,SESS-000091,1000000092,0001,000000000030000035,4000,VZIREQ01,Condition monitoring intervention,4.000,2025-12-26,CLOSED
PLAN-000092,SESS-000092,1000000093,0001,000000000030000035,4000,VZIREQ02,Reliability improvement upgrade,3.000,2026-06-20,OPEN
PLAN-000093,SESS-000093,1000000094,0001,000000000030000035,4000,VZIREQ03,Statutory inspection rebuild,4.000,2026-07-12,CLOSED
PLAN-000094,SESS-000094,1000000095,0001,000000000030000036,1000,VZIREQ05,Breakdown replacement,1.000,2026-03-12,CLOSED
PLAN-000095,SESS-000095,1000000096,0001,000000000030000036,1000,VZIREQ02,Planned shutdown replacement,4.000,2025-11-30,CLOSED
PLAN-000096,SESS-000096,1000000097,0001,000000000030000036,1000,VZIREQ02,Statutory inspection rebuild,1.000,2026-03-24,OPEN
PLAN-000097,SESS-000097,1000000099,0001,000000000030000037,4000,VZIREQ01,Capital project spare,4.000,2026-05-15,CLOSED
PLAN-000098,SESS-000098,1000000100,0001,000000000030000037,1000,VZIREQ04,Reliability improvement upgrade,4.000,2026-06-21,CLOSED
PLAN-000099,SESS-000099,1000000101,0001,000000000030000038,4000,VZIREQ03,Planned shutdown replacement,1.000,2026-07-15,CLOSED
PLAN-000100,SESS-000100,1000000102,0001,000000000030000038,4000,VZIREQ05,Condition monitoring intervention,3.000,2026-07-03,CLOSED
PLAN-000101,SESS-000101,1000000103,0001,000000000030000039,1000,VZIREQ04,Breakdown replacement,3.000,2026-06-22,OPEN
PLAN-000102,SESS-000102,1000000104,0001,000000000030000039,1000,VZIREQ01,Planned shutdown replacement,3.000,2026-08-18,OPEN
PLAN-000103,SESS-000103,1000000106,0001,000000000030000040,1000,VZIREQ05,Breakdown replacement,2.000,2026-05-02,OPEN
PLAN-000104,SESS-000104,1000000107,0001,000000000030000040,1000,VZIREQ03,Statutory inspection rebuild,2.000,2025-12-26,CLOSED
PLAN-000105,SESS-000105,1000000108,0001,000000000030000040,1000,VZIREQ02,Reliability improvement upgrade,4.000,2026-05-20,OPEN
PLAN-000106,SESS-000106,1000000109,0001,000000000030000041,2000,VZIREQ01,Capital project spare,2.000,2026-08-04,OPEN
PLAN-000107,SESS-000107,1000000110,0001,000000000030000042,4000,VZIREQ02,Reliability improvement upgrade,2.000,2026-06-11,CLOSED
PLAN-000108,SESS-000108,1000000111,0001,000000000030000042,4000,VZIREQ02,Breakdown replacement,2.000,2025-12-27,CLOSED
PLAN-000109,SESS-000109,1000000112,0001,000000000030000043,3000,VZIREQ03,Reliability improvement upgrade,2.000,2026-06-19,OPEN
PLAN-000110,SESS-000110,1000000113,0001,000000000030000043,3000,VZIREQ02,Statutory inspection rebuild,1.000,2025-12-04,OPEN
PLAN-000111,SESS-000111,1000000114,0001,000000000030000044,3000,VZIREQ04,Planned shutdown replacement,3.000,2026-07-23,CLOSED
PLAN-000112,SESS-000112,1000000115,0001,000000000030000044,3000,VZIREQ05,Statutory inspection rebuild,1.000,2026-05-29,CLOSED
PLAN-000113,SESS-000113,1000000116,0001,000000000030000045,2000,VZIREQ01,Capital project spare,1.000,2025-12-07,OPEN
PLAN-000114,SESS-000114,1000000117,0001,000000000030000045,2000,VZIREQ01,Statutory inspection rebuild,4.000,2026-07-11,OPEN
PLAN-000115,SESS-000115,1000000118,0001,000000000030000046,3000,VZIREQ01,Breakdown replacement,2.000,2025-11-28,OPEN
PLAN-000116,SESS-000116,1000000119,0001,000000000030000046,3000,VZIREQ02,Breakdown replacement,4.000,2026-07-16,OPEN
PLAN-000117,SESS-000117,1000000120,0001,000000000030000046,3000,VZIREQ05,Statutory inspection rebuild,4.000,2026-07-28,OPEN
PLAN-000118,SESS-000118,1000000121,0001,000000000030000046,4000,VZIREQ03,Statutory inspection rebuild,1.000,2026-05-28,OPEN
PLAN-000119,SESS-000119,1000000122,0001,000000000030000046,4000,VZIREQ01,Capital project spare,4.000,2025-11-14,CLOSED
PLAN-000120,SESS-000120,1000000123,0001,000000000030000047,1000,VZIREQ02,Reliability improvement upgrade,1.000,2026-01-14,CLOSED
PLAN-000121,SESS-000121,1000000124,0001,000000000030000047,1000,VZIREQ04,Planned shutdown replacement,1.000,2026-02-14,CLOSED
PLAN-000122,SESS-000122,1000000125,0001,000000000030000047,1000,VZIREQ01,Planned shutdown replacement,4.000,2026-04-19,CLOSED
PLAN-000123,SESS-000123,1000000126,0001,000000000030000048,4000,VZIREQ05,Capital project spare,4.000,2026-07-12,OPEN
PLAN-000124,SESS-000124,1000000127,0001,000000000030000048,4000,VZIREQ03,Condition monitoring intervention,4.000,2026-05-12,OPEN
PLAN-000125,SESS-000125,1000000128,0001,000000000030000049,2000,VZIREQ04,Reliability improvement upgrade,1.000,2026-03-13,OPEN
PLAN-000126,SESS-000126,1000000129,0001,000000000030000049,2000,VZIREQ03,Condition monitoring intervention,4.000,2026-03-02,CLOSED
PLAN-000127,SESS-000127,1000000130,0001,000000000030000050,3000,VZIREQ01,Condition monitoring intervention,3.000,2026-07-03,OPEN
PLAN-000128,SESS-000128,1000000131,0001,000000000030000050,3000,VZIREQ02,Condition monitoring intervention,4.000,2026-01-02,CLOSED
PLAN-000129,SESS-000129,1000000132,0001,000000000030000050,3000,VZIREQ01,Planned shutdown replacement,3.000,2026-02-14,CLOSED
PLAN-000130,SESS-000130,1000000133,0001,000000000030000051,1000,VZIREQ04,Capital project spare,4.000,2026-03-13,CLOSED
PLAN-000131,SESS-000131,1000000134,0001,000000000030000051,1000,VZIREQ03,Planned shutdown replacement,4.000,2026-04-10,OPEN
PLAN-000132,SESS-000132,1000000135,0001,000000000030000051,1000,VZIREQ04,Statutory inspection rebuild,2.000,2026-07-26,CLOSED
PLAN-000133,SESS-000133,1000000136,0001,000000000030000052,1000,VZIREQ04,Breakdown replacement,2.000,2026-08-13,OPEN
PLAN-000134,SESS-000134,1000000137,0001,000000000030000052,1000,VZIREQ01,Planned shutdown replacement,3.000,2026-09-08,CLOSED
PLAN-000135,SESS-000135,1000000138,0001,000000000030000052,1000,VZIREQ04,Planned shutdown replacement,3.000,2026-01-14,CLOSED
PLAN-000136,SESS-000136,1000000139,0001,000000000030000053,1000,VZIREQ03,Planned shutdown replacement,3.000,2026-08-14,CLOSED
PLAN-000137,SESS-000137,1000000140,0001,000000000030000054,3000,VZIREQ04,Statutory inspection rebuild,1.000,2026-04-06,CLOSED
PLAN-000138,SESS-000138,1000000141,0001,000000000030000054,3000,VZIREQ05,Statutory inspection rebuild,1.000,2025-11-20,CLOSED
PLAN-000139,SESS-000139,1000000142,0001,000000000030000055,4000,VZIREQ05,Breakdown replacement,4.000,2026-04-25,OPEN
PLAN-000140,SESS-000140,1000000143,0001,000000000030000055,1000,VZIREQ05,Planned shutdown replacement,1.000,2026-05-06,CLOSED
PLAN-000141,SESS-000141,1000000144,0001,000000000030000055,1000,VZIREQ01,Condition monitoring intervention,2.000,2026-06-06,OPEN
PLAN-000142,SESS-000142,1000000145,0001,000000000030000055,1000,VZIREQ05,Breakdown replacement,2.000,2026-07-01,CLOSED
PLAN-000143,SESS-000143,1000000146,0001,000000000030000056,2000,VZIREQ03,Capital project spare,3.000,2026-08-13,CLOSED
PLAN-000144,SESS-000144,1000000148,0001,000000000030000056,2000,VZIREQ01,Reliability improvement upgrade,4.000,2025-11-28,OPEN
PLAN-000145,SESS-000145,1000000149,0001,000000000030000057,4000,VZIREQ02,Statutory inspection rebuild,3.000,2026-07-08,OPEN
PLAN-000146,SESS-000146,1000000150,0001,000000000030000057,4000,VZIREQ04,Condition monitoring intervention,2.000,2026-05-15,OPEN
PLAN-000147,SESS-000147,1000000151,0001,000000000030000057,4000,VZIREQ04,Planned shutdown replacement,2.000,2026-03-25,CLOSED
PLAN-000148,SESS-000148,1000000152,0001,000000000030000058,2000,VZIREQ01,Reliability improvement upgrade,1.000,2026-01-26,CLOSED
PLAN-000149,SESS-000149,1000000153,0001,000000000030000058,2000,VZIREQ03,Condition monitoring intervention,1.000,2026-05-15,OPEN
PLAN-000150,SESS-000150,1000000154,0001,000000000030000059,4000,VZIREQ05,Condition monitoring intervention,1.000,2026-08-20,CLOSED
PLAN-000151,SESS-000151,1000000155,0001,000000000030000059,4000,VZIREQ02,Planned shutdown replacement,2.000,2026-06-05,CLOSED
PLAN-000152,SESS-000152,1000000156,0001,000000000030000060,3000,VZIREQ05,Condition monitoring intervention,1.000,2026-03-17,CLOSED
PLAN-000153,SESS-000153,1000000157,0001,000000000030000060,3000,VZIREQ03,Planned shutdown replacement,2.000,2026-06-16,OPEN
PLAN-000154,SESS-000154,1000000158,0001,000000000030000060,3000,VZIREQ02,Planned shutdown replacement,4.000,2026-04-29,OPEN
PLAN-000155,SESS-000155,1000000159,0001,000000000030000061,4000,VZIREQ01,Condition monitoring intervention,4.000,2025-12-22,OPEN
PLAN-000156,SESS-000156,1000000160,0001,000000000030000061,4000,VZIREQ04,Reliability improvement upgrade,4.000,2026-04-28,OPEN
PLAN-000157,SESS-000157,1000000161,0001,000000000030000061,4000,VZIREQ05,Statutory inspection rebuild,2.000,2026-06-14,OPEN
PLAN-000158,SESS-000158,1000000162,0001,000000000030000062,2000,VZIREQ03,Reliability improvement upgrade,1.000,2026-05-27,CLOSED
PLAN-000159,SESS-000159,1000000163,0001,000000000030000063,4000,VZIREQ03,Statutory inspection rebuild,1.000,2026-05-16,CLOSED
PLAN-000160,SESS-000160,1000000164,0001,000000000030000063,4000,VZIREQ03,Statutory inspection rebuild,3.000,2026-01-01,OPEN
PLAN-000161,SESS-000161,1000000165,0001,000000000030000064,4000,VZIREQ05,Capital project spare,4.000,2026-07-25,OPEN
PLAN-000162,SESS-000162,1000000166,0001,000000000030000064,4000,VZIREQ05,Planned shutdown replacement,2.000,2026-03-18,OPEN
PLAN-000163,SESS-000163,1000000167,0001,000000000030000064,1000,VZIREQ01,Condition monitoring intervention,2.000,2025-12-07,CLOSED
PLAN-000164,SESS-000164,1000000168,0001,000000000030000064,1000,VZIREQ02,Planned shutdown replacement,2.000,2025-11-04,CLOSED
PLAN-000165,SESS-000165,1000000169,0001,000000000030000064,1000,VZIREQ02,Reliability improvement upgrade,2.000,2026-08-16,OPEN
PLAN-000166,SESS-000166,1000000170,0001,000000000030000065,4000,VZIREQ04,Reliability improvement upgrade,4.000,2026-01-05,CLOSED
PLAN-000167,SESS-000167,1000000171,0001,000000000030000066,3000,VZIREQ04,Reliability improvement upgrade,2.000,2026-05-24,OPEN
PLAN-000168,SESS-000168,1000000172,0001,000000000030000066,3000,VZIREQ03,Planned shutdown replacement,1.000,2026-01-01,OPEN
PLAN-000169,SESS-000169,1000000173,0001,000000000030000067,1000,VZIREQ02,Statutory inspection rebuild,1.000,2026-04-29,CLOSED
PLAN-000170,SESS-000170,1000000174,0001,000000000030000068,1000,VZIREQ05,Breakdown replacement,4.000,2025-12-11,CLOSED
PLAN-000171,SESS-000171,1000000175,0001,000000000030000068,1000,VZIREQ02,Condition monitoring intervention,4.000,2026-03-01,CLOSED
PLAN-000172,SESS-000172,1000000176,0001,000000000030000068,1000,VZIREQ04,Planned shutdown replacement,4.000,2026-01-16,CLOSED
PLAN-000173,SESS-000173,1000000177,0001,000000000030000069,3000,VZIREQ01,Statutory inspection rebuild,4.000,2026-03-12,CLOSED
PLAN-000174,SESS-000174,1000000178,0001,000000000030000069,3000,VZIREQ01,Capital project spare,4.000,2025-11-18,CLOSED
PLAN-000175,SESS-000175,1000000180,0001,000000000030000070,1000,VZIREQ04,Capital project spare,4.000,2026-01-29,CLOSED
PLAN-000176,SESS-000176,1000000181,0001,000000000030000070,1000,VZIREQ04,Reliability improvement upgrade,2.000,2026-05-03,CLOSED
PLAN-000177,SESS-000177,1000000182,0001,000000000030000070,1000,VZIREQ02,Capital project spare,4.000,2026-05-23,CLOSED
PLAN-000178,SESS-000178,1000000183,0001,000000000030000071,3000,VZIREQ02,Reliability improvement upgrade,4.000,2026-03-25,OPEN
PLAN-000179,SESS-000179,1000000184,0001,000000000030000071,3000,VZIREQ01,Planned shutdown replacement,2.000,2026-04-17,CLOSED
PLAN-000180,SESS-000180,1000000185,0001,000000000030000072,4000,VZIREQ02,Condition monitoring intervention,4.000,2025-12-31,CLOSED
PLAN-000181,SESS-000181,1000000186,0001,000000000030000073,4000,VZIREQ02,Breakdown replacement,3.000,2026-04-17,CLOSED
PLAN-000182,SESS-000182,1000000187,0001,000000000030000073,3000,VZIREQ04,Planned shutdown replacement,2.000,2026-03-21,OPEN
PLAN-000183,SESS-000183,1000000188,0001,000000000030000073,3000,VZIREQ04,Condition monitoring intervention,3.000,2026-03-16,CLOSED
PLAN-000184,SESS-000184,1000000189,0001,000000000030000074,4000,VZIREQ04,Breakdown replacement,3.000,2026-04-26,OPEN
PLAN-000185,SESS-000185,1000000190,0001,000000000030000074,2000,VZIREQ03,Statutory inspection rebuild,4.000,2026-03-28,CLOSED
PLAN-000186,SESS-000186,1000000191,0001,000000000030000074,2000,VZIREQ04,Breakdown replacement,4.000,2026-08-06,CLOSED
PLAN-000187,SESS-000187,1000000192,0001,000000000030000075,4000,VZIREQ05,Planned shutdown replacement,3.000,2026-09-10,CLOSED
PLAN-000188,SESS-000188,1000000193,0001,000000000030000075,4000,VZIREQ02,Breakdown replacement,4.000,2026-05-23,CLOSED
PLAN-000189,SESS-000189,1000000194,0001,000000000030000076,2000,VZIREQ02,Breakdown replacement,4.000,2026-02-27,CLOSED
PLAN-000190,SESS-000190,1000000195,0001,000000000030000076,2000,VZIREQ05,Condition monitoring intervention,2.000,2026-03-23,CLOSED
PLAN-000191,SESS-000191,1000000196,0001,000000000030000077,1000,VZIREQ05,Statutory inspection rebuild,2.000,2025-12-14,CLOSED
PLAN-000192,SESS-000192,1000000197,0001,000000000030000077,1000,VZIREQ02,Breakdown replacement,1.000,2026-05-16,OPEN
PLAN-000193,SESS-000193,1000000198,0001,000000000030000078,4000,VZIREQ03,Capital project spare,3.000,2026-01-06,OPEN
PLAN-000194,SESS-000194,1000000199,0001,000000000030000079,4000,VZIREQ03,Statutory inspection rebuild,2.000,2025-12-12,CLOSED
PLAN-000195,SESS-000195,1000000200,0001,000000000030000079,4000,VZIREQ04,Breakdown replacement,2.000,2026-07-21,OPEN
PLAN-000196,SESS-000196,1000000201,0001,000000000030000079,4000,VZIREQ04,Reliability improvement upgrade,3.000,2025-11-26,CLOSED
PLAN-000197,SESS-000197,1000000202,0001,000000000030000080,4000,VZIREQ05,Breakdown replacement,1.000,2026-04-12,OPEN
PLAN-000198,SESS-000198,1000000204,0001,000000000030000080,4000,VZIREQ01,Reliability improvement upgrade,3.000,2026-07-15,CLOSED
PLAN-000199,SESS-000199,1000000205,0001,000000000030000080,3000,VZIREQ02,Breakdown replacement,2.000,2026-06-29,CLOSED
PLAN-000200,SESS-000200,1000000207,0001,000000000030000082,1000,VZIREQ02,Breakdown replacement,3.000,2026-03-05,OPEN
PLAN-000201,SESS-000201,1000000208,0001,000000000030000083,1000,VZIREQ05,Condition monitoring intervention,3.000,2026-07-18,OPEN
PLAN-000202,SESS-000202,1000000209,0001,000000000030000083,1000,VZIREQ02,Condition monitoring intervention,2.000,2025-11-29,CLOSED
PLAN-000203,SESS-000203,1000000210,0001,000000000030000084,4000,VZIREQ02,Reliability improvement upgrade,1.000,2026-06-15,CLOSED
PLAN-000204,SESS-000204,1000000212,0001,000000000030000084,3000,VZIREQ04,Statutory inspection rebuild,2.000,2026-07-31,OPEN
PLAN-000205,SESS-000205,1000000213,0001,000000000030000085,3000,VZIREQ05,Statutory inspection rebuild,4.000,2026-02-11,OPEN
PLAN-000206,SESS-000206,1000000214,0001,000000000030000086,2000,VZIREQ02,Planned shutdown replacement,4.000,2026-03-15,CLOSED
PLAN-000207,SESS-000207,1000000215,0001,000000000030000086,2000,VZIREQ03,Breakdown replacement,4.000,2026-05-29,OPEN
PLAN-000208,SESS-000208,1000000216,0001,000000000030000087,2000,VZIREQ02,Condition monitoring intervention,1.000,2026-08-10,OPEN
PLAN-000209,SESS-000209,1000000217,0001,000000000030000087,2000,VZIREQ05,Condition monitoring intervention,2.000,2026-03-15,CLOSED
PLAN-000210,SESS-000210,1000000218,0001,000000000030000087,2000,VZIREQ01,Condition monitoring intervention,1.000,2026-08-02,OPEN
PLAN-000211,SESS-000211,1000000219,0001,000000000030000088,4000,VZIREQ05,Statutory inspection rebuild,1.000,2026-07-29,OPEN
PLAN-000212,SESS-000212,1000000220,0001,000000000030000089,2000,VZIREQ01,Capital project spare,3.000,2025-11-04,OPEN
PLAN-000213,SESS-000213,1000000221,0001,000000000030000089,2000,VZIREQ03,Planned shutdown replacement,2.000,2026-07-07,CLOSED
PLAN-000214,SESS-000214,1000000222,0001,000000000030000089,4000,VZIREQ01,Breakdown replacement,2.000,2026-07-05,OPEN
PLAN-000215,SESS-000215,1000000223,0001,000000000030000090,4000,VZIREQ01,Reliability improvement upgrade,4.000,2026-07-04,OPEN
PLAN-000216,SESS-000216,1000000224,0001,000000000030000090,3000,VZIREQ01,Reliability improvement upgrade,1.000,2026-05-12,OPEN
PLAN-000217,SESS-000217,1000000225,0001,000000000030000090,3000,VZIREQ01,Statutory inspection rebuild,4.000,2025-11-18,CLOSED
PLAN-000218,SESS-000218,1000000226,0001,000000000030000091,1000,VZIREQ05,Condition monitoring intervention,2.000,2026-07-14,CLOSED
PLAN-000219,SESS-000219,1000000227,0001,000000000030000091,1000,VZIREQ02,Statutory inspection rebuild,2.000,2026-07-06,CLOSED
PLAN-000220,SESS-000220,1000000228,0001,000000000030000092,2000,VZIREQ01,Breakdown replacement,4.000,2026-02-24,OPEN
PLAN-000221,SESS-000221,1000000230,0001,000000000030000093,1000,VZIREQ03,Breakdown replacement,4.000,2025-11-22,OPEN
PLAN-000222,SESS-000222,1000000231,0001,000000000030000094,3000,VZIREQ03,Statutory inspection rebuild,2.000,2026-01-12,CLOSED
PLAN-000223,SESS-000223,1000000232,0001,000000000030000094,3000,VZIREQ03,Capital project spare,2.000,2026-07-25,CLOSED
PLAN-000224,SESS-000224,1000000233,0001,000000000030000095,4000,VZIREQ05,Breakdown replacement,3.000,2026-07-20,CLOSED
PLAN-000225,SESS-000225,1000000234,0001,000000000030000096,1000,VZIREQ04,Statutory inspection rebuild,3.000,2026-06-16,OPEN
PLAN-000226,SESS-000226,1000000235,0001,000000000030000096,1000,VZIREQ02,Condition monitoring intervention,4.000,2026-02-06,CLOSED
PLAN-000227,SESS-000227,1000000236,0001,000000000030000097,2000,VZIREQ03,Reliability improvement upgrade,3.000,2026-02-24,OPEN
PLAN-000228,SESS-000228,1000000237,0001,000000000030000098,3000,VZIREQ02,Breakdown replacement,2.000,2025-12-13,CLOSED
PLAN-000229,SESS-000229,1000000238,0001,000000000030000098,1000,VZIREQ02,Statutory inspection rebuild,2.000,2026-02-12,OPEN
PLAN-000230,SESS-000230,1000000239,0001,000000000030000099,1000,VZIREQ02,Statutory inspection rebuild,4.000,2026-05-27,OPEN
PLAN-000231,SESS-000231,1000000240,0001,000000000030000099,1000,VZIREQ01,Reliability improvement upgrade,3.000,2026-04-18,OPEN
PLAN-000232,SESS-000232,1000000241,0001,000000000030000099,1000,VZIREQ05,Condition monitoring intervention,1.000,2026-05-23,CLOSED
PLAN-000233,SESS-000233,1000000242,0001,000000000030000100,3000,VZIREQ02,Planned shutdown replacement,1.000,2026-08-11,OPEN
PLAN-000234,SESS-000234,1000000243,0001,000000000030000100,3000,VZIREQ03,Reliability improvement upgrade,4.000,2026-07-20,OPEN
PLAN-000235,SESS-000235,1000000244,0001,000000000030000101,4000,VZIREQ05,Statutory inspection rebuild,3.000,2026-05-01,OPEN
PLAN-000236,SESS-000236,1000000245,0001,000000000030000102,1000,VZIREQ01,Capital project spare,2.000,2026-06-13,OPEN
PLAN-000237,SESS-000237,1000000246,0001,000000000030000102,1000,VZIREQ04,Condition monitoring intervention,1.000,2026-02-17,OPEN
PLAN-000238,SESS-000238,1000000247,0001,000000000030000102,1000,VZIREQ03,Capital project spare,3.000,2026-06-01,CLOSED
PLAN-000239,SESS-000239,1000000248,0001,000000000030000102,4000,VZIREQ03,Planned shutdown replacement,1.000,2025-11-25,CLOSED
PLAN-000240,SESS-000240,1000000249,0001,000000000030000102,4000,VZIREQ05,Condition monitoring intervention,3.000,2026-06-28,OPEN
PLAN-000241,SESS-000241,1000000250,0001,000000000030000103,4000,VZIREQ04,Planned shutdown replacement,4.000,2026-05-05,CLOSED
PLAN-000242,SESS-000242,1000000251,0001,000000000030000104,4000,VZIREQ05,Capital project spare,1.000,2026-04-25,CLOSED
PLAN-000243,SESS-000243,1000000252,0001,000000000030000104,4000,VZIREQ03,Planned shutdown replacement,2.000,2026-02-21,CLOSED
PLAN-000244,SESS-000244,1000000253,0001,000000000030000105,3000,VZIREQ03,Condition monitoring intervention,2.000,2026-07-27,OPEN
PLAN-000245,SESS-000245,1000000254,0001,000000000030000105,3000,VZIREQ01,Reliability improvement upgrade,2.000,2026-05-01,OPEN
PLAN-000246,SESS-000246,1000000255,0001,000000000030000105,3000,VZIREQ05,Planned shutdown replacement,4.000,2026-01-18,CLOSED
PLAN-000247,SESS-000247,1000000256,0001,000000000030000105,2000,VZIREQ01,Condition monitoring intervention,3.000,2026-01-09,CLOSED
PLAN-000248,SESS-000248,1000000257,0001,000000000030000105,2000,VZIREQ02,Reliability improvement upgrade,2.000,2026-02-07,CLOSED
PLAN-000249,SESS-000249,1000000258,0001,000000000030000105,2000,VZIREQ05,Breakdown replacement,1.000,2026-02-25,CLOSED
PLAN-000250,SESS-000250,1000000259,0001,000000000030000106,2000,VZIREQ05,Breakdown replacement,1.000,2026-05-13,OPEN
PLAN-000251,SESS-000251,1000000260,0001,000000000030000107,3000,VZIREQ02,Reliability improvement upgrade,4.000,2026-02-02,OPEN
PLAN-000252,SESS-000252,1000000261,0001,000000000030000108,2000,VZIREQ05,Capital project spare,4.000,2026-03-31,CLOSED
PLAN-000253,SESS-000253,1000000262,0001,000000000030000108,2000,VZIREQ03,Capital project spare,3.000,2026-07-21,CLOSED
PLAN-000254,SESS-000254,1000000263,0001,000000000030000108,2000,VZIREQ04,Capital project spare,3.000,2026-07-07,OPEN
PLAN-000255,SESS-000255,1000000264,0001,000000000030000108,1000,VZIREQ01,Statutory inspection rebuild,3.000,2026-03-27,CLOSED
PLAN-000256,SESS-000256,1000000265,0001,000000000030000108,1000,VZIREQ03,Capital project spare,3.000,2026-05-09,OPEN
PLAN-000257,SESS-000257,1000000266,0001,000000000030000108,1000,VZIREQ01,Condition monitoring intervention,1.000,2025-11-23,OPEN
PLAN-000258,SESS-000258,1000000267,0001,000000000030000109,1000,VZIREQ03,Capital project spare,3.000,2026-05-10,CLOSED
PLAN-000259,SESS-000259,1000000268,0001,000000000030000109,1000,VZIREQ05,Capital project spare,1.000,2026-08-09,OPEN
PLAN-000260,SESS-000260,1000000269,0001,000000000030000109,1000,VZIREQ01,Capital project spare,2.000,2025-12-28,OPEN
PLAN-000261,SESS-000261,1000000270,0001,000000000030000110,2000,VZIREQ02,Condition monitoring intervention,1.000,2026-04-15,OPEN
PLAN-000262,SESS-000262,1000000271,0001,000000000030000111,3000,VZIREQ05,Statutory inspection rebuild,2.000,2026-06-03,CLOSED
PLAN-000263,SESS-000263,1000000272,0001,000000000030000111,3000,VZIREQ02,Capital project spare,2.000,2026-02-12,CLOSED
PLAN-000264,SESS-000264,1000000273,0001,000000000030000112,2000,VZIREQ05,Reliability improvement upgrade,3.000,2026-09-04,CLOSED
PLAN-000265,SESS-000265,1000000274,0001,000000000030000113,4000,VZIREQ01,Statutory inspection rebuild,4.000,2025-11-08,CLOSED
PLAN-000266,SESS-000266,1000000275,0001,000000000030000114,3000,VZIREQ02,Reliability improvement upgrade,4.000,2026-07-01,CLOSED
PLAN-000267,SESS-000267,1000000276,0001,000000000030000114,3000,VZIREQ05,Planned shutdown replacement,3.000,2026-05-19,CLOSED
PLAN-000268,SESS-000268,1000000277,0001,000000000030000114,3000,VZIREQ01,Capital project spare,4.000,2026-07-30,OPEN
PLAN-000269,SESS-000269,1000000279,0001,000000000030000115,3000,VZIREQ02,Breakdown replacement,4.000,2026-04-24,OPEN
PLAN-000270,SESS-000270,1000000280,0001,000000000030000116,1000,VZIREQ05,Breakdown replacement,4.000,2026-02-07,CLOSED
PLAN-000271,SESS-000271,1000000281,0001,000000000030000116,1000,VZIREQ05,Capital project spare,3.000,2026-09-08,CLOSED
PLAN-000272,SESS-000272,1000000282,0001,000000000030000116,1000,VZIREQ05,Capital project spare,1.000,2026-07-01,OPEN
PLAN-000273,SESS-000273,1000000283,0001,000000000030000117,4000,VZIREQ05,Statutory inspection rebuild,1.000,2026-07-15,OPEN
PLAN-000274,SESS-000274,1000000284,0001,000000000030000118,4000,VZIREQ05,Statutory inspection rebuild,4.000,2025-11-25,CLOSED
PLAN-000275,SESS-000275,1000000285,0001,000000000030000118,4000,VZIREQ02,Capital project spare,4.000,2025-12-22,CLOSED
PLAN-000276,SESS-000276,1000000286,0001,000000000030000118,4000,VZIREQ03,Reliability improvement upgrade,1.000,2025-12-20,OPEN
PLAN-000277,SESS-000277,1000000287,0001,000000000030000119,3000,VZIREQ05,Planned shutdown replacement,4.000,2026-06-07,OPEN
PLAN-000278,SESS-000278,1000000288,0001,000000000030000119,3000,VZIREQ05,Statutory inspection rebuild,3.000,2026-01-24,CLOSED
PLAN-000279,SESS-000279,1000000289,0001,000000000030000120,3000,VZIREQ01,Planned shutdown replacement,3.000,2025-12-19,CLOSED
PLAN-000280,SESS-000280,1000000290,0001,000000000030000120,3000,VZIREQ01,Breakdown replacement,4.000,2026-06-18,OPEN
PLAN-000281,SESS-000281,1000000291,0001,000000000030000120,3000,VZIREQ02,Planned shutdown replacement,1.000,2026-06-17,OPEN
PLAN-000282,SESS-000282,1000000292,0001,000000000030000121,3000,VZIREQ02,Planned shutdown replacement,4.000,2026-02-24,CLOSED
PLAN-000283,SESS-000283,1000000293,0001,000000000030000122,3000,VZIREQ04,Planned shutdown replacement,3.000,2026-02-28,CLOSED
PLAN-000284,SESS-000284,1000000294,0001,000000000030000122,3000,VZIREQ03,Planned shutdown replacement,3.000,2025-12-12,CLOSED
PLAN-000285,SESS-000285,1000000297,0001,000000000030000123,4000,VZIREQ05,Breakdown replacement,2.000,2025-11-08,OPEN
PLAN-000286,SESS-000286,1000000298,0001,000000000030000123,4000,VZIREQ03,Reliability improvement upgrade,3.000,2026-04-15,CLOSED
PLAN-000287,SESS-000287,1000000299,0001,000000000030000124,3000,VZIREQ03,Condition monitoring intervention,3.000,2026-03-05,CLOSED
PLAN-000288,SESS-000288,1000000300,0001,000000000030000124,3000,VZIREQ02,Breakdown replacement,3.000,2025-11-24,CLOSED
PLAN-000289,SESS-000289,1000000301,0001,000000000030000124,3000,VZIREQ05,Planned shutdown replacement,3.000,2026-04-01,CLOSED
PLAN-000290,SESS-000290,1000000302,0001,000000000030000125,3000,VZIREQ04,Statutory inspection rebuild,4.000,2026-09-03,OPEN
PLAN-000291,SESS-000291,1000000303,0001,000000000030000125,1000,VZIREQ04,Planned shutdown replacement,3.000,2025-12-23,OPEN
PLAN-000292,SESS-000292,1000000304,0001,000000000030000126,1000,VZIREQ05,Reliability improvement upgrade,2.000,2026-03-26,CLOSED
PLAN-000293,SESS-000293,1000000305,0001,000000000030000127,2000,VZIREQ05,Reliability improvement upgrade,1.000,2026-04-09,OPEN
PLAN-000294,SESS-000294,1000000306,0001,000000000030000127,2000,VZIREQ05,Reliability improvement upgrade,2.000,2026-05-02,OPEN
PLAN-000295,SESS-000295,1000000307,0001,000000000030000128,3000,VZIREQ03,Statutory inspection rebuild,3.000,2026-07-09,CLOSED
PLAN-000296,SESS-000296,1000000308,0001,000000000030000128,3000,VZIREQ01,Condition monitoring intervention,3.000,2026-06-13,OPEN
PLAN-000297,SESS-000297,1000000309,0001,000000000030000128,3000,VZIREQ05,Breakdown replacement,3.000,2026-04-23,CLOSED
PLAN-000298,SESS-000298,1000000310,0001,000000000030000129,2000,VZIREQ01,Planned shutdown replacement,1.000,2026-09-16,CLOSED
PLAN-000299,SESS-000299,1000000311,0001,000000000030000129,2000,VZIREQ02,Statutory inspection rebuild,2.000,2026-06-19,OPEN
PLAN-000300,SESS-000300,1000000312,0001,000000000030000129,2000,VZIREQ04,Capital project spare,3.000,2025-11-17,CLOSED
PLAN-000301,SESS-000301,1000000313,0001,000000000030000130,4000,VZIREQ03,Statutory inspection rebuild,2.000,2026-04-26,CLOSED
PLAN-000302,SESS-000302,1000000314,0001,000000000030000130,4000,VZIREQ05,Planned shutdown replacement,1.000,2026-08-06,OPEN
PLAN-000303,SESS-000303,1000000315,0001,000000000030000130,2000,VZIREQ02,Reliability improvement upgrade,1.000,2026-03-06,OPEN
PLAN-000304,SESS-000304,1000000316,0001,000000000030000130,2000,VZIREQ01,Planned shutdown replacement,2.000,2026-03-25,OPEN
PLAN-000305,SESS-000305,1000000317,0001,000000000030000131,3000,VZIREQ02,Capital project spare,3.000,2025-11-21,CLOSED
PLAN-000306,SESS-000306,1000000318,0001,000000000030000131,3000,VZIREQ05,Capital project spare,1.000,2025-12-16,OPEN
PLAN-000307,SESS-000307,1000000319,0001,000000000030000132,3000,VZIREQ05,Planned shutdown replacement,4.000,2026-08-06,OPEN
PLAN-000308,SESS-000308,1000000320,0001,000000000030000132,3000,VZIREQ03,Planned shutdown replacement,3.000,2026-09-02,CLOSED
PLAN-000309,SESS-000309,1000000321,0001,000000000030000132,3000,VZIREQ03,Capital project spare,2.000,2026-08-13,OPEN
PLAN-000310,SESS-000310,1000000322,0001,000000000030000133,4000,VZIREQ01,Breakdown replacement,1.000,2026-05-14,OPEN
PLAN-000311,SESS-000311,1000000323,0001,000000000030000133,4000,VZIREQ05,Statutory inspection rebuild,1.000,2026-07-22,OPEN
PLAN-000312,SESS-000312,1000000324,0001,000000000030000134,2000,VZIREQ02,Statutory inspection rebuild,2.000,2026-06-21,CLOSED
PLAN-000313,SESS-000313,1000000325,0001,000000000030000135,4000,VZIREQ05,Condition monitoring intervention,2.000,2026-05-08,CLOSED
PLAN-000314,SESS-000314,1000000326,0001,000000000030000135,4000,VZIREQ05,Capital project spare,4.000,2026-07-06,CLOSED
PLAN-000315,SESS-000315,1000000327,0001,000000000030000136,3000,VZIREQ01,Breakdown replacement,4.000,2026-06-23,OPEN
PLAN-000316,SESS-000316,1000000328,0001,000000000030000136,3000,VZIREQ01,Reliability improvement upgrade,1.000,2026-01-08,CLOSED
PLAN-000317,SESS-000317,1000000329,0001,000000000030000137,3000,VZIREQ04,Planned shutdown replacement,2.000,2025-12-31,CLOSED
PLAN-000318,SESS-000318,1000000330,0001,000000000030000138,4000,VZIREQ02,Reliability improvement upgrade,2.000,2026-09-09,OPEN
PLAN-000319,SESS-000319,1000000331,0001,000000000030000139,3000,VZIREQ01,Breakdown replacement,1.000,2026-05-04,OPEN
PLAN-000320,SESS-000320,1000000332,0001,000000000030000140,3000,VZIREQ03,Breakdown replacement,1.000,2026-03-02,OPEN
PLAN-000321,SESS-000321,1000000333,0001,000000000030000140,3000,VZIREQ03,Capital project spare,3.000,2025-12-16,CLOSED
PLAN-000322,SESS-000322,1000000334,0001,000000000030000140,3000,VZIREQ01,Reliability improvement upgrade,1.000,2025-12-09,CLOSED
PLAN-000323,SESS-000323,1000000335,0001,000000000030000141,3000,VZIREQ05,Capital project spare,2.000,2026-04-16,CLOSED
PLAN-000324,SESS-000324,1000000336,0001,000000000030000141,3000,VZIREQ05,Capital project spare,2.000,2026-01-24,CLOSED
PLAN-000325,SESS-000325,1000000337,0001,000000000030000141,2000,VZIREQ05,Planned shutdown replacement,3.000,2025-12-28,CLOSED
PLAN-000326,SESS-000326,1000000338,0001,000000000030000141,2000,VZIREQ01,Condition monitoring intervention,3.000,2025-12-26,CLOSED
PLAN-000327,SESS-000327,1000000339,0001,000000000030000141,2000,VZIREQ05,Condition monitoring intervention,2.000,2025-12-07,CLOSED
PLAN-000328,SESS-000328,1000000340,0001,000000000030000142,1000,VZIREQ04,Planned shutdown replacement,3.000,2026-02-18,OPEN
PLAN-000329,SESS-000329,1000000341,0001,000000000030000142,1000,VZIREQ03,Capital project spare,1.000,2026-06-29,CLOSED
PLAN-000330,SESS-000330,1000000342,0001,000000000030000143,2000,VZIREQ04,Breakdown replacement,2.000,2026-03-15,CLOSED
PLAN-000331,SESS-000331,1000000343,0001,000000000030000143,2000,VZIREQ03,Condition monitoring intervention,1.000,2026-02-08,CLOSED
PLAN-000332,SESS-000332,1000000344,0001,000000000030000143,3000,VZIREQ04,Reliability improvement upgrade,4.000,2026-01-11,OPEN
PLAN-000333,SESS-000333,1000000345,0001,000000000030000144,3000,VZIREQ03,Condition monitoring intervention,2.000,2026-08-01,OPEN
PLAN-000334,SESS-000334,1000000346,0001,000000000030000144,3000,VZIREQ05,Capital project spare,3.000,2026-03-31,OPEN
PLAN-000335,SESS-000335,1000000347,0001,000000000030000145,3000,VZIREQ05,Statutory inspection rebuild,4.000,2026-09-08,CLOSED
PLAN-000336,SESS-000336,1000000348,0001,000000000030000145,4000,VZIREQ02,Statutory inspection rebuild,3.000,2025-12-19,CLOSED
PLAN-000337,SESS-000337,1000000349,0001,000000000030000145,4000,VZIREQ01,Statutory inspection rebuild,1.000,2026-03-09,OPEN
PLAN-000338,SESS-000338,1000000350,0001,000000000030000146,4000,VZIREQ04,Reliability improvement upgrade,1.000,2026-02-12,CLOSED
PLAN-000339,SESS-000339,1000000351,0001,000000000030000146,4000,VZIREQ03,Planned shutdown replacement,2.000,2026-06-14,OPEN
PLAN-000340,SESS-000340,1000000352,0001,000000000030000146,4000,VZIREQ03,Capital project spare,3.000,2026-02-19,OPEN
PLAN-000341,SESS-000341,1000000353,0001,000000000030000147,3000,VZIREQ05,Statutory inspection rebuild,4.000,2026-02-26,CLOSED
PLAN-000342,SESS-000342,1000000354,0001,000000000030000147,3000,VZIREQ01,Capital project spare,4.000,2026-01-23,OPEN
PLAN-000343,SESS-000343,1000000355,0001,000000000030000147,3000,VZIREQ02,Reliability improvement upgrade,2.000,2026-05-10,CLOSED
PLAN-000344,SESS-000344,1000000356,0001,000000000030000148,2000,VZIREQ03,Breakdown replacement,2.000,2026-07-11,CLOSED
PLAN-000345,SESS-000345,1000000357,0001,000000000030000148,2000,VZIREQ03,Statutory inspection rebuild,1.000,2026-03-16,CLOSED
PLAN-000346,SESS-000346,1000000358,0001,000000000030000148,2000,VZIREQ01,Statutory inspection rebuild,4.000,2026-04-13,CLOSED
PLAN-000347,SESS-000347,1000000360,0001,000000000030000149,2000,VZIREQ02,Capital project spare,4.000,2026-06-18,CLOSED
PLAN-000348,SESS-000348,1000000361,0001,000000000030000149,2000,VZIREQ03,Condition monitoring intervention,3.000,2026-02-11,OPEN
PLAN-000349,SESS-000349,1000000362,0001,000000000030000150,2000,VZIREQ01,Capital project spare,3.000,2026-08-28,CLOSED
PLAN-000350,SESS-000350,1000000363,0001,000000000030000150,2000,VZIREQ04,Reliability improvement upgrade,4.000,2026-01-18,OPEN
PLAN-000351,SESS-000351,1000000364,0001,000000000030000150,2000,VZIREQ03,Planned shutdown replacement,3.000,2026-02-09,CLOSED
PLAN-000352,SESS-000352,1000000365,0001,000000000030000151,3000,VZIREQ03,Condition monitoring intervention,2.000,2026-07-17,OPEN
PLAN-000353,SESS-000353,1000000366,0001,000000000030000151,3000,VZIREQ05,Planned shutdown replacement,1.000,2026-05-24,OPEN
PLAN-000354,SESS-000354,1000000367,0001,000000000030000151,4000,VZIREQ05,Planned shutdown replacement,1.000,2026-05-12,CLOSED
PLAN-000355,SESS-000355,1000000368,0001,000000000030000151,4000,VZIREQ05,Planned shutdown replacement,1.000,2026-07-11,CLOSED
PLAN-000356,SESS-000356,1000000369,0001,000000000030000151,4000,VZIREQ02,Condition monitoring intervention,1.000,2026-08-08,CLOSED
PLAN-000357,SESS-000357,1000000370,0001,000000000030000152,3000,VZIREQ02,Capital project spare,4.000,2026-06-02,OPEN
PLAN-000358,SESS-000358,1000000371,0001,000000000030000152,3000,VZIREQ05,Statutory inspection rebuild,2.000,2026-05-28,OPEN
PLAN-000359,SESS-000359,1000000372,0001,000000000030000152,3000,VZIREQ04,Capital project spare,1.000,2026-03-23,CLOSED
PLAN-000360,SESS-000360,1000000373,0001,000000000030000152,2000,VZIREQ05,Planned shutdown replacement,2.000,2026-03-07,CLOSED
PLAN-000361,SESS-000361,1000000374,0001,000000000030000152,2000,VZIREQ02,Reliability improvement upgrade,1.000,2026-01-18,CLOSED
PLAN-000362,SESS-000362,1000000375,0001,000000000030000152,2000,VZIREQ02,Capital project spare,4.000,2025-12-19,CLOSED
PLAN-000363,SESS-000363,1000000376,0001,000000000030000153,4000,VZIREQ02,Condition monitoring intervention,3.000,2026-01-14,OPEN
PLAN-000364,SESS-000364,1000000377,0001,000000000030000153,4000,VZIREQ03,Planned shutdown replacement,1.000,2026-08-26,OPEN
PLAN-000365,SESS-000365,1000000378,0001,000000000030000153,4000,VZIREQ01,Condition monitoring intervention,3.000,2026-06-28,OPEN
PLAN-000366,SESS-000366,1000000379,0001,000000000030000154,2000,VZIREQ03,Planned shutdown replacement,4.000,2025-12-24,OPEN
PLAN-000367,SESS-000367,1000000380,0001,000000000030000154,2000,VZIREQ04,Capital project spare,1.000,2026-07-03,OPEN
PLAN-000368,SESS-000368,1000000381,0001,000000000030000154,2000,VZIREQ05,Planned shutdown replacement,3.000,2026-05-31,OPEN
PLAN-000369,SESS-000369,1000000382,0001,000000000030000155,2000,VZIREQ04,Reliability improvement upgrade,1.000,2026-07-27,OPEN
PLAN-000370,SESS-000370,1000000383,0001,000000000030000155,2000,VZIREQ05,Capital project spare,4.000,2026-04-21,OPEN
PLAN-000371,SESS-000371,1000000384,0001,000000000030000155,2000,VZIREQ01,Planned shutdown replacement,4.000,2026-05-25,OPEN
PLAN-000372,SESS-000372,1000000385,0001,000000000030000155,4000,VZIREQ01,Capital project spare,1.000,2025-11-11,CLOSED
PLAN-000373,SESS-000373,1000000386,0001,000000000030000155,4000,VZIREQ03,Planned shutdown replacement,3.000,2025-12-17,CLOSED
PLAN-000374,SESS-000374,1000000387,0001,000000000030000156,3000,VZIREQ04,Planned shutdown replacement,2.000,2026-01-09,CLOSED
PLAN-000375,SESS-000375,1000000388,0001,000000000030000156,3000,VZIREQ02,Condition monitoring intervention,3.000,2025-11-25,CLOSED
PLAN-000376,SESS-000376,1000000389,0001,000000000030000157,1000,VZIREQ01,Statutory inspection rebuild,3.000,2026-03-28,CLOSED
PLAN-000377,SESS-000377,1000000390,0001,000000000030000157,1000,VZIREQ05,Planned shutdown replacement,4.000,2026-01-21,CLOSED
PLAN-000378,SESS-000378,1000000391,0001,000000000030000158,3000,VZIREQ04,Planned shutdown replacement,3.000,2026-02-06,CLOSED
PLAN-000379,SESS-000379,1000000392,0001,000000000030000158,4000,VZIREQ01,Reliability improvement upgrade,4.000,2026-01-31,CLOSED
PLAN-000380,SESS-000380,1000000393,0001,000000000030000159,3000,VZIREQ01,Breakdown replacement,4.000,2026-04-20,OPEN
PLAN-000381,SESS-000381,1000000394,0001,000000000030000159,3000,VZIREQ02,Reliability improvement upgrade,2.000,2026-08-01,OPEN
PLAN-000382,SESS-000382,1000000396,0001,000000000030000159,1000,VZIREQ04,Capital project spare,3.000,2026-06-03,CLOSED
PLAN-000383,SESS-000383,1000000397,0001,000000000030000160,4000,VZIREQ02,Planned shutdown replacement,4.000,2026-03-23,OPEN
PLAN-000384,SESS-000384,1000000398,0001,000000000030000160,4000,VZIREQ01,Statutory inspection rebuild,2.000,2026-07-18,OPEN
PLAN-000385,SESS-000385,1000000399,0001,000000000030000161,2000,VZIREQ01,Condition monitoring intervention,3.000,2026-07-22,OPEN
PLAN-000386,SESS-000386,1000000400,0001,000000000030000161,2000,VZIREQ02,Condition monitoring intervention,4.000,2026-01-27,OPEN
PLAN-000387,SESS-000387,1000000401,0001,000000000030000161,2000,VZIREQ04,Planned shutdown replacement,1.000,2026-07-09,CLOSED
PLAN-000388,SESS-000388,1000000402,0001,000000000030000162,1000,VZIREQ04,Capital project spare,4.000,2026-07-07,OPEN
PLAN-000389,SESS-000389,1000000403,0001,000000000030000162,3000,VZIREQ05,Planned shutdown replacement,2.000,2026-06-23,CLOSED
PLAN-000390,SESS-000390,1000000404,0001,000000000030000163,2000,VZIREQ05,Planned shutdown replacement,4.000,2026-02-23,CLOSED
PLAN-000391,SESS-000391,1000000405,0001,000000000030000163,2000,VZIREQ01,Capital project spare,4.000,2026-05-10,CLOSED
PLAN-000392,SESS-000392,1000000407,0001,000000000030000164,1000,VZIREQ01,Statutory inspection rebuild,1.000,2026-06-02,OPEN
PLAN-000393,SESS-000393,1000000408,0001,000000000030000164,1000,VZIREQ04,Reliability improvement upgrade,4.000,2025-12-19,CLOSED
PLAN-000394,SESS-000394,1000000409,0001,000000000030000165,3000,VZIREQ02,Condition monitoring intervention,4.000,2026-07-21,OPEN
PLAN-000395,SESS-000395,1000000410,0001,000000000030000165,3000,VZIREQ04,Planned shutdown replacement,3.000,2026-05-04,CLOSED
PLAN-000396,SESS-000396,1000000411,0001,000000000030000165,3000,VZIREQ05,Reliability improvement upgrade,2.000,2026-05-10,OPEN
PLAN-000397,SESS-000397,1000000412,0001,000000000030000166,2000,VZIREQ05,Statutory inspection rebuild,1.000,2026-01-04,OPEN
PLAN-000398,SESS-000398,1000000413,0001,000000000030000166,2000,VZIREQ03,Capital project spare,3.000,2026-01-10,CLOSED
PLAN-000399,SESS-000399,1000000414,0001,000000000030000166,2000,VZIREQ03,Statutory inspection rebuild,3.000,2025-12-08,CLOSED
PLAN-000400,SESS-000400,1000000415,0001,000000000030000167,1000,VZIREQ03,Planned shutdown replacement,2.000,2025-12-16,CLOSED
PLAN-000401,SESS-000401,1000000416,0001,000000000030000168,2000,VZIREQ01,Reliability improvement upgrade,2.000,2026-04-09,CLOSED
PLAN-000402,SESS-000402,1000000417,0001,000000000030000169,4000,VZIREQ03,Breakdown replacement,3.000,2026-07-02,OPEN
PLAN-000403,SESS-000403,1000000418,0001,000000000030000169,4000,VZIREQ03,Condition monitoring intervention,2.000,2026-08-07,OPEN
PLAN-000404,SESS-000404,1000000419,0001,000000000030000169,4000,VZIREQ01,Condition monitoring intervention,3.000,2026-04-22,OPEN
PLAN-000405,SESS-000405,1000000420,0001,000000000030000169,1000,VZIREQ05,Capital project spare,2.000,2026-05-05,OPEN
PLAN-000406,SESS-000406,1000000421,0001,000000000030000169,1000,VZIREQ04,Statutory inspection rebuild,1.000,2026-02-13,CLOSED
PLAN-000407,SESS-000407,1000000422,0001,000000000030000170,3000,VZIREQ01,Breakdown replacement,2.000,2026-06-04,OPEN
PLAN-000408,SESS-000408,1000000423,0001,000000000030000170,3000,VZIREQ05,Planned shutdown replacement,2.000,2026-07-29,CLOSED
PLAN-000409,SESS-000409,1000000424,0001,000000000030000171,2000,VZIREQ02,Statutory inspection rebuild,3.000,2025-12-05,CLOSED
PLAN-000410,SESS-000410,1000000425,0001,000000000030000171,4000,VZIREQ02,Breakdown replacement,3.000,2026-07-18,OPEN
PLAN-000411,SESS-000411,1000000427,0001,000000000030000172,1000,VZIREQ03,Capital project spare,3.000,2026-05-29,OPEN
PLAN-000412,SESS-000412,1000000428,0001,000000000030000173,2000,VZIREQ01,Statutory inspection rebuild,1.000,2025-11-16,CLOSED
PLAN-000413,SESS-000413,1000000429,0001,000000000030000174,4000,VZIREQ03,Planned shutdown replacement,1.000,2026-04-30,CLOSED
PLAN-000414,SESS-000414,1000000430,0001,000000000030000175,4000,VZIREQ03,Reliability improvement upgrade,4.000,2026-01-04,OPEN
PLAN-000415,SESS-000415,1000000431,0001,000000000030000175,4000,VZIREQ03,Reliability improvement upgrade,3.000,2026-05-02,OPEN
PLAN-000416,SESS-000416,1000000432,0001,000000000030000175,4000,VZIREQ05,Capital project spare,3.000,2026-03-06,OPEN
PLAN-000417,SESS-000417,1000000433,0001,000000000030000175,3000,VZIREQ02,Capital project spare,1.000,2025-11-29,CLOSED
PLAN-000418,SESS-000418,1000000435,0001,000000000030000175,3000,VZIREQ04,Planned shutdown replacement,2.000,2026-04-26,OPEN
PLAN-000419,SESS-000419,1000000436,0001,000000000030000176,4000,VZIREQ03,Capital project spare,2.000,2026-04-02,CLOSED
PLAN-000420,SESS-000420,1000000437,0001,000000000030000176,4000,VZIREQ03,Capital project spare,1.000,2026-01-04,CLOSED
PLAN-000421,SESS-000421,1000000438,0001,000000000030000177,1000,VZIREQ04,Capital project spare,4.000,2026-08-03,CLOSED
PLAN-000422,SESS-000422,1000000439,0001,000000000030000178,4000,VZIREQ04,Breakdown replacement,2.000,2026-06-23,CLOSED
PLAN-000423,SESS-000423,1000000440,0001,000000000030000178,4000,VZIREQ03,Statutory inspection rebuild,2.000,2026-02-22,CLOSED
PLAN-000424,SESS-000424,1000000441,0001,000000000030000178,3000,VZIREQ02,Capital project spare,3.000,2026-01-04,CLOSED
PLAN-000425,SESS-000425,1000000442,0001,000000000030000178,3000,VZIREQ02,Statutory inspection rebuild,1.000,2026-01-20,CLOSED
PLAN-000426,SESS-000426,1000000443,0001,000000000030000179,1000,VZIREQ05,Capital project spare,3.000,2025-12-04,CLOSED
PLAN-000427,SESS-000427,1000000444,0001,000000000030000179,1000,VZIREQ04,Capital project spare,4.000,2025-12-02,CLOSED
PLAN-000428,SESS-000428,1000000445,0001,000000000030000179,1000,VZIREQ01,Reliability improvement upgrade,1.000,2026-02-08,CLOSED
PLAN-000429,SESS-000429,1000000446,0001,000000000030000180,3000,VZIREQ03,Statutory inspection rebuild,3.000,2026-06-11,OPEN
PLAN-000430,SESS-000430,1000000447,0001,000000000030000180,3000,VZIREQ01,Statutory inspection rebuild,4.000,2025-12-11,OPEN
PLAN-000431,SESS-000431,1000000448,0001,000000000030000180,3000,VZIREQ03,Planned shutdown replacement,3.000,2026-04-05,OPEN
PLAN-000432,SESS-000432,1000000449,0001,000000000030000181,4000,VZIREQ03,Breakdown replacement,3.000,2026-09-12,CLOSED
PLAN-000433,SESS-000433,1000000450,0001,000000000030000181,4000,VZIREQ04,Reliability improvement upgrade,4.000,2025-11-14,CLOSED
PLAN-000434,SESS-000434,1000000451,0001,000000000030000181,4000,VZIREQ02,Condition monitoring intervention,2.000,2026-07-07,OPEN
PLAN-000435,SESS-000435,1000000452,0001,000000000030000182,3000,VZIREQ02,Reliability improvement upgrade,3.000,2026-07-23,OPEN
PLAN-000436,SESS-000436,1000000454,0001,000000000030000183,1000,VZIREQ04,Condition monitoring intervention,1.000,2026-02-26,CLOSED
PLAN-000437,SESS-000437,1000000455,0001,000000000030000183,1000,VZIREQ02,Planned shutdown replacement,2.000,2025-11-29,OPEN
PLAN-000438,SESS-000438,1000000456,0001,000000000030000184,2000,VZIREQ01,Statutory inspection rebuild,3.000,2026-06-23,OPEN
PLAN-000439,SESS-000439,1000000457,0001,000000000030000184,2000,VZIREQ03,Statutory inspection rebuild,1.000,2026-06-24,OPEN
PLAN-000440,SESS-000440,1000000458,0001,000000000030000184,2000,VZIREQ03,Reliability improvement upgrade,3.000,2026-03-22,CLOSED
PLAN-000441,SESS-000441,1000000459,0001,000000000030000185,3000,VZIREQ05,Condition monitoring intervention,1.000,2025-12-26,CLOSED
PLAN-000442,SESS-000442,1000000460,0001,000000000030000186,2000,VZIREQ04,Statutory inspection rebuild,3.000,2025-12-10,OPEN
PLAN-000443,SESS-000443,1000000461,0001,000000000030000187,3000,VZIREQ01,Statutory inspection rebuild,1.000,2026-05-29,OPEN
PLAN-000444,SESS-000444,1000000462,0001,000000000030000187,3000,VZIREQ01,Planned shutdown replacement,3.000,2026-02-12,CLOSED
PLAN-000445,SESS-000445,1000000463,0001,000000000030000187,1000,VZIREQ04,Reliability improvement upgrade,3.000,2026-09-07,OPEN
PLAN-000446,SESS-000446,1000000464,0001,000000000030000187,1000,VZIREQ02,Planned shutdown replacement,3.000,2026-01-11,CLOSED
PLAN-000447,SESS-000447,1000000465,0001,000000000030000187,1000,VZIREQ03,Breakdown replacement,1.000,2025-12-05,CLOSED
PLAN-000448,SESS-000448,1000000466,0001,000000000030000188,3000,VZIREQ02,Statutory inspection rebuild,3.000,2025-11-18,CLOSED
PLAN-000449,SESS-000449,1000000467,0001,000000000030000188,3000,VZIREQ02,Statutory inspection rebuild,4.000,2026-08-06,OPEN
PLAN-000450,SESS-000450,1000000468,0001,000000000030000188,3000,VZIREQ05,Reliability improvement upgrade,2.000,2026-02-14,CLOSED
PLAN-000451,SESS-000451,1000000469,0001,000000000030000189,2000,VZIREQ04,Breakdown replacement,2.000,2026-05-22,OPEN
PLAN-000452,SESS-000452,1000000470,0001,000000000030000189,2000,VZIREQ04,Breakdown replacement,3.000,2026-04-09,CLOSED
PLAN-000453,SESS-000453,1000000471,0001,000000000030000189,3000,VZIREQ01,Condition monitoring intervention,2.000,2026-07-15,OPEN
PLAN-000454,SESS-000454,1000000472,0001,000000000030000189,3000,VZIREQ01,Breakdown replacement,4.000,2026-08-22,CLOSED
PLAN-000455,SESS-000455,1000000473,0001,000000000030000190,1000,VZIREQ03,Condition monitoring intervention,4.000,2026-03-09,CLOSED
PLAN-000456,SESS-000456,1000000474,0001,000000000030000190,1000,VZIREQ04,Statutory inspection rebuild,3.000,2026-08-17,CLOSED
PLAN-000457,SESS-000457,1000000475,0001,000000000030000191,2000,VZIREQ03,Capital project spare,3.000,2026-04-10,CLOSED
PLAN-000458,SESS-000458,1000000476,0001,000000000030000192,4000,VZIREQ01,Breakdown replacement,2.000,2026-03-12,CLOSED
PLAN-000459,SESS-000459,1000000477,0001,000000000030000192,4000,VZIREQ01,Reliability improvement upgrade,1.000,2026-08-21,CLOSED
PLAN-000460,SESS-000460,1000000478,0001,000000000030000192,4000,VZIREQ01,Planned shutdown replacement,1.000,2026-04-18,CLOSED
PLAN-000461,SESS-000461,1000000479,0001,000000000030000192,1000,VZIREQ02,Planned shutdown replacement,2.000,2026-03-22,OPEN
PLAN-000462,SESS-000462,1000000480,0001,000000000030000192,1000,VZIREQ05,Capital project spare,4.000,2026-06-14,CLOSED
PLAN-000463,SESS-000463,1000000481,0001,000000000030000192,1000,VZIREQ01,Breakdown replacement,2.000,2025-11-29,CLOSED
PLAN-000464,SESS-000464,1000000482,0001,000000000030000193,1000,VZIREQ01,Breakdown replacement,1.000,2026-08-07,OPEN
PLAN-000465,SESS-000465,1000000483,0001,000000000030000194,1000,VZIREQ05,Condition monitoring intervention,2.000,2026-05-12,CLOSED
PLAN-000466,SESS-000466,1000000484,0001,000000000030000194,1000,VZIREQ01,Breakdown replacement,4.000,2026-07-18,CLOSED
PLAN-000467,SESS-000467,1000000485,0001,000000000030000194,1000,VZIREQ01,Capital project spare,3.000,2026-05-20,CLOSED
PLAN-000468,SESS-000468,1000000486,0001,000000000030000195,3000,VZIREQ05,Condition monitoring intervention,1.000,2026-04-11,CLOSED
PLAN-000469,SESS-000469,1000000487,0001,000000000030000196,3000,VZIREQ04,Breakdown replacement,3.000,2026-03-31,OPEN
PLAN-000470,SESS-000470,1000000488,0001,000000000030000196,3000,VZIREQ02,Capital project spare,4.000,2026-07-30,CLOSED
PLAN-000471,SESS-000471,1000000489,0001,000000000030000196,3000,VZIREQ05,Reliability improvement upgrade,1.000,2026-06-24,OPEN
PLAN-000472,SESS-000472,1000000490,0001,000000000030000197,3000,VZIREQ04,Condition monitoring intervention,1.000,2026-05-03,CLOSED
PLAN-000473,SESS-000473,1000000491,0001,000000000030000197,3000,VZIREQ04,Breakdown replacement,2.000,2026-05-02,OPEN
PLAN-000474,SESS-000474,1000000492,0001,000000000030000197,3000,VZIREQ04,Breakdown replacement,4.000,2026-04-25,CLOSED
PLAN-000475,SESS-000475,1000000493,0001,000000000030000197,4000,VZIREQ02,Capital project spare,3.000,2026-01-02,CLOSED
PLAN-000476,SESS-000476,1000000494,0001,000000000030000197,4000,VZIREQ02,Reliability improvement upgrade,2.000,2026-08-13,CLOSED
PLAN-000477,SESS-000477,1000000495,0001,000000000030000197,4000,VZIREQ04,Statutory inspection rebuild,2.000,2025-12-24,CLOSED
PLAN-000478,SESS-000478,1000000496,0001,000000000030000198,2000,VZIREQ05,Statutory inspection rebuild,2.000,2026-07-19,OPEN
PLAN-000479,SESS-000479,1000000497,0001,000000000030000199,3000,VZIREQ01,Breakdown replacement,3.000,2025-12-08,OPEN
PLAN-000480,SESS-000480,1000000498,0001,000000000030000199,3000,VZIREQ02,Planned shutdown replacement,3.000,2026-03-27,CLOSED
PLAN-000481,SESS-000481,1000000500,0001,000000000030000200,1000,VZIREQ05,Reliability improvement upgrade,2.000,2026-02-12,CLOSED
PLAN-000482,SESS-000482,1000000501,0001,000000000030000200,1000,VZIREQ04,Breakdown replacement,2.000,2026-01-15,OPEN
PLAN-000483,SESS-000483,1000000503,0001,000000000030000201,2000,VZIREQ03,Condition monitoring intervention,1.000,2026-03-15,CLOSED
PLAN-000484,SESS-000484,1000000504,0001,000000000030000202,3000,VZIREQ02,Capital project spare,3.000,2025-12-06,OPEN
PLAN-000485,SESS-000485,1000000505,0001,000000000030000202,3000,VZIREQ03,Breakdown replacement,2.000,2026-07-06,CLOSED
PLAN-000486,SESS-000486,1000000506,0001,000000000030000202,3000,VZIREQ03,Planned shutdown replacement,3.000,2026-08-08,CLOSED
PLAN-000487,SESS-000487,1000000507,0001,000000000030000203,1000,VZIREQ03,Reliability improvement upgrade,2.000,2026-05-12,CLOSED
PLAN-000488,SESS-000488,1000000508,0001,000000000030000204,3000,VZIREQ03,Condition monitoring intervention,4.000,2025-11-25,OPEN
PLAN-000489,SESS-000489,1000000509,0001,000000000030000204,3000,VZIREQ01,Breakdown replacement,2.000,2026-07-14,CLOSED
PLAN-000490,SESS-000490,1000000510,0001,000000000030000204,3000,VZIREQ04,Capital project spare,3.000,2026-05-04,OPEN
PLAN-000491,SESS-000491,1000000511,0001,000000000030000205,2000,VZIREQ01,Planned shutdown replacement,2.000,2026-01-12,CLOSED
PLAN-000492,SESS-000492,1000000512,0001,000000000030000206,2000,VZIREQ04,Breakdown replacement,3.000,2026-04-07,CLOSED
PLAN-000493,SESS-000493,1000000513,0001,000000000030000206,2000,VZIREQ03,Statutory inspection rebuild,4.000,2026-05-14,OPEN
PLAN-000494,SESS-000494,1000000514,0001,000000000030000206,2000,VZIREQ01,Statutory inspection rebuild,4.000,2025-11-15,CLOSED
PLAN-000495,SESS-000495,1000000515,0001,000000000030000206,3000,VZIREQ04,Reliability improvement upgrade,1.000,2026-05-09,OPEN
PLAN-000496,SESS-000496,1000000516,0001,000000000030000207,1000,VZIREQ04,Condition monitoring intervention,2.000,2026-01-21,OPEN
PLAN-000497,SESS-000497,1000000517,0001,000000000030000207,1000,VZIREQ01,Breakdown replacement,2.000,2025-12-23,OPEN
PLAN-000498,SESS-000498,1000000518,0001,000000000030000208,1000,VZIREQ04,Statutory inspection rebuild,3.000,2026-06-29,OPEN
PLAN-000499,SESS-000499,1000000519,0001,000000000030000208,1000,VZIREQ04,Breakdown replacement,4.000,2026-05-08,OPEN
PLAN-000500,SESS-000500,1000000520,0001,000000000030000209,2000,VZIREQ03,Condition monitoring intervention,1.000,2026-05-25,OPEN
PLAN-000501,SESS-000501,1000000521,0001,000000000030000209,2000,VZIREQ04,Planned shutdown replacement,2.000,2026-01-07,CLOSED
PLAN-000502,SESS-000502,1000000522,0001,000000000030000209,2000,VZIREQ01,Planned shutdown replacement,4.000,2026-01-16,OPEN
PLAN-000503,SESS-000503,1000000523,0001,000000000030000210,1000,VZIREQ02,Planned shutdown replacement,4.000,2025-12-26,CLOSED
PLAN-000504,SESS-000504,1000000524,0001,000000000030000210,1000,VZIREQ02,Capital project spare,3.000,2026-08-29,OPEN
PLAN-000505,SESS-000505,1000000525,0001,000000000030000210,1000,VZIREQ05,Statutory inspection rebuild,3.000,2026-01-13,OPEN
PLAN-000506,SESS-000506,1000000526,0001,000000000030000211,3000,VZIREQ03,Condition monitoring intervention,1.000,2026-03-18,OPEN
PLAN-000507,SESS-000507,1000000527,0001,000000000030000211,3000,VZIREQ03,Planned shutdown replacement,1.000,2026-08-24,OPEN
PLAN-000508,SESS-000508,1000000528,0001,000000000030000212,1000,VZIREQ05,Capital project spare,1.000,2026-08-11,OPEN
PLAN-000509,SESS-000509,1000000529,0001,000000000030000212,1000,VZIREQ04,Breakdown replacement,2.000,2026-06-23,OPEN
PLAN-000510,SESS-000510,1000000530,0001,000000000030000213,4000,VZIREQ03,Capital project spare,2.000,2026-02-13,CLOSED
PLAN-000511,SESS-000511,1000000531,0001,000000000030000214,3000,VZIREQ03,Capital project spare,3.000,2026-07-06,OPEN
PLAN-000512,SESS-000512,1000000532,0001,000000000030000214,3000,VZIREQ01,Statutory inspection rebuild,1.000,2026-06-02,CLOSED
PLAN-000513,SESS-000513,1000000533,0001,000000000030000214,3000,VZIREQ01,Breakdown replacement,4.000,2025-11-14,CLOSED
PLAN-000514,SESS-000514,1000000534,0001,000000000030000215,1000,VZIREQ04,Condition monitoring intervention,2.000,2026-01-07,CLOSED
PLAN-000515,SESS-000515,1000000535,0001,000000000030000215,1000,VZIREQ05,Statutory inspection rebuild,1.000,2026-06-04,CLOSED
PLAN-000516,SESS-000516,1000000536,0001,000000000030000215,1000,VZIREQ02,Capital project spare,2.000,2026-06-03,OPEN
PLAN-000517,SESS-000517,1000000537,0001,000000000030000216,4000,VZIREQ04,Reliability improvement upgrade,3.000,2026-05-02,OPEN
PLAN-000518,SESS-000518,1000000538,0001,000000000030000216,4000,VZIREQ05,Breakdown replacement,2.000,2026-03-30,CLOSED
PLAN-000519,SESS-000519,1000000539,0001,000000000030000217,4000,VZIREQ03,Condition monitoring intervention,3.000,2026-08-11,OPEN
PLAN-000520,SESS-000520,1000000540,0001,000000000030000217,4000,VZIREQ04,Breakdown replacement,3.000,2026-01-13,OPEN
PLAN-000521,SESS-000521,1000000541,0001,000000000030000217,4000,VZIREQ03,Breakdown replacement,3.000,2026-04-28,OPEN
PLAN-000522,SESS-000522,1000000542,0001,000000000030000217,3000,VZIREQ05,Breakdown replacement,2.000,2026-04-15,CLOSED
PLAN-000523,SESS-000523,1000000543,0001,000000000030000218,1000,VZIREQ03,Reliability improvement upgrade,3.000,2025-11-05,CLOSED
PLAN-000524,SESS-000524,1000000544,0001,000000000030000219,1000,VZIREQ05,Reliability improvement upgrade,3.000,2026-04-30,CLOSED
PLAN-000525,SESS-000525,1000000545,0001,000000000030000219,1000,VZIREQ02,Capital project spare,4.000,2026-05-03,CLOSED
PLAN-000526,SESS-000526,1000000546,0001,000000000030000219,1000,VZIREQ05,Statutory inspection rebuild,3.000,2026-01-12,OPEN
PLAN-000527,SESS-000527,1000000547,0001,000000000030000220,2000,VZIREQ03,Breakdown replacement,4.000,2026-06-17,OPEN
PLAN-000528,SESS-000528,1000000548,0001,000000000030000220,2000,VZIREQ05,Reliability improvement upgrade,1.000,2026-02-21,OPEN
PLAN-000529,SESS-000529,1000000549,0001,000000000030000220,2000,VZIREQ01,Reliability improvement upgrade,2.000,2026-07-28,CLOSED
PLAN-000530,SESS-000530,1000000550,0001,000000000030000221,4000,VZIREQ04,Reliability improvement upgrade,2.000,2026-01-01,CLOSED
PLAN-000531,SESS-000531,1000000551,0001,000000000030000221,4000,VZIREQ04,Capital project spare,3.000,2026-05-29,CLOSED
PLAN-000532,SESS-000532,1000000552,0001,000000000030000222,1000,VZIREQ01,Statutory inspection rebuild,2.000,2026-01-30,CLOSED
PLAN-000533,SESS-000533,1000000553,0001,000000000030000222,2000,VZIREQ04,Planned shutdown replacement,2.000,2026-06-06,OPEN
PLAN-000534,SESS-000534,1000000554,0001,000000000030000222,2000,VZIREQ05,Planned shutdown replacement,1.000,2026-04-23,CLOSED
PLAN-000535,SESS-000535,1000000555,0001,000000000030000222,2000,VZIREQ03,Capital project spare,2.000,2026-06-30,CLOSED
PLAN-000536,SESS-000536,1000000556,0001,000000000030000223,4000,VZIREQ04,Reliability improvement upgrade,2.000,2026-06-02,OPEN
PLAN-000537,SESS-000537,1000000557,0001,000000000030000223,4000,VZIREQ05,Capital project spare,3.000,2026-06-05,CLOSED
PLAN-000538,SESS-000538,1000000558,0001,000000000030000223,4000,VZIREQ04,Planned shutdown replacement,2.000,2026-08-01,CLOSED
PLAN-000539,SESS-000539,1000000559,0001,000000000030000223,3000,VZIREQ01,Capital project spare,4.000,2026-02-14,CLOSED
PLAN-000540,SESS-000540,1000000560,0001,000000000030000224,2000,VZIREQ03,Breakdown replacement,4.000,2026-05-24,OPEN
PLAN-000541,SESS-000541,1000000561,0001,000000000030000224,2000,VZIREQ04,Capital project spare,4.000,2025-11-08,CLOSED
PLAN-000542,SESS-000542,1000000562,0001,000000000030000224,4000,VZIREQ04,Statutory inspection rebuild,4.000,2026-07-31,CLOSED
PLAN-000543,SESS-000543,1000000563,0001,000000000030000224,4000,VZIREQ04,Condition monitoring intervention,4.000,2026-06-10,OPEN
PLAN-000544,SESS-000544,1000000564,0001,000000000030000225,1000,VZIREQ01,Reliability improvement upgrade,3.000,2026-04-15,OPEN
PLAN-000545,SESS-000545,1000000565,0001,000000000030000225,1000,VZIREQ01,Capital project spare,1.000,2026-07-23,OPEN
PLAN-000546,SESS-000546,1000000566,0001,000000000030000225,1000,VZIREQ04,Breakdown replacement,3.000,2026-05-13,CLOSED
PLAN-000547,SESS-000547,1000000567,0001,000000000030000225,4000,VZIREQ02,Planned shutdown replacement,3.000,2026-06-16,OPEN
PLAN-000548,SESS-000548,1000000568,0001,000000000030000225,4000,VZIREQ02,Statutory inspection rebuild,3.000,2026-06-05,CLOSED
PLAN-000549,SESS-000549,1000000569,0001,000000000030000226,1000,VZIREQ05,Capital project spare,1.000,2026-04-29,CLOSED
PLAN-000550,SESS-000550,1000000571,0001,000000000030000226,1000,VZIREQ04,Breakdown replacement,4.000,2026-05-06,OPEN
PLAN-000551,SESS-000551,1000000572,0001,000000000030000227,3000,VZIREQ03,Condition monitoring intervention,1.000,2026-03-23,CLOSED
PLAN-000552,SESS-000552,1000000573,0001,000000000030000227,3000,VZIREQ03,Reliability improvement upgrade,3.000,2026-04-27,CLOSED
PLAN-000553,SESS-000553,1000000574,0001,000000000030000227,3000,VZIREQ05,Planned shutdown replacement,2.000,2025-12-07,CLOSED
PLAN-000554,SESS-000554,1000000575,0001,000000000030000228,2000,VZIREQ04,Reliability improvement upgrade,2.000,2026-07-12,CLOSED
PLAN-000555,SESS-000555,1000000576,0001,000000000030000228,2000,VZIREQ05,Breakdown replacement,2.000,2026-03-19,CLOSED
PLAN-000556,SESS-000556,1000000577,0001,000000000030000229,3000,VZIREQ05,Statutory inspection rebuild,3.000,2026-04-23,OPEN
PLAN-000557,SESS-000557,1000000578,0001,000000000030000230,1000,VZIREQ02,Breakdown replacement,4.000,2026-06-19,OPEN
PLAN-000558,SESS-000558,1000000579,0001,000000000030000230,4000,VZIREQ02,Breakdown replacement,2.000,2026-04-18,CLOSED
PLAN-000559,SESS-000559,1000000580,0001,000000000030000230,4000,VZIREQ04,Breakdown replacement,1.000,2026-07-29,OPEN
PLAN-000560,SESS-000560,1000000581,0001,000000000030000231,1000,VZIREQ01,Capital project spare,3.000,2026-04-26,OPEN
PLAN-000561,SESS-000561,1000000582,0001,000000000030000232,1000,VZIREQ04,Planned shutdown replacement,3.000,2025-11-14,CLOSED
PLAN-000562,SESS-000562,1000000583,0001,000000000030000232,1000,VZIREQ03,Reliability improvement upgrade,1.000,2026-04-08,OPEN
PLAN-000563,SESS-000563,1000000584,0001,000000000030000233,1000,VZIREQ01,Planned shutdown replacement,2.000,2025-12-22,CLOSED
PLAN-000564,SESS-000564,1000000585,0001,000000000030000233,1000,VZIREQ01,Statutory inspection rebuild,1.000,2025-11-16,CLOSED
PLAN-000565,SESS-000565,1000000586,0001,000000000030000233,1000,VZIREQ02,Breakdown replacement,4.000,2026-05-29,OPEN
PLAN-000566,SESS-000566,1000000587,0001,000000000030000234,1000,VZIREQ04,Reliability improvement upgrade,1.000,2025-11-30,CLOSED
PLAN-000567,SESS-000567,1000000588,0001,000000000030000234,1000,VZIREQ05,Breakdown replacement,1.000,2026-05-15,CLOSED
PLAN-000568,SESS-000568,1000000589,0001,000000000030000234,1000,VZIREQ05,Breakdown replacement,2.000,2026-03-10,CLOSED
PLAN-000569,SESS-000569,1000000590,0001,000000000030000235,4000,VZIREQ02,Condition monitoring intervention,1.000,2026-07-24,CLOSED
PLAN-000570,SESS-000570,1000000591,0001,000000000030000235,4000,VZIREQ03,Condition monitoring intervention,4.000,2026-03-19,OPEN
PLAN-000571,SESS-000571,1000000592,0001,000000000030000236,2000,VZIREQ04,Breakdown replacement,1.000,2026-01-17,OPEN
PLAN-000572,SESS-000572,1000000593,0001,000000000030000236,2000,VZIREQ01,Planned shutdown replacement,1.000,2026-08-09,CLOSED
PLAN-000573,SESS-000573,1000000594,0001,000000000030000236,2000,VZIREQ01,Condition monitoring intervention,2.000,2026-06-29,OPEN
PLAN-000574,SESS-000574,1000000595,0001,000000000030000237,2000,VZIREQ01,Breakdown replacement,2.000,2026-05-14,OPEN
PLAN-000575,SESS-000575,1000000596,0001,000000000030000237,2000,VZIREQ01,Condition monitoring intervention,3.000,2026-02-13,OPEN
PLAN-000576,SESS-000576,1000000597,0001,000000000030000238,2000,VZIREQ04,Reliability improvement upgrade,3.000,2026-03-10,CLOSED
PLAN-000577,SESS-000577,1000000598,0001,000000000030000239,1000,VZIREQ02,Breakdown replacement,3.000,2026-02-15,CLOSED
PLAN-000578,SESS-000578,1000000599,0001,000000000030000239,1000,VZIREQ02,Capital project spare,4.000,2026-08-08,CLOSED
PLAN-000579,SESS-000579,1000000600,0001,000000000030000240,3000,VZIREQ04,Condition monitoring intervention,1.000,2026-03-25,CLOSED
PLAN-000580,SESS-000580,1000000601,0001,000000000030000240,3000,VZIREQ02,Condition monitoring intervention,4.000,2025-12-30,CLOSED
PLAN-000581,SESS-000581,1000000602,0001,000000000030000240,3000,VZIREQ03,Breakdown replacement,2.000,2026-07-13,OPEN
PLAN-000582,SESS-000582,1000000603,0001,000000000030000241,4000,VZIREQ04,Breakdown replacement,4.000,2026-04-29,CLOSED
PLAN-000583,SESS-000583,1000000604,0001,000000000030000242,4000,VZIREQ03,Condition monitoring intervention,2.000,2026-08-10,OPEN
PLAN-000584,SESS-000584,1000000605,0001,000000000030000243,1000,VZIREQ03,Capital project spare,2.000,2026-08-04,CLOSED
PLAN-000585,SESS-000585,1000000606,0001,000000000030000243,1000,VZIREQ04,Reliability improvement upgrade,4.000,2026-07-15,CLOSED
PLAN-000586,SESS-000586,1000000608,0001,000000000030000244,4000,VZIREQ03,Reliability improvement upgrade,3.000,2026-01-19,CLOSED
PLAN-000587,SESS-000587,1000000609,0001,000000000030000244,4000,VZIREQ05,Planned shutdown replacement,2.000,2026-06-17,CLOSED
PLAN-000588,SESS-000588,1000000610,0001,000000000030000245,1000,VZIREQ01,Reliability improvement upgrade,4.000,2026-02-13,OPEN
PLAN-000589,SESS-000589,1000000611,0001,000000000030000245,1000,VZIREQ02,Statutory inspection rebuild,3.000,2026-08-07,OPEN
PLAN-000590,SESS-000590,1000000612,0001,000000000030000245,1000,VZIREQ05,Statutory inspection rebuild,4.000,2026-06-03,OPEN
PLAN-000591,SESS-000591,1000000613,0001,000000000030000246,4000,VZIREQ02,Condition monitoring intervention,3.000,2026-01-03,CLOSED
PLAN-000592,SESS-000592,1000000614,0001,000000000030000246,4000,VZIREQ01,Planned shutdown replacement,1.000,2026-02-04,CLOSED
PLAN-000593,SESS-000593,1000000615,0001,000000000030000246,4000,VZIREQ04,Planned shutdown replacement,1.000,2026-08-18,CLOSED
PLAN-000594,SESS-000594,1000000616,0001,000000000030000247,4000,VZIREQ02,Statutory inspection rebuild,4.000,2026-04-12,OPEN
PLAN-000595,SESS-000595,1000000617,0001,000000000030000247,4000,VZIREQ05,Planned shutdown replacement,3.000,2026-02-03,OPEN
PLAN-000596,SESS-000596,1000000618,0001,000000000030000247,4000,VZIREQ01,Planned shutdown replacement,4.000,2026-05-30,CLOSED
PLAN-000597,SESS-000597,1000000619,0001,000000000030000248,4000,VZIREQ03,Breakdown replacement,3.000,2025-12-08,CLOSED
PLAN-000598,SESS-000598,1000000620,0001,000000000030000248,4000,VZIREQ02,Statutory inspection rebuild,4.000,2025-12-11,CLOSED
PLAN-000599,SESS-000599,1000000621,0001,000000000030000248,4000,VZIREQ01,Breakdown replacement,2.000,2026-02-08,CLOSED
PLAN-000600,SESS-000600,1000000622,0001,000000000030000248,2000,VZIREQ04,Capital project spare,2.000,2026-06-19,CLOSED
PLAN-000601,SESS-000601,1000000623,0001,000000000030000248,2000,VZIREQ04,Capital project spare,2.000,2026-02-08,CLOSED
PLAN-000602,SESS-000602,1000000624,0001,000000000030000249,2000,VZIREQ01,Reliability improvement upgrade,2.000,2026-03-23,OPEN
PLAN-000603,SESS-000603,1000000625,0001,000000000030000249,2000,VZIREQ02,Breakdown replacement,1.000,2025-12-29,CLOSED
PLAN-000604,SESS-000604,1000000626,0001,000000000030000249,2000,VZIREQ05,Capital project spare,1.000,2025-11-21,CLOSED
PLAN-000605,SESS-000605,1000000628,0001,000000000030000251,1000,VZIREQ04,Breakdown replacement,2.000,2026-06-08,CLOSED
PLAN-000606,SESS-000606,1000000629,0001,000000000030000252,1000,VZIREQ02,Breakdown replacement,2.000,2026-07-29,CLOSED
PLAN-000607,SESS-000607,1000000631,0001,000000000030000253,3000,VZIREQ01,Capital project spare,1.000,2026-08-29,CLOSED
PLAN-000608,SESS-000608,1000000632,0001,000000000030000253,3000,VZIREQ04,Planned shutdown replacement,2.000,2026-05-01,CLOSED
PLAN-000609,SESS-000609,1000000633,0001,000000000030000254,3000,VZIREQ04,Condition monitoring intervention,4.000,2026-03-24,OPEN
PLAN-000610,SESS-000610,1000000634,0001,000000000030000254,3000,VZIREQ01,Capital project spare,2.000,2026-05-01,OPEN
PLAN-000611,SESS-000611,1000000635,0001,000000000030000255,1000,VZIREQ03,Breakdown replacement,2.000,2026-03-10,OPEN
PLAN-000612,SESS-000612,1000000636,0001,000000000030000256,3000,VZIREQ04,Planned shutdown replacement,1.000,2026-05-30,OPEN
PLAN-000613,SESS-000613,1000000637,0001,000000000030000256,3000,VZIREQ02,Reliability improvement upgrade,3.000,2026-03-30,CLOSED
PLAN-000614,SESS-000614,1000000638,0001,000000000030000257,2000,VZIREQ01,Breakdown replacement,3.000,2026-03-22,OPEN
PLAN-000615,SESS-000615,1000000639,0001,000000000030000257,3000,VZIREQ05,Capital project spare,4.000,2026-03-30,CLOSED
PLAN-000616,SESS-000616,1000000640,0001,000000000030000257,3000,VZIREQ04,Statutory inspection rebuild,2.000,2025-12-31,CLOSED
PLAN-000617,SESS-000617,1000000641,0001,000000000030000257,3000,VZIREQ02,Reliability improvement upgrade,2.000,2026-04-18,CLOSED
PLAN-000618,SESS-000618,1000000642,0001,000000000030000258,2000,VZIREQ01,Reliability improvement upgrade,2.000,2026-07-29,CLOSED
PLAN-000619,SESS-000619,1000000643,0001,000000000030000258,2000,VZIREQ02,Capital project spare,4.000,2025-12-09,CLOSED
PLAN-000620,SESS-000620,1000000644,0001,000000000030000259,1000,VZIREQ02,Reliability improvement upgrade,3.000,2026-04-05,CLOSED
PLAN-000621,SESS-000621,1000000645,0001,000000000030000259,1000,VZIREQ01,Capital project spare,4.000,2026-01-15,CLOSED
PLAN-000622,SESS-000622,1000000646,0001,000000000030000259,1000,VZIREQ05,Condition monitoring intervention,3.000,2026-01-28,OPEN
PLAN-000623,SESS-000623,1000000647,0001,000000000030000260,3000,VZIREQ04,Condition monitoring intervention,2.000,2026-03-28,OPEN
PLAN-000624,SESS-000624,1000000648,0001,000000000030000261,2000,VZIREQ02,Reliability improvement upgrade,3.000,2026-07-03,OPEN
PLAN-000625,SESS-000625,1000000649,0001,000000000030000261,2000,VZIREQ03,Reliability improvement upgrade,2.000,2026-04-22,OPEN
PLAN-000626,SESS-000626,1000000650,0001,000000000030000262,2000,VZIREQ02,Statutory inspection rebuild,3.000,2026-05-03,CLOSED
PLAN-000627,SESS-000627,1000000651,0001,000000000030000262,2000,VZIREQ04,Breakdown replacement,3.000,2026-09-06,CLOSED
PLAN-000628,SESS-000628,1000000653,0001,000000000030000264,4000,VZIREQ01,Statutory inspection rebuild,1.000,2026-08-27,CLOSED
PLAN-000629,SESS-000629,1000000654,0001,000000000030000264,4000,VZIREQ01,Breakdown replacement,1.000,2026-07-22,OPEN
PLAN-000630,SESS-000630,1000000655,0001,000000000030000264,4000,VZIREQ03,Condition monitoring intervention,2.000,2026-07-23,CLOSED
PLAN-000631,SESS-000631,1000000656,0001,000000000030000265,4000,VZIREQ05,Statutory inspection rebuild,3.000,2026-06-24,CLOSED
PLAN-000632,SESS-000632,1000000657,0001,000000000030000265,4000,VZIREQ03,Breakdown replacement,3.000,2025-12-30,OPEN
PLAN-000633,SESS-000633,1000000659,0001,000000000030000267,4000,VZIREQ05,Planned shutdown replacement,1.000,2026-04-16,CLOSED
PLAN-000634,SESS-000634,1000000660,0001,000000000030000267,4000,VZIREQ05,Breakdown replacement,4.000,2025-11-22,CLOSED
PLAN-000635,SESS-000635,1000000661,0001,000000000030000268,3000,VZIREQ04,Statutory inspection rebuild,1.000,2026-07-24,OPEN
PLAN-000636,SESS-000636,1000000662,0001,000000000030000268,3000,VZIREQ03,Condition monitoring intervention,2.000,2026-03-16,CLOSED
PLAN-000637,SESS-000637,1000000663,0001,000000000030000268,3000,VZIREQ02,Reliability improvement upgrade,2.000,2026-05-13,OPEN
PLAN-000638,SESS-000638,1000000664,0001,000000000030000268,1000,VZIREQ03,Capital project spare,1.000,2026-07-05,OPEN
PLAN-000639,SESS-000639,1000000665,0001,000000000030000268,1000,VZIREQ03,Planned shutdown replacement,2.000,2026-01-03,CLOSED
PLAN-000640,SESS-000640,1000000666,0001,000000000030000269,3000,VZIREQ01,Planned shutdown replacement,3.000,2026-07-29,CLOSED
PLAN-000641,SESS-000641,1000000667,0001,000000000030000269,3000,VZIREQ01,Planned shutdown replacement,1.000,2026-07-07,OPEN
PLAN-000642,SESS-000642,1000000668,0001,000000000030000270,4000,VZIREQ03,Breakdown replacement,2.000,2026-04-19,CLOSED
PLAN-000643,SESS-000643,1000000669,0001,000000000030000270,4000,VZIREQ04,Planned shutdown replacement,3.000,2025-11-05,CLOSED
PLAN-000644,SESS-000644,1000000670,0001,000000000030000271,4000,VZIREQ01,Condition monitoring intervention,4.000,2026-02-01,CLOSED
PLAN-000645,SESS-000645,1000000671,0001,000000000030000272,1000,VZIREQ03,Capital project spare,3.000,2026-03-02,CLOSED
PLAN-000646,SESS-000646,1000000672,0001,000000000030000272,1000,VZIREQ03,Condition monitoring intervention,2.000,2026-07-06,OPEN
PLAN-000647,SESS-000647,1000000673,0001,000000000030000273,4000,VZIREQ05,Condition monitoring intervention,4.000,2026-09-16,OPEN
PLAN-000648,SESS-000648,1000000674,0001,000000000030000274,1000,VZIREQ05,Statutory inspection rebuild,1.000,2026-06-08,CLOSED
PLAN-000649,SESS-000649,1000000675,0001,000000000030000274,1000,VZIREQ02,Statutory inspection rebuild,4.000,2026-08-26,CLOSED
PLAN-000650,SESS-000650,1000000676,0001,000000000030000275,1000,VZIREQ01,Statutory inspection rebuild,3.000,2026-01-25,OPEN
PLAN-000651,SESS-000651,1000000677,0001,000000000030000276,4000,VZIREQ03,Statutory inspection rebuild,1.000,2025-12-03,CLOSED
PLAN-000652,SESS-000652,1000000678,0001,000000000030000277,4000,VZIREQ05,Condition monitoring intervention,3.000,2025-12-23,CLOSED
PLAN-000653,SESS-000653,1000000679,0001,000000000030000277,3000,VZIREQ04,Planned shutdown replacement,3.000,2026-02-13,CLOSED
PLAN-000654,SESS-000654,1000000681,0001,000000000030000278,3000,VZIREQ02,Capital project spare,4.000,2025-12-16,CLOSED
PLAN-000655,SESS-000655,1000000682,0001,000000000030000279,2000,VZIREQ03,Statutory inspection rebuild,2.000,2026-08-24,CLOSED
PLAN-000656,SESS-000656,1000000683,0001,000000000030000280,2000,VZIREQ03,Breakdown replacement,3.000,2026-05-02,OPEN
PLAN-000657,SESS-000657,1000000684,0001,000000000030000280,2000,VZIREQ04,Planned shutdown replacement,2.000,2026-05-10,OPEN
PLAN-000658,SESS-000658,1000000685,0001,000000000030000281,3000,VZIREQ05,Planned shutdown replacement,1.000,2026-03-29,OPEN
PLAN-000659,SESS-000659,1000000686,0001,000000000030000282,1000,VZIREQ05,Condition monitoring intervention,2.000,2025-12-15,CLOSED
PLAN-000660,SESS-000660,1000000687,0001,000000000030000282,1000,VZIREQ04,Breakdown replacement,1.000,2026-06-16,OPEN
PLAN-000661,SESS-000661,1000000688,0001,000000000030000282,1000,VZIREQ04,Reliability improvement upgrade,2.000,2026-08-13,OPEN
PLAN-000662,SESS-000662,1000000689,0001,000000000030000283,3000,VZIREQ01,Condition monitoring intervention,2.000,2026-04-27,CLOSED
PLAN-000663,SESS-000663,1000000690,0001,000000000030000283,3000,VZIREQ05,Reliability improvement upgrade,2.000,2026-02-28,CLOSED
PLAN-000664,SESS-000664,1000000691,0001,000000000030000283,3000,VZIREQ01,Statutory inspection rebuild,4.000,2026-05-25,CLOSED
PLAN-000665,SESS-000665,1000000692,0001,000000000030000283,1000,VZIREQ02,Capital project spare,2.000,2025-11-23,OPEN
PLAN-000666,SESS-000666,1000000693,0001,000000000030000283,1000,VZIREQ03,Statutory inspection rebuild,4.000,2026-01-04,CLOSED
PLAN-000667,SESS-000667,1000000695,0001,000000000030000284,3000,VZIREQ03,Reliability improvement upgrade,1.000,2026-03-27,CLOSED
PLAN-000668,SESS-000668,1000000696,0001,000000000030000284,2000,VZIREQ03,Planned shutdown replacement,3.000,2026-08-06,CLOSED
PLAN-000669,SESS-000669,1000000697,0001,000000000030000284,2000,VZIREQ03,Condition monitoring intervention,2.000,2026-03-27,CLOSED
PLAN-000670,SESS-000670,1000000698,0001,000000000030000284,2000,VZIREQ04,Planned shutdown replacement,3.000,2026-05-29,OPEN
PLAN-000671,SESS-000671,1000000699,0001,000000000030000285,4000,VZIREQ02,Capital project spare,3.000,2026-02-26,OPEN
PLAN-000672,SESS-000672,1000000700,0001,000000000030000286,1000,VZIREQ03,Statutory inspection rebuild,1.000,2026-06-27,CLOSED
PLAN-000673,SESS-000673,1000000702,0001,000000000030000286,1000,VZIREQ03,Reliability improvement upgrade,4.000,2026-03-10,OPEN
PLAN-000674,SESS-000674,1000000703,0001,000000000030000286,4000,VZIREQ02,Planned shutdown replacement,1.000,2026-08-30,CLOSED
PLAN-000675,SESS-000675,1000000704,0001,000000000030000286,4000,VZIREQ05,Capital project spare,4.000,2026-01-23,CLOSED
PLAN-000676,SESS-000676,1000000705,0001,000000000030000286,4000,VZIREQ04,Condition monitoring intervention,1.000,2026-03-18,CLOSED
PLAN-000677,SESS-000677,1000000706,0001,000000000030000287,4000,VZIREQ05,Breakdown replacement,4.000,2025-12-16,CLOSED
PLAN-000678,SESS-000678,1000000707,0001,000000000030000287,4000,VZIREQ01,Statutory inspection rebuild,3.000,2025-11-18,OPEN
PLAN-000679,SESS-000679,1000000708,0001,000000000030000288,2000,VZIREQ02,Reliability improvement upgrade,2.000,2025-12-29,CLOSED
PLAN-000680,SESS-000680,1000000709,0001,000000000030000288,3000,VZIREQ05,Breakdown replacement,1.000,2026-02-17,CLOSED
PLAN-000681,SESS-000681,1000000710,0001,000000000030000289,4000,VZIREQ01,Breakdown replacement,2.000,2026-03-25,OPEN
PLAN-000682,SESS-000682,1000000711,0001,000000000030000290,4000,VZIREQ03,Capital project spare,4.000,2026-05-03,CLOSED
PLAN-000683,SESS-000683,1000000712,0001,000000000030000290,4000,VZIREQ03,Planned shutdown replacement,4.000,2026-04-30,CLOSED
PLAN-000684,SESS-000684,1000000713,0001,000000000030000291,4000,VZIREQ05,Condition monitoring intervention,4.000,2026-07-17,OPEN
PLAN-000685,SESS-000685,1000000714,0001,000000000030000291,1000,VZIREQ03,Capital project spare,4.000,2026-02-01,CLOSED
PLAN-000686,SESS-000686,1000000715,0001,000000000030000291,1000,VZIREQ05,Condition monitoring intervention,4.000,2026-08-05,CLOSED
PLAN-000687,SESS-000687,1000000716,0001,000000000030000291,1000,VZIREQ01,Planned shutdown replacement,3.000,2026-01-21,CLOSED
PLAN-000688,SESS-000688,1000000717,0001,000000000030000292,3000,VZIREQ05,Reliability improvement upgrade,2.000,2026-08-29,CLOSED
PLAN-000689,SESS-000689,1000000718,0001,000000000030000292,3000,VZIREQ04,Reliability improvement upgrade,2.000,2026-07-03,CLOSED
PLAN-000690,SESS-000690,1000000720,0001,000000000030000293,2000,VZIREQ03,Breakdown replacement,1.000,2026-03-02,CLOSED
PLAN-000691,SESS-000691,1000000722,0001,000000000030000293,3000,VZIREQ04,Planned shutdown replacement,4.000,2025-12-17,CLOSED
PLAN-000692,SESS-000692,1000000723,0001,000000000030000293,3000,VZIREQ05,Statutory inspection rebuild,3.000,2026-07-25,CLOSED
PLAN-000693,SESS-000693,1000000724,0001,000000000030000293,3000,VZIREQ04,Condition monitoring intervention,2.000,2025-12-23,CLOSED
PLAN-000694,SESS-000694,1000000725,0001,000000000030000294,2000,VZIREQ01,Reliability improvement upgrade,4.000,2026-01-19,OPEN
PLAN-000695,SESS-000695,1000000726,0001,000000000030000294,2000,VZIREQ05,Breakdown replacement,3.000,2026-07-13,OPEN
PLAN-000696,SESS-000696,1000000727,0001,000000000030000294,2000,VZIREQ04,Capital project spare,1.000,2026-07-14,OPEN
PLAN-000697,SESS-000697,1000000729,0001,000000000030000294,1000,VZIREQ02,Capital project spare,2.000,2026-06-01,OPEN
PLAN-000698,SESS-000698,1000000730,0001,000000000030000295,3000,VZIREQ02,Capital project spare,2.000,2026-05-03,OPEN
PLAN-000699,SESS-000699,1000000731,0001,000000000030000295,3000,VZIREQ03,Breakdown replacement,4.000,2026-06-24,OPEN
PLAN-000700,SESS-000700,1000000732,0001,000000000030000296,3000,VZIREQ04,Breakdown replacement,2.000,2026-07-18,CLOSED
PLAN-000701,SESS-000701,1000000733,0001,000000000030000296,3000,VZIREQ02,Condition monitoring intervention,4.000,2026-05-09,CLOSED
PLAN-000702,SESS-000702,1000000734,0001,000000000030000297,3000,VZIREQ03,Planned shutdown replacement,3.000,2026-05-20,OPEN
PLAN-000703,SESS-000703,1000000735,0001,000000000030000297,3000,VZIREQ04,Statutory inspection rebuild,1.000,2026-05-16,OPEN
PLAN-000704,SESS-000704,1000000736,0001,000000000030000298,1000,VZIREQ02,Condition monitoring intervention,1.000,2026-07-09,CLOSED
PLAN-000705,SESS-000705,1000000737,0001,000000000030000299,2000,VZIREQ03,Breakdown replacement,4.000,2026-06-05,OPEN
PLAN-000706,SESS-000706,1000000738,0001,000000000030000299,2000,VZIREQ05,Condition monitoring intervention,1.000,2026-04-07,CLOSED
PLAN-000707,SESS-000707,1000000739,0001,000000000030000299,2000,VZIREQ01,Condition monitoring intervention,1.000,2026-06-17,OPEN
PLAN-000708,SESS-000708,1000000740,0001,000000000030000300,3000,VZIREQ02,Reliability improvement upgrade,4.000,2026-05-02,OPEN
PLAN-000709,SESS-000709,1000000741,0001,000000000030000300,3000,VZIREQ01,Reliability improvement upgrade,2.000,2026-06-11,OPEN
PLAN-000710,SESS-000710,1000000742,0001,000000000030000301,2000,VZIREQ02,Statutory inspection rebuild,3.000,2026-04-20,CLOSED
PLAN-000711,SESS-000711,1000000743,0001,000000000030000301,4000,VZIREQ05,Breakdown replacement,2.000,2026-03-06,CLOSED
PLAN-000712,SESS-000712,1000000744,0001,000000000030000301,4000,VZIREQ05,Reliability improvement upgrade,1.000,2025-12-11,CLOSED
PLAN-000713,SESS-000713,1000000746,0001,000000000030000302,1000,VZIREQ04,Planned shutdown replacement,4.000,2026-04-10,CLOSED
PLAN-000714,SESS-000714,1000000747,0001,000000000030000302,1000,VZIREQ01,Breakdown replacement,3.000,2026-01-06,OPEN
PLAN-000715,SESS-000715,1000000748,0001,000000000030000303,4000,VZIREQ02,Condition monitoring intervention,4.000,2026-01-12,CLOSED
PLAN-000716,SESS-000716,1000000749,0001,000000000030000303,4000,VZIREQ02,Planned shutdown replacement,3.000,2026-02-05,CLOSED
PLAN-000717,SESS-000717,1000000750,0001,000000000030000303,4000,VZIREQ01,Planned shutdown replacement,1.000,2026-05-08,CLOSED
PLAN-000718,SESS-000718,1000000751,0001,000000000030000304,2000,VZIREQ05,Reliability improvement upgrade,2.000,2026-07-14,OPEN
PLAN-000719,SESS-000719,1000000752,0001,000000000030000304,2000,VZIREQ02,Breakdown replacement,4.000,2026-07-04,OPEN
PLAN-000720,SESS-000720,1000000753,0001,000000000030000305,3000,VZIREQ05,Planned shutdown replacement,1.000,2026-06-15,OPEN
PLAN-000721,SESS-000721,1000000754,0001,000000000030000305,3000,VZIREQ05,Statutory inspection rebuild,1.000,2026-06-29,OPEN
PLAN-000722,SESS-000722,1000000755,0001,000000000030000306,2000,VZIREQ04,Planned shutdown replacement,1.000,2026-03-27,CLOSED
PLAN-000723,SESS-000723,1000000757,0001,000000000030000307,2000,VZIREQ04,Condition monitoring intervention,4.000,2026-06-22,CLOSED
PLAN-000724,SESS-000724,1000000758,0001,000000000030000307,2000,VZIREQ01,Breakdown replacement,1.000,2025-12-15,CLOSED
PLAN-000725,SESS-000725,1000000759,0001,000000000030000308,1000,VZIREQ02,Capital project spare,4.000,2026-02-22,OPEN
PLAN-000726,SESS-000726,1000000760,0001,000000000030000308,1000,VZIREQ04,Planned shutdown replacement,2.000,2026-03-24,CLOSED
PLAN-000727,SESS-000727,1000000761,0001,000000000030000308,3000,VZIREQ04,Statutory inspection rebuild,1.000,2026-04-27,CLOSED
PLAN-000728,SESS-000728,1000000762,0001,000000000030000308,3000,VZIREQ05,Planned shutdown replacement,1.000,2026-06-01,CLOSED
PLAN-000729,SESS-000729,1000000763,0001,000000000030000309,2000,VZIREQ02,Reliability improvement upgrade,3.000,2026-01-01,CLOSED
PLAN-000730,SESS-000730,1000000764,0001,000000000030000310,3000,VZIREQ03,Breakdown replacement,4.000,2026-07-29,CLOSED
PLAN-000731,SESS-000731,1000000765,0001,000000000030000310,3000,VZIREQ03,Capital project spare,2.000,2026-03-07,CLOSED
PLAN-000732,SESS-000732,1000000766,0001,000000000030000310,3000,VZIREQ04,Statutory inspection rebuild,3.000,2026-04-28,CLOSED
PLAN-000733,SESS-000733,1000000767,0001,000000000030000311,4000,VZIREQ04,Planned shutdown replacement,2.000,2026-01-06,CLOSED
PLAN-000734,SESS-000734,1000000768,0001,000000000030000311,4000,VZIREQ05,Condition monitoring intervention,2.000,2026-02-07,CLOSED
PLAN-000735,SESS-000735,1000000769,0001,000000000030000312,2000,VZIREQ01,Capital project spare,1.000,2025-12-19,CLOSED
PLAN-000736,SESS-000736,1000000770,0001,000000000030000312,2000,VZIREQ03,Statutory inspection rebuild,4.000,2026-03-23,OPEN
PLAN-000737,SESS-000737,1000000771,0001,000000000030000312,3000,VZIREQ01,Condition monitoring intervention,2.000,2026-03-19,CLOSED
PLAN-000738,SESS-000738,1000000773,0001,000000000030000312,3000,VZIREQ03,Statutory inspection rebuild,3.000,2026-01-27,OPEN
PLAN-000739,SESS-000739,1000000774,0001,000000000030000313,1000,VZIREQ04,Statutory inspection rebuild,4.000,2026-05-28,CLOSED
PLAN-000740,SESS-000740,1000000775,0001,000000000030000313,1000,VZIREQ03,Condition monitoring intervention,1.000,2026-07-10,OPEN
PLAN-000741,SESS-000741,1000000776,0001,000000000030000314,4000,VZIREQ02,Statutory inspection rebuild,3.000,2026-04-30,CLOSED
PLAN-000742,SESS-000742,1000000777,0001,000000000030000315,2000,VZIREQ04,Planned shutdown replacement,4.000,2026-05-31,OPEN
