case_id,Matnr,Werks,repair_pr,repair_po,repair_po_item,session_id,attestation_id,stage,removed_on,expected_back_on,returned_on,overdue,vendor_turnaround_days,notes
RPR-000001,000000000080000000,3000,2000008540,4500008485,00010,SESS-000743,ATT-000001,BACK_IN_STOCK,2026-06-30,2026-08-19,2026-08-23,false,44,Repair vendor Springbok Rewind Services (Pty) Ltd.
RPR-000002,000000000080000001,1000,2000008541,4500008486,00010,SESS-000744,ATT-000002,BACK_IN_STOCK,2026-03-19,2026-06-13,2026-07-06,false,99,Repair vendor Copperton Gearbox Refurbishment (Pt.
RPR-000003,000000000080000001,4000,2000008542,4500008487,00010,SESS-000745,ATT-000003,IN_REPAIR,2026-08-07,2026-10-09,,false,,Repair vendor Springbok Mechanical Repair Works (.
RPR-000004,000000000080000002,3000,2000008543,4500008488,00010,SESS-000746,ATT-000004,OVERDUE,2026-04-22,2026-06-11,,true,,Repair vendor Springbok Rewind Services (Pty) Ltd.
RPR-000005,000000000080000003,4000,2000008544,4500008489,00010,SESS-000747,,EXPECTED_BACK,2026-07-05,2026-09-13,,false,,Repair vendor Springbok Rewind Services (Pty) Ltd.
RPR-000006,000000000080000004,2000,2000008545,4500008490,00010,SESS-000748,ATT-000005,OVERDUE,2026-04-28,2026-06-29,,true,,Repair vendor Aggeneys Rotating Equipment Service.
RPR-000007,000000000080000005,4000,2000008546,4500008491,00010,SESS-000749,ATT-000006,IN_REPAIR,2026-07-31,2026-10-30,,false,,Repair vendor Copperton Gearbox Refurbishment (Pt.
RPR-000008,000000000080000005,2000,2000008547,4500008492,00010,SESS-000750,ATT-000007,IN_REPAIR,2026-08-27,2026-09-26,,false,,Repair vendor Orange River Hydraulic Service Cent.
RPR-000009,000000000080000006,2000,2000008548,4500008493,00010,SESS-000751,ATT-000008,OVERDUE,2026-06-08,2026-08-25,,true,,Repair vendor Copperton Gearbox Refurbishment (Pt.
RPR-000010,000000000080000007,1000,2000008549,4500008494,00010,SESS-000752,ATT-000009,RETURNED,2026-05-08,2026-07-20,2026-08-02,false,78,Repair vendor Namaqua Hydraulic Service Centre (P.
RPR-000011,000000000080000009,1000,2000008550,4500008495,00010,SESS-000753,ATT-000010,EXPECTED_BACK,2026-07-15,2026-09-08,,false,,Repair vendor Springbok Rewind Services (Pty) Ltd.
RPR-000012,000000000080000009,4000,2000008551,4500008496,00010,SESS-000754,ATT-000011,EXPECTED_BACK,2026-06-26,2026-09-10,,false,,Repair vendor Namaqua Hydraulic Service Centre (P.
RPR-000013,000000000080000010,3000,2000008552,4500008497,00010,SESS-000755,ATT-000012,BACK_IN_STOCK,2026-04-16,2026-05-25,2026-05-27,false,32,Repair vendor Orange River Hydraulic Service Cent.
RPR-000014,000000000080000011,2000,2000008553,4500008498,00010,SESS-000756,ATT-000013,BACK_IN_STOCK,2025-12-26,2026-03-14,2026-03-18,false,70,Repair vendor Springbok Mechanical Repair Works (.
RPR-000015,000000000080000012,3000,2000008554,4500008499,00010,SESS-000757,,RETURNED,2026-02-21,2026-05-06,2026-05-11,false,66,Repair vendor Aggeneys Rotating Equipment Service.
RPR-000016,000000000080000013,3000,,,,SESS-000758,,NEW_PURCHASE_INSTEAD,,,,false,,New purchase on 4500008500 while a repairable unit was on hand.
RPR-000017,000000000080000015,3000,2000008556,4500008501,00010,SESS-000759,,IN_REPAIR,2026-07-16,2026-10-02,,false,,Repair vendor Namaqua Mechanical Repair Works (Pt.
RPR-000018,000000000080000016,1000,2000008557,4500008502,00010,SESS-000760,ATT-000014,EXPECTED_BACK,2026-07-18,2026-09-13,,false,,Repair vendor Kalahari Rotating Equipment Service.
RPR-000019,000000000080000016,2000,,,,SESS-000761,,NEW_PURCHASE_INSTEAD,,,,false,,New purchase on 4500008503 while a repairable unit was on hand.
RPR-000020,000000000080000017,2000,2000008559,4500008504,00010,SESS-000762,,IN_REPAIR,2026-08-26,2026-11-08,,false,,Repair vendor Prieska Mechanical Repair Works (Pt.
RPR-000021,000000000080000017,3000,2000008560,4500008505,00010,SESS-000763,ATT-000015,IN_REPAIR,2026-08-13,2026-11-03,,false,,Repair vendor Namaqua Hydraulic Service Centre (P.
RPR-000022,000000000080000018,4000,2000008561,4500008506,00010,SESS-000764,ATT-000016,BACK_IN_STOCK,2026-03-13,2026-05-01,2026-05-15,false,56,Repair vendor Namaqua Hydraulic Service Centre (P.
RPR-000023,000000000080000018,3000,2000008562,4500008507,00010,SESS-000765,ATT-000017,OVERDUE,2026-06-19,2026-08-19,,true,,Repair vendor Springbok Rewind Services (Pty) Ltd.
RPR-000024,000000000080000019,2000,,,,SESS-000766,,NEW_PURCHASE_INSTEAD,,,,false,,New purchase on 4500008508 while a repairable unit was on hand.
RPR-000025,000000000080000020,3000,,,,SESS-000767,,NEW_PURCHASE_INSTEAD,,,,false,,New purchase on 4500008509 while a repairable unit was on hand.
RPR-000026,000000000080000020,1000,2000008565,4500008510,00010,SESS-000768,ATT-000018,BACK_IN_STOCK,2026-04-25,2026-06-09,2026-06-23,false,47,Repair vendor Kalahari Rotating Equipment Service.
RPR-000027,000000000080000021,2000,2000008566,4500008511,00010,SESS-000769,,OVERDUE,2026-04-23,2026-06-17,,true,,Repair vendor Namaqua Mechanical Repair Works (Pt.
RPR-000028,000000000080000021,3000,2000008567,4500008512,00010,SESS-000770,,BACK_IN_STOCK,2026-02-19,2026-05-03,2026-05-07,false,70,Repair vendor Springbok Hydraulic Service Centre .
RPR-000029,000000000080000022,3000,2000008568,4500008513,00010,SESS-000771,ATT-000019,EXPECTED_BACK,2026-06-29,2026-09-09,,false,,Repair vendor Springbok Mechanical Repair Works (.
RPR-000030,000000000080000023,3000,2000008569,4500008514,00010,SESS-000772,,EXPECTED_BACK,2026-06-28,2026-09-09,,false,,Repair vendor Orange River Hydraulic Service Cent.
RPR-000031,000000000080000024,2000,2000008570,4500008515,00010,SESS-000773,,BACK_IN_STOCK,2026-04-20,2026-06-03,2026-06-10,false,42,Repair vendor Namaqua Hydraulic Service Centre (P.
RPR-000032,000000000080000025,3000,2000008571,4500008516,00010,SESS-000774,,EXPECTED_BACK,2026-07-23,2026-09-14,,false,,Repair vendor Springbok Rewind Services (Pty) Ltd.
RPR-000033,000000000080000025,4000,2000008572,4500008517,00010,SESS-000775,,BACK_IN_STOCK,2026-01-02,2026-02-22,2026-02-28,false,48,Repair vendor Namaqua Hydraulic Service Centre (P.
RPR-000034,000000000080000026,2000,2000008573,4500008518,00010,SESS-000776,ATT-000020,EXPECTED_BACK,2026-06-07,2026-09-11,,false,,Repair vendor Namaqua Hydraulic Service Centre (P.
RPR-000035,000000000080000027,1000,2000008574,4500008519,00010,SESS-000777,ATT-000021,RETURNED,2026-02-23,2026-04-13,2026-04-22,false,52,Repair vendor Springbok Mechanical Repair Works (.
RPR-000036,000000000080000029,4000,2000008575,4500008520,00010,SESS-000778,,EXPECTED_BACK,2026-08-01,2026-09-07,,false,,Repair vendor Namaqua Hydraulic Service Centre (P.
RPR-000037,000000000080000030,1000,2000008576,4500008521,00010,SESS-000779,ATT-000022,RETURNED,2026-04-20,2026-06-09,2026-06-12,false,48,Repair vendor Orange River Gearbox Refurbishment .
RPR-000038,000000000080000031,1000,2000008577,4500008522,00010,SESS-000780,ATT-000023,IN_REPAIR,2026-08-25,2026-10-19,,false,,Repair vendor Kalahari Rotating Equipment Service.
RPR-000039,000000000080000032,1000,,,,SESS-000781,,NEW_PURCHASE_INSTEAD,,,,false,,New purchase on 4500008523 while a repairable unit was on hand.
RPR-000040,000000000080000033,4000,2000008579,4500008524,00010,SESS-000782,ATT-000024,OVERDUE,2026-07-02,2026-08-10,,true,,Repair vendor Kalahari Rotating Equipment Service.
RPR-000041,000000000080000034,1000,2000008580,4500008525,00010,SESS-000783,,OVERDUE,2026-05-21,2026-07-29,,true,,Repair vendor Springbok Rewind Services (Pty) Ltd.
RPR-000042,000000000080000035,4000,2000008581,4500008526,00010,SESS-000784,ATT-000025,BACK_IN_STOCK,2026-05-12,2026-08-12,2026-08-20,false,88,Repair vendor Gariep Hydraulic Service Centre (Pt.
RPR-000043,000000000080000035,2000,2000008582,4500008527,00010,SESS-000785,ATT-000026,RETURNED,2025-10-17,2026-01-19,2026-02-10,false,108,Repair vendor Copperton Gearbox Refurbishment (Pt.
RPR-000044,000000000080000036,3000,2000008583,4500008528,00010,SESS-000786,ATT-000027,IN_REPAIR,2026-08-25,2026-09-20,,false,,Repair vendor Prieska Mechanical Repair Works (Pt.
RPR-000045,000000000080000037,2000,2000008584,4500008529,00010,SESS-000787,ATT-000028,OVERDUE,2026-06-11,2026-08-18,,true,,Repair vendor Springbok Hydraulic Service Centre .
RPR-000046,000000000080000037,1000,2000008585,4500008530,00010,SESS-000788,,OVERDUE,2026-05-14,2026-08-01,,true,,Repair vendor Copperton Gearbox Refurbishment (Pt.
RPR-000047,000000000080000038,3000,,,,SESS-000789,,NEW_PURCHASE_INSTEAD,,,,false,,New purchase on 4500008531 while a repairable unit was on hand.
RPR-000048,000000000080000039,1000,,,,SESS-000790,,NEW_PURCHASE_INSTEAD,,,,false,,New purchase on 4500008532 while a repairable unit was on hand.
RPR-000049,000000000080000039,4000,2000008588,4500008533,00010,SESS-000791,ATT-000029,RETURNED,2026-04-24,2026-07-13,2026-08-01,false,90,Repair vendor Orange River Hydraulic Service Cent.
RPR-000050,000000000080000040,1000,2000008589,4500008534,00010,SESS-000792,ATT-000030,OVERDUE,2026-05-24,2026-07-03,,true,,Repair vendor Kalahari Rotating Equipment Service.
RPR-000051,000000000080000041,1000,2000008590,4500008535,00010,SESS-000793,ATT-000031,OVERDUE,2026-05-20,2026-07-03,,true,,Repair vendor Namaqua Hydraulic Service Centre (P.
RPR-000052,000000000080000041,4000,2000008591,4500008536,00010,SESS-000794,ATT-000032,RETURNED,2025-11-26,2026-01-16,2026-01-21,false,49,Repair vendor Kalahari Rotating Equipment Service.
RPR-000053,000000000080000042,1000,2000008592,4500008537,00010,SESS-000795,,RETURNED,2025-10-28,2026-01-30,2026-02-16,false,103,Repair vendor Namaqua Hydraulic Service Centre (P.
RPR-000054,000000000080000043,4000,2000008593,4500008538,00010,SESS-000796,ATT-000033,EXPECTED_BACK,2026-07-02,2026-09-13,,false,,Repair vendor Orange River Gearbox Refurbishment .
RPR-000055,000000000080000044,1000,2000008594,4500008539,00010,SESS-000797,ATT-000034,IN_REPAIR,2026-08-25,2026-09-23,,false,,Repair vendor Springbok Mechanical Repair Works (.
RPR-000056,000000000080000045,4000,2000008595,4500008540,00010,SESS-000798,ATT-000035,IN_REPAIR,2026-08-05,2026-10-13,,false,,Repair vendor Orange River Gearbox Refurbishment .
RPR-000057,000000000080000046,4000,2000008596,4500008541,00010,SESS-000799,ATT-000036,EXPECTED_BACK,2026-07-19,2026-09-07,,false,,Repair vendor Copperton Gearbox Refurbishment (Pt.
RPR-000058,000000000080000047,2000,2000008597,4500008542,00010,SESS-000800,ATT-000037,BACK_IN_STOCK,2026-05-19,2026-06-21,2026-06-25,false,34,Repair vendor Gariep Hydraulic Service Centre (Pt.
RPR-000059,000000000080000048,3000,,,,SESS-000801,,NEW_PURCHASE_INSTEAD,,,,false,,New purchase on 4500008543 while a repairable unit was on hand.
RPR-000060,000000000080000049,4000,2000008599,4500008544,00010,SESS-000802,ATT-000038,OVERDUE,2026-05-26,2026-06-28,,true,,Repair vendor Namaqua Hydraulic Service Centre (P.
RPR-000061,000000000080000050,2000,2000008600,4500008545,00010,SESS-000803,ATT-000039,IN_REPAIR,2026-07-25,2026-10-28,,false,,Repair vendor Namaqua Mechanical Repair Works (Pt.
RPR-000062,000000000080000051,4000,2000008601,4500008546,00010,SESS-000804,ATT-000040,BACK_IN_STOCK,2026-03-22,2026-05-25,2026-05-28,false,59,Repair vendor Kalahari Rotating Equipment Service.
RPR-000063,000000000080000052,3000,2000008602,4500008547,00010,SESS-000805,ATT-000041,EXPECTED_BACK,2026-06-12,2026-09-09,,false,,Repair vendor Springbok Rewind Services (Pty) Ltd.
RPR-000064,000000000080000053,1000,2000008603,4500008548,00010,SESS-000806,ATT-000042,EXPECTED_BACK,2026-08-13,2026-09-13,,false,,Repair vendor Kalahari Rotating Equipment Service.
RPR-000065,000000000080000054,2000,2000008604,4500008549,00010,SESS-000807,ATT-000043,RETURNED,2025-11-09,2026-02-10,2026-02-28,false,105,Repair vendor Kalahari Rotating Equipment Service.
RPR-000066,000000000080000054,4000,,,,SESS-000808,,NEW_PURCHASE_INSTEAD,,,,false,,New purchase on 4500008550 while a repairable unit was on hand.
RPR-000067,000000000080000055,3000,2000008606,4500008551,00010,SESS-000809,ATT-000044,IN_REPAIR,2026-08-01,2026-10-25,,false,,Repair vendor Namaqua Mechanical Repair Works (Pt.
RPR-000068,000000000080000056,3000,2000008607,4500008552,00010,SESS-000810,,BACK_IN_STOCK,2026-07-06,2026-08-03,2026-08-15,false,33,Repair vendor Namaqua Hydraulic Service Centre (P.
RPR-000069,000000000080000057,1000,2000008608,4500008553,00010,SESS-000811,ATT-000045,IN_REPAIR,2026-08-06,2026-09-30,,false,,Repair vendor Copperton Gearbox Refurbishment (Pt.
RPR-000070,000000000080000058,2000,2000008609,4500008554,00010,SESS-000812,ATT-000046,EXPECTED_BACK,2026-07-20,2026-09-11,,false,,Repair vendor Kalahari Rotating Equipment Service.
RPR-000071,000000000080000059,4000,2000008610,4500008555,00010,SESS-000813,ATT-000047,OVERDUE,2026-03-15,2026-06-22,,true,,Repair vendor Springbok Mechanical Repair Works (.
RPR-000072,000000000080000060,2000,2000008611,4500008556,00010,SESS-000814,ATT-000048,IN_REPAIR,2026-08-19,2026-10-02,,false,,Repair vendor Namaqua Hydraulic Service Centre (P.
RPR-000073,000000000080000060,3000,2000008612,4500008557,00010,SESS-000815,ATT-000049,EXPECTED_BACK,2026-06-05,2026-09-08,,false,,Repair vendor Orange River Gearbox Refurbishment .
RPR-000074,000000000080000061,2000,2000008613,4500008558,00010,SESS-000816,,BACK_IN_STOCK,2026-03-19,2026-05-29,2026-06-10,false,74,Repair vendor Copperton Gearbox Refurbishment (Pt.
RPR-000075,000000000080000062,1000,2000008614,4500008559,00010,SESS-000817,ATT-000050,BACK_IN_STOCK,2026-03-27,2026-06-09,2026-06-29,false,86,Repair vendor Prieska Mechanical Repair Works (Pt.
RPR-000076,000000000080000063,1000,2000008615,4500008560,00010,SESS-000818,ATT-000051,IN_REPAIR,2026-08-09,2026-10-23,,false,,Repair vendor Gariep Hydraulic Service Centre (Pt.
RPR-000077,000000000080000063,2000,2000008616,4500008561,00010,SESS-000819,ATT-000052,BACK_IN_STOCK,2026-01-19,2026-04-03,2026-04-14,false,78,Repair vendor Orange River Gearbox Refurbishment .
RPR-000078,000000000080000064,1000,2000008617,4500008562,00010,SESS-000820,ATT-000053,IN_REPAIR,2026-08-03,2026-10-26,,false,,Repair vendor Namaqua Hydraulic Service Centre (P.
RPR-000079,000000000080000065,1000,2000008618,4500008563,00010,SESS-000821,ATT-000054,IN_REPAIR,2026-08-10,2026-10-23,,false,,Repair vendor Prieska Mechanical Repair Works (Pt.
RPR-000080,000000000080000065,4000,2000008619,4500008564,00010,SESS-000822,ATT-000055,BACK_IN_STOCK,2026-01-12,2026-03-07,2026-03-11,false,53,Repair vendor Springbok Mechanical Repair Works (.
RPR-000081,000000000080000066,1000,2000008620,4500008565,00010,SESS-000823,ATT-000056,OVERDUE,2026-06-04,2026-07-22,,true,,Repair vendor Copperton Gearbox Refurbishment (Pt.
RPR-000082,000000000080000067,4000,2000008621,4500008566,00010,SESS-000824,ATT-000057,OVERDUE,2026-03-16,2026-06-07,,true,,Repair vendor Namaqua Hydraulic Service Centre (P.
RPR-000083,000000000080000068,1000,2000008622,4500008567,00010,SESS-000825,ATT-000058,IN_REPAIR,2026-08-27,2026-10-22,,false,,Repair vendor Orange River Gearbox Refurbishment .
RPR-000084,000000000080000068,4000,2000008623,4500008568,00010,SESS-000826,ATT-000059,EXPECTED_BACK,2026-07-06,2026-09-13,,false,,Repair vendor Kalahari Rotating Equipment Service.
RPR-000085,000000000080000069,2000,2000008624,4500008569,00010,SESS-000827,ATT-000060,IN_REPAIR,2026-08-03,2026-10-29,,false,,Repair vendor Springbok Hydraulic Service Centre .
RPR-000086,000000000080000069,1000,2000008625,4500008570,00010,SESS-000828,ATT-000061,EXPECTED_BACK,2026-05-26,2026-09-10,,false,,Repair vendor Copperton Gearbox Refurbishment (Pt.
RPR-000087,000000000080000070,2000,2000008626,4500008571,00010,SESS-000829,ATT-000062,OVERDUE,2026-04-30,2026-06-30,,true,,Repair vendor Namaqua Hydraulic Service Centre (P.
RPR-000088,000000000080000071,3000,2000008627,4500008572,00010,SESS-000830,ATT-000063,EXPECTED_BACK,2026-07-11,2026-09-07,,false,,Repair vendor Gariep Hydraulic Service Centre (Pt.
RPR-000089,000000000080000071,1000,2000008628,4500008573,00010,SESS-000831,ATT-000064,IN_REPAIR,2026-08-18,2026-10-03,,false,,Repair vendor Aggeneys Rotating Equipment Service.
RPR-000090,000000000080000072,1000,2000008629,4500008574,00010,SESS-000832,,EXPECTED_BACK,2026-08-10,2026-09-13,,false,,Repair vendor Prieska Mechanical Repair Works (Pt.
RPR-000091,000000000080000073,4000,2000008630,4500008575,00010,SESS-000833,ATT-000065,IN_REPAIR,2026-08-07,2026-10-10,,false,,Repair vendor Gariep Hydraulic Service Centre (Pt.
RPR-000092,000000000080000074,1000,2000008631,4500008576,00010,SESS-000834,ATT-000066,RETURNED,2026-07-19,2026-08-13,2026-09-06,false,46,Repair vendor Namaqua Mechanical Repair Works (Pt.
RPR-000093,000000000080000075,4000,2000008632,4500008577,00010,SESS-000835,ATT-000067,OVERDUE,2026-04-19,2026-08-01,,true,,Repair vendor Copperton Gearbox Refurbishment (Pt.
RPR-000094,000000000080000076,1000,2000008633,4500008578,00010,SESS-000836,ATT-000068,IN_REPAIR,2026-08-23,2026-10-23,,false,,Repair vendor Kalahari Rotating Equipment Service.
RPR-000095,000000000080000077,2000,2000008634,4500008579,00010,SESS-000837,ATT-000069,RETURNED,2026-04-19,2026-06-02,2026-06-12,false,43,Repair vendor Aggeneys Rotating Equipment Service.
RPR-000096,000000000080000079,2000,2000008635,4500008580,00010,SESS-000838,ATT-000070,OVERDUE,2026-02-21,2026-06-02,,true,,Repair vendor Springbok Mechanical Repair Works (.
RPR-000097,000000000080000079,4000,2000008636,4500008581,00010,SESS-000839,,RETURNED,2026-07-04,2026-08-21,2026-08-28,false,46,Repair vendor Copperton Gearbox Refurbishment (Pt.
RPR-000098,000000000080000080,4000,2000008637,4500008582,00010,SESS-000840,ATT-000071,OVERDUE,2026-05-24,2026-08-08,,true,,Repair vendor Prieska Mechanical Repair Works (Pt.
RPR-000099,000000000080000081,4000,,,,SESS-000841,,NEW_PURCHASE_INSTEAD,,,,false,,New purchase on 4500008583 while a repairable unit was on hand.
RPR-000100,000000000080000081,3000,2000008639,4500008584,00010,SESS-000842,ATT-000072,OVERDUE,2026-05-27,2026-07-26,,true,,Repair vendor Namaqua Hydraulic Service Centre (P.
RPR-000101,000000000080000082,4000,2000008640,4500008585,00010,SESS-000843,ATT-000073,RETURNED,2026-02-17,2026-05-14,2026-05-15,false,80,Repair vendor Namaqua Hydraulic Service Centre (P.
RPR-000102,000000000080000083,1000,,,,SESS-000844,,NEW_PURCHASE_INSTEAD,,,,false,,New purchase on 4500008586 while a repairable unit was on hand.
RPR-000103,000000000080000083,3000,2000008642,4500008587,00010,SESS-000845,ATT-000074,EXPECTED_BACK,2026-06-23,2026-09-08,,false,,Repair vendor Aggeneys Rotating Equipment Service.
RPR-000104,000000000080000084,4000,2000008643,4500008588,00010,SESS-000846,ATT-000075,IN_REPAIR,2026-07-02,2026-10-07,,false,,Repair vendor Orange River Hydraulic Service Cent.
RPR-000105,000000000080000085,3000,2000008644,4500008589,00010,SESS-000847,ATT-000076,IN_REPAIR,2026-08-21,2026-10-11,,false,,Repair vendor Prieska Mechanical Repair Works (Pt.
RPR-000106,000000000080000086,1000,2000008645,4500008590,00010,SESS-000848,ATT-000077,RETURNED,2025-10-09,2026-01-14,2026-01-26,false,102,Repair vendor Orange River Gearbox Refurbishment .
RPR-000107,000000000080000087,3000,2000008646,4500008591,00010,SESS-000849,ATT-000078,BACK_IN_STOCK,2026-04-20,2026-05-16,2026-05-27,false,32,Repair vendor Orange River Hydraulic Service Cent.
RPR-000108,000000000080000088,1000,2000008647,4500008592,00010,SESS-000850,ATT-000079,RETURNED,2026-01-24,2026-02-22,2026-03-14,false,42,Repair vendor Namaqua Hydraulic Service Centre (P.
RPR-000109,000000000080000089,1000,2000008648,4500008593,00010,SESS-000851,ATT-000080,IN_REPAIR,2026-09-02,2026-12-05,,false,,Repair vendor Namaqua Mechanical Repair Works (Pt.
RPR-000110,000000000080000090,3000,2000008649,4500008594,00010,SESS-000852,ATT-000081,IN_REPAIR,2026-08-12,2026-10-12,,false,,Repair vendor Namaqua Mechanical Repair Works (Pt.
RPR-000111,000000000080000091,4000,2000008650,4500008595,00010,SESS-000853,ATT-000082,EXPECTED_BACK,2026-06-09,2026-09-13,,false,,Repair vendor Prieska Mechanical Repair Works (Pt.
RPR-000112,000000000080000092,3000,2000008651,4500008596,00010,SESS-000854,ATT-000083,IN_REPAIR,2026-08-15,2026-10-28,,false,,Repair vendor Springbok Rewind Services (Pty) Ltd.
RPR-000113,000000000080000093,4000,,,,SESS-000855,,NEW_PURCHASE_INSTEAD,,,,false,,New purchase on 4500008597 while a repairable unit was on hand.
RPR-000114,000000000080000094,2000,2000008653,4500008598,00010,SESS-000856,ATT-000084,BACK_IN_STOCK,2026-01-18,2026-03-24,2026-04-11,false,79,Repair vendor Orange River Hydraulic Service Cent.
RPR-000115,000000000080000095,4000,2000008654,4500008599,00010,SESS-000857,,RETURNED,2026-03-06,2026-05-01,2026-05-18,false,64,Repair vendor Kalahari Rotating Equipment Service.
RPR-000116,000000000080000095,1000,2000008655,4500008600,00010,SESS-000858,ATT-000085,EXPECTED_BACK,2026-08-13,2026-09-14,,false,,Repair vendor Springbok Mechanical Repair Works (.
RPR-000117,000000000080000096,2000,,,,SESS-000859,,NEW_PURCHASE_INSTEAD,,,,false,,New purchase on 4500008601 while a repairable unit was on hand.
RPR-000118,000000000080000097,3000,2000008657,4500008602,00010,SESS-000860,ATT-000086,RETURNED,2026-01-01,2026-03-18,2026-03-29,false,81,Repair vendor Prieska Mechanical Repair Works (Pt.
RPR-000119,000000000080000097,4000,2000008658,4500008603,00010,SESS-000861,,IN_REPAIR,2026-08-25,2026-10-10,,false,,Repair vendor Springbok Mechanical Repair Works (.
RPR-000120,000000000080000098,1000,2000008659,4500008604,00010,SESS-000862,,EXPECTED_BACK,2026-06-10,2026-09-13,,false,,Repair vendor Namaqua Hydraulic Service Centre (P.
RPR-000121,000000000080000099,4000,2000008660,4500008605,00010,SESS-000863,ATT-000087,IN_REPAIR,2026-08-08,2026-09-24,,false,,Repair vendor Kalahari Rotating Equipment Service.
RPR-000122,000000000080000100,2000,2000008661,4500008606,00010,SESS-000864,ATT-000088,BACK_IN_STOCK,2026-01-10,2026-03-31,2026-04-09,false,82,Repair vendor Springbok Hydraulic Service Centre .
RPR-000123,000000000080000100,3000,2000008662,4500008607,00010,SESS-000865,ATT-000089,EXPECTED_BACK,2026-06-19,2026-09-10,,false,,Repair vendor Namaqua Mechanical Repair Works (Pt.
RPR-000124,000000000080000101,2000,2000008663,4500008608,00010,SESS-000866,ATT-000090,RETURNED,2025-12-12,2026-03-17,2026-03-26,false,101,Repair vendor Kalahari Rotating Equipment Service.
RPR-000125,000000000080000102,1000,2000008664,4500008609,00010,SESS-000867,,IN_REPAIR,2026-08-22,2026-10-04,,false,,Repair vendor Gariep Hydraulic Service Centre (Pt.
RPR-000126,000000000080000103,2000,2000008665,4500008610,00010,SESS-000868,ATT-000091,BACK_IN_STOCK,2026-01-06,2026-02-11,2026-02-11,false,24,Repair vendor Springbok Rewind Services (Pty) Ltd.
RPR-000127,000000000080000104,3000,2000008666,4500008611,00010,SESS-000869,ATT-000092,OVERDUE,2026-04-21,2026-06-24,,true,,Repair vendor Aggeneys Rotating Equipment Service.
RPR-000128,000000000080000104,2000,,,,SESS-000870,,NEW_PURCHASE_INSTEAD,,,,false,,New purchase on 4500008612 while a repairable unit was on hand.
RPR-000129,000000000080000105,1000,2000008668,4500008613,00010,SESS-000871,ATT-000093,IN_REPAIR,2026-09-01,2026-10-18,,false,,Repair vendor Namaqua Mechanical Repair Works (Pt.
RPR-000130,000000000080000106,2000,2000008669,4500008614,00010,SESS-000872,ATT-000094,IN_REPAIR,2026-08-27,2026-11-30,,false,,Repair vendor Prieska Mechanical Repair Works (Pt.
RPR-000131,000000000080000107,2000,2000008670,4500008615,00010,SESS-000873,ATT-000095,BACK_IN_STOCK,2026-03-16,2026-04-16,2026-04-21,false,29,Repair vendor Namaqua Mechanical Repair Works (Pt.
RPR-000132,000000000080000108,2000,2000008671,4500008616,00010,SESS-000874,ATT-000096,RETURNED,2026-04-06,2026-07-02,2026-07-24,false,103,Repair vendor Springbok Hydraulic Service Centre .
RPR-000133,000000000080000109,3000,2000008672,4500008617,00010,SESS-000875,ATT-000097,OVERDUE,2026-04-13,2026-07-10,,true,,Repair vendor Springbok Rewind Services (Pty) Ltd.
RPR-000134,000000000080000110,2000,2000008673,4500008618,00010,SESS-000876,ATT-000098,IN_REPAIR,2026-08-08,2026-10-14,,false,,Repair vendor Springbok Mechanical Repair Works (.
RPR-000135,000000000080000111,1000,2000008674,4500008619,00010,SESS-000877,ATT-000099,OVERDUE,2026-04-18,2026-06-23,,true,,Repair vendor Namaqua Hydraulic Service Centre (P.
RPR-000136,000000000080000112,4000,,,,SESS-000878,,NEW_PURCHASE_INSTEAD,,,,false,,New purchase on 4500008620 while a repairable unit was on hand.
RPR-000137,000000000080000112,1000,2000008676,4500008621,00010,SESS-000879,ATT-000100,IN_REPAIR,2026-08-21,2026-10-05,,false,,Repair vendor Namaqua Mechanical Repair Works (Pt.
RPR-000138,000000000080000113,3000,2000008677,4500008622,00010,SESS-000880,ATT-000101,BACK_IN_STOCK,2026-01-31,2026-04-25,2026-05-11,false,92,Repair vendor Orange River Hydraulic Service Cent.
RPR-000139,000000000080000114,2000,2000008678,4500008623,00010,SESS-000881,ATT-000102,IN_REPAIR,2026-07-22,2026-10-11,,false,,Repair vendor Springbok Hydraulic Service Centre .
RPR-000140,000000000080000115,3000,2000008679,4500008624,00010,SESS-000882,ATT-000103,IN_REPAIR,2026-08-22,2026-09-29,,false,,Repair vendor Copperton Gearbox Refurbishment (Pt.
RPR-000141,000000000080000116,1000,2000008680,4500008625,00010,SESS-000883,ATT-000104,BACK_IN_STOCK,2025-12-01,2026-02-25,2026-03-19,false,102,Repair vendor Kalahari Rotating Equipment Service.
RPR-000142,000000000080000117,4000,,,,SESS-000884,,NEW_PURCHASE_INSTEAD,,,,false,,New purchase on 4500008626 while a repairable unit was on hand.
RPR-000143,000000000080000118,3000,2000008682,4500008627,00010,SESS-000885,ATT-000105,RETURNED,2025-12-17,2026-02-22,2026-03-13,false,77,Repair vendor Kalahari Rotating Equipment Service.
RPR-000144,000000000080000119,4000,2000008683,4500008628,00010,SESS-000886,ATT-000106,BACK_IN_STOCK,2025-12-31,2026-03-19,2026-04-10,false,92,Repair vendor Gariep Hydraulic Service Centre (Pt.
RPR-000145,000000000080000121,3000,2000008684,4500008629,00010,SESS-000887,ATT-000107,EXPECTED_BACK,2026-06-30,2026-09-13,,false,,Repair vendor Springbok Rewind Services (Pty) Ltd.
RPR-000146,000000000080000122,2000,2000008685,4500008630,00010,SESS-000888,,OVERDUE,2026-04-26,2026-07-30,,true,,Repair vendor Aggeneys Rotating Equipment Service.
RPR-000147,000000000080000122,3000,2000008686,4500008631,00010,SESS-000889,ATT-000108,RETURNED,2026-05-16,2026-06-22,2026-06-30,false,37,Repair vendor Springbok Hydraulic Service Centre .
RPR-000148,000000000080000123,2000,,,,SESS-000890,,NEW_PURCHASE_INSTEAD,,,,false,,New purchase on 4500008632 while a repairable unit was on hand.
RPR-000149,000000000080000124,2000,2000008688,4500008633,00010,SESS-000891,ATT-000109,BACK_IN_STOCK,2025-12-19,2026-02-27,2026-03-24,false,93,Repair vendor Aggeneys Rotating Equipment Service.
RPR-000150,000000000080000125,2000,2000008689,4500008634,00010,SESS-000892,,RETURNED,2025-11-12,2026-02-21,2026-02-24,false,92,Repair vendor Gariep Hydraulic Service Centre (Pt.
RPR-000151,000000000080000127,4000,,,,SESS-000893,,NEW_PURCHASE_INSTEAD,,,,false,,New purchase on 4500008635 while a repairable unit was on hand.
RPR-000152,000000000080000128,2000,2000008691,4500008636,00010,SESS-000894,,BACK_IN_STOCK,2026-01-14,2026-03-02,2026-03-23,false,58,Repair vendor Springbok Rewind Services (Pty) Ltd.
RPR-000153,000000000080000130,1000,2000008692,4500008637,00010,SESS-000895,ATT-000110,BACK_IN_STOCK,2025-12-09,2026-03-10,2026-03-23,false,92,Repair vendor Namaqua Hydraulic Service Centre (P.
RPR-000154,000000000080000131,4000,2000008693,4500008638,00010,SESS-000896,ATT-000111,IN_REPAIR,2026-08-11,2026-10-09,,false,,Repair vendor Copperton Gearbox Refurbishment (Pt.
RPR-000155,000000000080000131,3000,2000008694,4500008639,00010,SESS-000897,ATT-000112,IN_REPAIR,2026-08-20,2026-09-23,,false,,Repair vendor Kalahari Rotating Equipment Service.
RPR-000156,000000000080000132,3000,2000008695,4500008640,00010,SESS-000898,ATT-000113,RETURNED,2026-03-17,2026-06-11,2026-06-22,false,87,Repair vendor Namaqua Hydraulic Service Centre (P.
RPR-000157,000000000080000132,2000,2000008696,4500008641,00010,SESS-000899,ATT-000114,RETURNED,2026-02-27,2026-03-27,2026-04-15,false,41,Repair vendor Kalahari Rotating Equipment Service.
RPR-000158,000000000080000133,4000,2000008697,4500008642,00010,SESS-000900,ATT-000115,RETURNED,2025-11-24,2026-02-09,2026-02-18,false,81,Repair vendor Kalahari Rotating Equipment Service.
RPR-000159,000000000080000134,3000,2000008698,4500008643,00010,SESS-000901,ATT-000116,BACK_IN_STOCK,2026-03-10,2026-04-18,2026-04-22,false,32,Repair vendor Kalahari Rotating Equipment Service.
RPR-000160,000000000080000135,3000,2000008699,4500008644,00010,SESS-000902,ATT-000117,RETURNED,2025-12-29,2026-02-27,2026-03-09,false,59,Repair vendor Kalahari Rotating Equipment Service.
RPR-000161,000000000080000135,4000,2000008700,4500008645,00010,SESS-000903,,BACK_IN_STOCK,2026-06-13,2026-08-13,2026-09-02,false,74,Repair vendor Namaqua Hydraulic Service Centre (P.
RPR-000162,000000000080000136,1000,2000008701,4500008646,00010,SESS-000904,,EXPECTED_BACK,2026-06-29,2026-09-14,,false,,Repair vendor Aggeneys Rotating Equipment Service.
RPR-000163,000000000080000136,4000,2000008702,4500008647,00010,SESS-000905,ATT-000118,RETURNED,2026-02-25,2026-05-14,2026-05-26,false,80,Repair vendor Copperton Gearbox Refurbishment (Pt.
RPR-000164,000000000080000137,2000,2000008703,4500008648,00010,SESS-000906,ATT-000119,IN_REPAIR,2026-08-26,2026-10-11,,false,,Repair vendor Prieska Mechanical Repair Works (Pt.
RPR-000165,000000000080000138,1000,2000008704,4500008649,00010,SESS-000907,,OVERDUE,2026-04-29,2026-06-20,,true,,Repair vendor Namaqua Hydraulic Service Centre (P.
RPR-000166,000000000080000139,1000,2000008705,4500008650,00010,SESS-000908,ATT-000120,IN_REPAIR,2026-07-13,2026-09-29,,false,,Repair vendor Namaqua Hydraulic Service Centre (P.
RPR-000167,000000000080000140,4000,2000008706,4500008651,00010,SESS-000909,ATT-000121,IN_REPAIR,2026-08-12,2026-10-08,,false,,Repair vendor Namaqua Hydraulic Service Centre (P.
RPR-000168,000000000080000141,1000,2000008707,4500008652,00010,SESS-000910,ATT-000122,OVERDUE,2026-04-08,2026-06-19,,true,,Repair vendor Orange River Gearbox Refurbishment .
RPR-000169,000000000080000142,3000,2000008708,4500008653,00010,SESS-000911,ATT-000123,RETURNED,2026-02-11,2026-05-16,2026-06-02,false,99,Repair vendor Namaqua Hydraulic Service Centre (P.
RPR-000170,000000000080000143,2000,2000008709,4500008654,00010,SESS-000912,ATT-000124,BACK_IN_STOCK,2026-05-18,2026-08-19,2026-08-31,false,102,Repair vendor Copperton Gearbox Refurbishment (Pt.
RPR-000171,000000000080000144,2000,,,,SESS-000913,,NEW_PURCHASE_INSTEAD,,,,false,,New purchase on 4500008655 while a repairable unit was on hand.
RPR-000172,000000000080000145,1000,2000008711,4500008656,00010,SESS-000914,ATT-000125,RETURNED,2025-11-07,2026-02-17,2026-02-23,false,96,Repair vendor Kalahari Rotating Equipment Service.
RPR-000173,000000000080000146,1000,2000008712,4500008657,00010,SESS-000915,ATT-000126,IN_REPAIR,2026-08-21,2026-11-22,,false,,Repair vendor Kalahari Rotating Equipment Service.
RPR-000174,000000000080000146,3000,2000008713,4500008658,00010,SESS-000916,ATT-000127,RETURNED,2026-01-11,2026-04-15,2026-05-01,false,103,Repair vendor Prieska Mechanical Repair Works (Pt.
RPR-000175,000000000080000147,2000,2000008714,4500008659,00010,SESS-000917,ATT-000128,OVERDUE,2026-07-14,2026-08-21,,true,,Repair vendor Orange River Gearbox Refurbishment .
RPR-000176,000000000080000148,4000,2000008715,4500008660,00010,SESS-000918,ATT-000129,BACK_IN_STOCK,2026-04-27,2026-06-05,2026-06-26,false,49,Repair vendor Aggeneys Rotating Equipment Service.
RPR-000177,000000000080000149,2000,2000008716,4500008661,00010,SESS-000919,ATT-000130,IN_REPAIR,2026-07-20,2026-09-30,,false,,Repair vendor Springbok Hydraulic Service Centre .
RPR-000178,000000000080000150,4000,,,,SESS-000920,,NEW_PURCHASE_INSTEAD,,,,false,,New purchase on 4500008662 while a repairable unit was on hand.
RPR-000179,000000000080000151,1000,2000008718,4500008663,00010,SESS-000921,ATT-000131,BACK_IN_STOCK,2026-02-12,2026-04-27,2026-04-30,false,68,Repair vendor Springbok Hydraulic Service Centre .
RPR-000180,000000000080000151,2000,2000008719,4500008664,00010,SESS-000922,ATT-000132,BACK_IN_STOCK,2026-04-17,2026-06-21,2026-06-28,false,62,Repair vendor Springbok Hydraulic Service Centre .
RPR-000181,000000000080000152,1000,2000008720,4500008665,00010,SESS-000923,ATT-000133,BACK_IN_STOCK,2026-04-20,2026-07-26,2026-08-13,false,104,Repair vendor Springbok Hydraulic Service Centre .
RPR-000182,000000000080000153,4000,2000008721,4500008666,00010,SESS-000924,ATT-000134,RETURNED,2026-06-25,2026-08-04,2026-08-29,false,56,Repair vendor Gariep Hydraulic Service Centre (Pt.
RPR-000183,000000000080000154,4000,2000008722,4500008667,00010,SESS-000925,,IN_REPAIR,2026-08-25,2026-10-12,,false,,Repair vendor Orange River Gearbox Refurbishment .
RPR-000184,000000000080000155,4000,2000008723,4500008668,00010,SESS-000926,ATT-000135,RETURNED,2026-02-11,2026-05-03,2026-05-12,false,84,Repair vendor Copperton Gearbox Refurbishment (Pt.
RPR-000185,000000000080000156,2000,2000008724,4500008669,00010,SESS-000927,ATT-000136,RETURNED,2026-04-15,2026-06-10,2026-07-03,false,65,Repair vendor Copperton Gearbox Refurbishment (Pt.
RPR-000186,000000000080000156,4000,2000008725,4500008670,00010,SESS-000928,ATT-000137,BACK_IN_STOCK,2026-03-25,2026-06-15,2026-07-02,false,94,Repair vendor Orange River Hydraulic Service Cent.
RPR-000187,000000000080000157,4000,2000008726,4500008671,00010,SESS-000929,ATT-000138,OVERDUE,2026-05-14,2026-06-18,,true,,Repair vendor Namaqua Hydraulic Service Centre (P.
RPR-000188,000000000080000158,2000,2000008727,4500008672,00010,SESS-000930,ATT-000139,RETURNED,2026-06-20,2026-07-27,2026-07-30,false,34,Repair vendor Copperton Gearbox Refurbishment (Pt.
RPR-000189,000000000080000158,1000,2000008728,4500008673,00010,SESS-000931,ATT-000140,OVERDUE,2026-06-25,2026-08-03,,true,,Repair vendor Aggeneys Rotating Equipment Service.
RPR-000190,000000000080000159,2000,2000008729,4500008674,00010,SESS-000932,ATT-000141,RETURNED,2026-05-22,2026-08-13,2026-09-07,false,101,Repair vendor Copperton Gearbox Refurbishment (Pt.
RPR-000191,000000000080000159,3000,2000008730,4500008675,00010,SESS-000933,ATT-000142,OVERDUE,2026-03-24,2026-06-18,,true,,Repair vendor Namaqua Hydraulic Service Centre (P.
RPR-000192,000000000080000160,2000,2000008731,4500008676,00010,SESS-000934,ATT-000143,RETURNED,2026-01-21,2026-04-11,2026-04-29,false,92,Repair vendor Copperton Gearbox Refurbishment (Pt.
RPR-000193,000000000080000161,1000,,,,SESS-000935,,NEW_PURCHASE_INSTEAD,,,,false,,New purchase on 4500008677 while a repairable unit was on hand.
RPR-000194,000000000080000162,2000,2000008733,4500008678,00010,SESS-000936,ATT-000144,EXPECTED_BACK,2026-07-03,2026-09-12,,false,,Repair vendor Namaqua Hydraulic Service Centre (P.
RPR-000195,000000000080000163,2000,2000008734,4500008679,00010,SESS-000937,ATT-000145,IN_REPAIR,2026-06-29,2026-10-11,,false,,Repair vendor Kalahari Rotating Equipment Service.
RPR-000196,000000000080000164,4000,,,,SESS-000938,,NEW_PURCHASE_INSTEAD,,,,false,,New purchase on 4500008680 while a repairable unit was on hand.
RPR-000197,000000000080000164,3000,,,,SESS-000939,,NEW_PURCHASE_INSTEAD,,,,false,,New purchase on 4500008681 while a repairable unit was on hand.
RPR-000198,000000000080000165,3000,2000008737,4500008682,00010,SESS-000940,ATT-000146,IN_REPAIR,2026-08-24,2026-10-05,,false,,Repair vendor Aggeneys Rotating Equipment Service.
RPR-000199,000000000080000166,1000,2000008738,4500008683,00010,SESS-000941,,OVERDUE,2026-05-25,2026-06-21,,true,,Repair vendor Namaqua Hydraulic Service Centre (P.
RPR-000200,000000000080000167,2000,2000008739,4500008684,00010,SESS-000942,ATT-000147,OVERDUE,2026-04-26,2026-07-26,,true,,Repair vendor Springbok Mechanical Repair Works (.
RPR-000201,000000000080000168,2000,2000008740,4500008685,00010,SESS-000943,ATT-000148,OVERDUE,2026-06-28,2026-07-31,,true,,Repair vendor Springbok Hydraulic Service Centre .
RPR-000202,000000000080000169,1000,2000008741,4500008686,00010,SESS-000944,ATT-000149,OVERDUE,2026-05-09,2026-06-17,,true,,Repair vendor Namaqua Mechanical Repair Works (Pt.
RPR-000203,000000000080000170,2000,2000008742,4500008687,00010,SESS-000945,,IN_REPAIR,2026-07-27,2026-10-17,,false,,Repair vendor Kalahari Rotating Equipment Service.
RPR-000204,000000000080000170,4000,,,,SESS-000946,,NEW_PURCHASE_INSTEAD,,,,false,,New purchase on 4500008688 while a repairable unit was on hand.
RPR-000205,000000000080000171,3000,2000008744,4500008689,00010,SESS-000947,ATT-000150,OVERDUE,2026-06-11,2026-07-19,,true,,Repair vendor Orange River Gearbox Refurbishment .
RPR-000206,000000000080000172,2000,2000008745,4500008690,00010,SESS-000948,ATT-000151,BACK_IN_STOCK,2026-04-13,2026-06-24,2026-07-18,false,90,Repair vendor Orange River Hydraulic Service Cent.
RPR-000207,000000000080000172,3000,2000008746,4500008691,00010,SESS-000949,ATT-000152,IN_REPAIR,2026-08-05,2026-10-25,,false,,Repair vendor Gariep Hydraulic Service Centre (Pt.
RPR-000208,000000000080000173,1000,2000008747,4500008692,00010,SESS-000950,ATT-000153,BACK_IN_STOCK,2025-11-26,2026-02-11,2026-03-02,false,89,Repair vendor Orange River Hydraulic Service Cent.
RPR-000209,000000000080000174,1000,2000008748,4500008693,00010,SESS-000951,ATT-000154,IN_REPAIR,2026-08-17,2026-10-31,,false,,Repair vendor Kalahari Rotating Equipment Service.
RPR-000210,000000000080000174,2000,,,,SESS-000952,,NEW_PURCHASE_INSTEAD,,,,false,,New purchase on 4500008694 while a repairable unit was on hand.
RPR-000211,000000000080000175,4000,2000008750,4500008695,00010,SESS-000953,,IN_REPAIR,2026-07-26,2026-10-16,,false,,Repair vendor Kalahari Rotating Equipment Service.
RPR-000212,000000000080000176,3000,2000008751,4500008696,00010,SESS-000954,ATT-000155,OVERDUE,2026-03-19,2026-06-02,,true,,Repair vendor Orange River Hydraulic Service Cent.
RPR-000213,000000000080000176,2000,2000008752,4500008697,00010,SESS-000955,,RETURNED,2025-12-27,2026-02-15,2026-02-21,false,52,Repair vendor Springbok Hydraulic Service Centre .
RPR-000214,000000000080000177,3000,,,,SESS-000956,,NEW_PURCHASE_INSTEAD,,,,false,,New purchase on 4500008698 while a repairable unit was on hand.
RPR-000215,000000000080000177,2000,2000008754,4500008699,00010,SESS-000957,,BACK_IN_STOCK,2025-12-30,2026-04-17,2026-05-06,false,114,Repair vendor Springbok Rewind Services (Pty) Ltd.
RPR-000216,000000000080000178,3000,2000008755,4500008700,00010,SESS-000958,ATT-000156,RETURNED,2025-12-27,2026-02-11,2026-02-17,false,44,Repair vendor Copperton Gearbox Refurbishment (Pt.
RPR-000217,000000000080000179,4000,,,,SESS-000959,,NEW_PURCHASE_INSTEAD,,,,false,,New purchase on 4500008701 while a repairable unit was on hand.
RPR-000218,000000000080000179,3000,,,,SESS-000960,,NEW_PURCHASE_INSTEAD,,,,false,,New purchase on 4500008702 while a repairable unit was on hand.
RPR-000219,000000000080000180,3000,2000008758,4500008703,00010,SESS-000961,ATT-000157,IN_REPAIR,2026-08-19,2026-09-25,,false,,Repair vendor Springbok Rewind Services (Pty) Ltd.
RPR-000220,000000000080000181,4000,,,,SESS-000962,,NEW_PURCHASE_INSTEAD,,,,false,,New purchase on 4500008704 while a repairable unit was on hand.
RPR-000221,000000000080000182,1000,2000008760,4500008705,00010,SESS-000963,ATT-000158,OVERDUE,2026-03-30,2026-06-27,,true,,Repair vendor Aggeneys Rotating Equipment Service.
RPR-000222,000000000080000183,2000,2000008761,4500008706,00010,SESS-000964,ATT-000159,RETURNED,2025-12-06,2026-01-31,2026-02-25,false,75,Repair vendor Springbok Rewind Services (Pty) Ltd.
RPR-000223,000000000080000184,4000,2000008762,4500008707,00010,SESS-000965,,EXPECTED_BACK,2026-07-18,2026-09-14,,false,,Repair vendor Springbok Hydraulic Service Centre .
RPR-000224,000000000080000185,1000,2000008763,4500008708,00010,SESS-000966,,OVERDUE,2026-06-10,2026-08-10,,true,,Repair vendor Springbok Hydraulic Service Centre .
RPR-000225,000000000080000186,3000,2000008764,4500008709,00010,SESS-000967,,IN_REPAIR,2026-08-22,2026-10-06,,false,,Repair vendor Copperton Gearbox Refurbishment (Pt.
RPR-000226,000000000080000187,3000,2000008765,4500008710,00010,SESS-000968,,BACK_IN_STOCK,2026-04-26,2026-07-07,2026-07-11,false,70,Repair vendor Springbok Hydraulic Service Centre .
RPR-000227,000000000080000188,4000,2000008766,4500008711,00010,SESS-000969,ATT-000160,IN_REPAIR,2026-07-06,2026-10-15,,false,,Repair vendor Kalahari Rotating Equipment Service.
RPR-000228,000000000080000189,1000,2000008767,4500008712,00010,SESS-000970,ATT-000161,RETURNED,2026-05-21,2026-08-13,2026-09-02,false,98,Repair vendor Kalahari Rotating Equipment Service.
RPR-000229,000000000080000189,2000,2000008768,4500008713,00010,SESS-000971,,OVERDUE,2026-05-11,2026-06-15,,true,,Repair vendor Springbok Rewind Services (Pty) Ltd.
RPR-000230,000000000080000190,4000,2000008769,4500008714,00010,SESS-000972,ATT-000162,BACK_IN_STOCK,2026-03-01,2026-04-04,2026-04-08,false,34,Repair vendor Kalahari Rotating Equipment Service.
RPR-000231,000000000080000191,4000,,,,SESS-000973,,NEW_PURCHASE_INSTEAD,,,,false,,New purchase on 4500008715 while a repairable unit was on hand.
RPR-000232,000000000080000192,1000,2000008771,4500008716,00010,SESS-000974,,IN_REPAIR,2026-08-03,2026-10-15,,false,,Repair vendor Gariep Hydraulic Service Centre (Pt.
RPR-000233,000000000080000193,1000,2000008772,4500008717,00010,SESS-000975,,BACK_IN_STOCK,2025-11-26,2026-03-02,2026-03-23,false,107,Repair vendor Kalahari Rotating Equipment Service.
RPR-000234,000000000080000194,3000,,,,SESS-000976,,NEW_PURCHASE_INSTEAD,,,,false,,New purchase on 4500008718 while a repairable unit was on hand.
RPR-000235,000000000080000194,1000,2000008774,4500008719,00010,SESS-000977,ATT-000163,IN_REPAIR,2026-08-05,2026-09-28,,false,,Repair vendor Prieska Mechanical Repair Works (Pt.
RPR-000236,000000000080000195,3000,,,,SESS-000978,,NEW_PURCHASE_INSTEAD,,,,false,,New purchase on 4500008720 while a repairable unit was on hand.
RPR-000237,000000000080000196,3000,2000008776,4500008721,00010,SESS-000979,,RETURNED,2026-05-18,2026-08-07,2026-08-22,false,89,Repair vendor Orange River Hydraulic Service Cent.
RPR-000238,000000000080000196,2000,2000008777,4500008722,00010,SESS-000980,,IN_REPAIR,2026-08-15,2026-11-27,,false,,Repair vendor Orange River Gearbox Refurbishment .
RPR-000239,000000000080000197,1000,2000008778,4500008723,00010,SESS-000981,ATT-000164,IN_REPAIR,2026-08-23,2026-09-21,,false,,Repair vendor Gariep Hydraulic Service Centre (Pt.
RPR-000240,000000000080000198,2000,2000008779,4500008724,00010,SESS-000982,ATT-000165,RETURNED,2025-12-31,2026-03-02,2026-03-05,false,53,Repair vendor Namaqua Hydraulic Service Centre (P.
RPR-000241,000000000080000199,2000,2000008780,4500008725,00010,SESS-000983,ATT-000166,IN_REPAIR,2026-08-22,2026-11-27,,false,,Repair vendor Kalahari Rotating Equipment Service.
RPR-000242,000000000080000200,1000,2000008781,4500008726,00010,SESS-000984,ATT-000167,OVERDUE,2026-06-07,2026-08-27,,true,,Repair vendor Kalahari Rotating Equipment Service.
RPR-000243,000000000080000201,1000,2000008782,4500008727,00010,SESS-000985,ATT-000168,IN_REPAIR,2026-08-25,2026-09-29,,false,,Repair vendor Springbok Hydraulic Service Centre .
RPR-000244,000000000080000202,2000,2000008783,4500008728,00010,SESS-000986,,BACK_IN_STOCK,2026-07-10,2026-08-15,2026-08-26,false,40,Repair vendor Kalahari Rotating Equipment Service.
RPR-000245,000000000080000203,2000,2000008784,4500008729,00010,SESS-000987,ATT-000169,IN_REPAIR,2026-07-31,2026-10-15,,false,,Repair vendor Kalahari Rotating Equipment Service.
RPR-000246,000000000080000204,4000,2000008785,4500008730,00010,SESS-000988,ATT-000170,IN_REPAIR,2026-08-17,2026-09-23,,false,,Repair vendor Springbok Hydraulic Service Centre .
RPR-000247,000000000080000205,1000,2000008786,4500008731,00010,SESS-000989,ATT-000171,BACK_IN_STOCK,2025-12-08,2026-03-17,2026-03-22,false,93,Repair vendor Namaqua Hydraulic Service Centre (P.
RPR-000248,000000000080000206,3000,2000008787,4500008732,00010,SESS-000990,ATT-000172,BACK_IN_STOCK,2026-07-04,2026-08-24,2026-09-01,false,53,Repair vendor Springbok Hydraulic Service Centre .
RPR-000249,000000000080000207,2000,2000008788,4500008733,00010,SESS-000991,ATT-000173,EXPECTED_BACK,2026-06-16,2026-09-08,,false,,Repair vendor Orange River Hydraulic Service Cent.
RPR-000250,000000000080000208,2000,2000008789,4500008734,00010,SESS-000992,ATT-000174,IN_REPAIR,2026-07-29,2026-09-28,,false,,Repair vendor Namaqua Hydraulic Service Centre (P.
RPR-000251,000000000080000209,2000,2000008790,4500008735,00010,SESS-000993,ATT-000175,BACK_IN_STOCK,2025-11-17,2026-02-16,2026-03-03,false,101,Repair vendor Orange River Hydraulic Service Cent.
RPR-000252,000000000080000209,3000,2000008791,4500008736,00010,SESS-000994,ATT-000176,OVERDUE,2026-04-23,2026-07-12,,true,,Repair vendor Kalahari Rotating Equipment Service.
RPR-000253,000000000080000210,4000,2000008792,4500008737,00010,SESS-000995,ATT-000177,EXPECTED_BACK,2026-06-04,2026-09-11,,false,,Repair vendor Springbok Hydraulic Service Centre .
RPR-000254,000000000080000211,1000,2000008793,4500008738,00010,SESS-000996,ATT-000178,IN_REPAIR,2026-07-10,2026-09-22,,false,,Repair vendor Gariep Hydraulic Service Centre (Pt.
RPR-000255,000000000080000212,2000,2000008794,4500008739,00010,SESS-000997,ATT-000179,EXPECTED_BACK,2026-06-22,2026-09-13,,false,,Repair vendor Kalahari Rotating Equipment Service.
RPR-000256,000000000080000212,3000,,,,SESS-000998,,NEW_PURCHASE_INSTEAD,,,,false,,New purchase on 4500008740 while a repairable unit was on hand.
RPR-000257,000000000080000213,2000,2000008796,4500008741,00010,SESS-000999,ATT-000180,IN_REPAIR,2026-07-17,2026-10-03,,false,,Repair vendor Orange River Gearbox Refurbishment .
RPR-000258,000000000080000214,3000,2000008797,4500008742,00010,SESS-001000,ATT-000181,RETURNED,2026-05-11,2026-08-15,2026-08-21,false,95,Repair vendor Prieska Mechanical Repair Works (Pt.
RPR-000259,000000000080000214,1000,2000008798,4500008743,00010,SESS-001001,ATT-000182,OVERDUE,2026-05-03,2026-06-05,,true,,Repair vendor Copperton Gearbox Refurbishment (Pt.
RPR-000260,000000000080000215,4000,2000008799,4500008744,00010,SESS-001002,ATT-000183,IN_REPAIR,2026-08-29,2026-10-04,,false,,Repair vendor Springbok Hydraulic Service Centre .
RPR-000261,000000000080000216,1000,2000008800,4500008745,00010,SESS-001003,ATT-000184,RETURNED,2026-02-19,2026-05-20,2026-05-27,false,88,Repair vendor Aggeneys Rotating Equipment Service.
RPR-000262,000000000080000216,4000,2000008801,4500008746,00010,SESS-001004,ATT-000185,BACK_IN_STOCK,2026-04-07,2026-06-03,2026-06-09,false,53,Repair vendor Aggeneys Rotating Equipment Service.
RPR-000263,000000000080000217,2000,2000008802,4500008747,00010,SESS-001005,ATT-000186,EXPECTED_BACK,2026-06-06,2026-09-13,,false,,Repair vendor Namaqua Hydraulic Service Centre (P.
RPR-000264,000000000080000218,3000,2000008803,4500008748,00010,SESS-001006,ATT-000187,BACK_IN_STOCK,2025-12-03,2026-03-01,2026-03-15,false,92,Repair vendor Springbok Rewind Services (Pty) Ltd.
RPR-000265,000000000080000218,1000,2000008804,4500008749,00010,SESS-001007,ATT-000188,OVERDUE,2026-06-13,2026-08-08,,true,,Repair vendor Orange River Gearbox Refurbishment .
RPR-000266,000000000080000219,2000,2000008805,4500008750,00010,SESS-001008,ATT-000189,OVERDUE,2026-06-08,2026-08-14,,true,,Repair vendor Prieska Mechanical Repair Works (Pt.
RPR-000267,000000000080000220,2000,2000008806,4500008751,00010,SESS-001009,ATT-000190,OVERDUE,2026-04-30,2026-08-13,,true,,Repair vendor Springbok Mechanical Repair Works (.
RPR-000268,000000000080000221,2000,2000008807,4500008752,00010,SESS-001010,ATT-000191,BACK_IN_STOCK,2026-07-15,2026-08-27,2026-08-27,false,36,Repair vendor Gariep Hydraulic Service Centre (Pt.
RPR-000269,000000000080000222,1000,2000008808,4500008753,00010,SESS-001011,ATT-000192,IN_REPAIR,2026-07-31,2026-11-01,,false,,Repair vendor Orange River Hydraulic Service Cent.
RPR-000270,000000000080000222,3000,2000008809,4500008754,00010,SESS-001012,ATT-000193,IN_REPAIR,2026-07-17,2026-09-21,,false,,Repair vendor Namaqua Hydraulic Service Centre (P.
RPR-000271,000000000080000223,1000,2000008810,4500008755,00010,SESS-001013,ATT-000194,OVERDUE,2026-06-26,2026-08-24,,true,,Repair vendor Kalahari Rotating Equipment Service.
RPR-000272,000000000080000224,1000,2000008811,4500008756,00010,SESS-001014,ATT-000195,IN_REPAIR,2026-08-27,2026-10-05,,false,,Repair vendor Kalahari Rotating Equipment Service.
RPR-000273,000000000080000226,4000,2000008812,4500008757,00010,SESS-001015,ATT-000196,BACK_IN_STOCK,2025-12-16,2026-03-24,2026-04-15,false,110,Repair vendor Namaqua Hydraulic Service Centre (P.
RPR-000274,000000000080000227,3000,2000008813,4500008758,00010,SESS-001016,,BACK_IN_STOCK,2026-06-30,2026-08-17,2026-08-22,false,43,Repair vendor Orange River Gearbox Refurbishment .
RPR-000275,000000000080000228,4000,2000008814,4500008759,00010,SESS-001017,ATT-000197,RETURNED,2025-12-26,2026-03-14,2026-03-23,false,76,Repair vendor Gariep Hydraulic Service Centre (Pt.
RPR-000276,000000000080000229,2000,2000008815,4500008760,00010,SESS-001018,ATT-000198,IN_REPAIR,2026-08-07,2026-11-04,,false,,Repair vendor Orange River Gearbox Refurbishment .
RPR-000277,000000000080000230,1000,2000008816,4500008761,00010,SESS-001019,ATT-000199,RETURNED,2026-04-06,2026-06-02,2026-06-12,false,58,Repair vendor Copperton Gearbox Refurbishment (Pt.
RPR-000278,000000000080000230,4000,2000008817,4500008762,00010,SESS-001020,ATT-000200,IN_REPAIR,2026-08-07,2026-10-16,,false,,Repair vendor Aggeneys Rotating Equipment Service.
RPR-000279,000000000080000231,1000,2000008818,4500008763,00010,SESS-001021,ATT-000201,IN_REPAIR,2026-07-29,2026-10-15,,false,,Repair vendor Namaqua Mechanical Repair Works (Pt.
RPR-000280,000000000080000232,2000,2000008819,4500008764,00010,SESS-001022,ATT-000202,IN_REPAIR,2026-08-30,2026-11-05,,false,,Repair vendor Copperton Gearbox Refurbishment (Pt.
RPR-000281,000000000080000233,3000,2000008820,4500008765,00010,SESS-001023,ATT-000203,EXPECTED_BACK,2026-06-17,2026-09-07,,false,,Repair vendor Namaqua Hydraulic Service Centre (P.
RPR-000282,000000000080000234,2000,2000008821,4500008766,00010,SESS-001024,ATT-000204,RETURNED,2026-03-08,2026-04-27,2026-05-17,false,60,Repair vendor Namaqua Hydraulic Service Centre (P.
RPR-000283,000000000080000234,4000,,,,SESS-001025,,NEW_PURCHASE_INSTEAD,,,,false,,New purchase on 4500008767 while a repairable unit was on hand.
RPR-000284,000000000080000235,3000,2000008823,4500008768,00010,SESS-001026,,BACK_IN_STOCK,2026-03-03,2026-04-19,2026-04-27,false,44,Repair vendor Orange River Gearbox Refurbishment .
RPR-000285,000000000080000236,3000,2000008824,4500008769,00010,SESS-001027,ATT-000205,BACK_IN_STOCK,2026-04-02,2026-05-11,2026-05-18,false,37,Repair vendor Orange River Hydraulic Service Cent.
RPR-000286,000000000080000237,2000,2000008825,4500008770,00010,SESS-001028,ATT-000206,IN_REPAIR,2026-07-27,2026-10-22,,false,,Repair vendor Copperton Gearbox Refurbishment (Pt.
RPR-000287,000000000080000238,4000,2000008826,4500008771,00010,SESS-001029,ATT-000207,BACK_IN_STOCK,2025-12-25,2026-03-31,2026-03-31,false,89,Repair vendor Prieska Mechanical Repair Works (Pt.
RPR-000288,000000000080000239,2000,2000008827,4500008772,00010,SESS-001030,ATT-000208,OVERDUE,2026-06-07,2026-07-08,,true,,Repair vendor Prieska Mechanical Repair Works (Pt.
RPR-000289,000000000080000240,4000,2000008828,4500008773,00010,SESS-001031,ATT-000209,EXPECTED_BACK,2026-06-28,2026-09-10,,false,,Repair vendor Orange River Gearbox Refurbishment .
RPR-000290,000000000080000241,1000,2000008829,4500008774,00010,SESS-001032,,IN_REPAIR,2026-07-11,2026-10-08,,false,,Repair vendor Orange River Gearbox Refurbishment .
RPR-000291,000000000080000242,2000,2000008830,4500008775,00010,SESS-001033,ATT-000210,BACK_IN_STOCK,2026-05-07,2026-08-17,2026-08-27,false,103,Repair vendor Namaqua Mechanical Repair Works (Pt.
RPR-000292,000000000080000242,3000,2000008831,4500008776,00010,SESS-001034,,IN_REPAIR,2026-08-28,2026-10-21,,false,,Repair vendor Orange River Gearbox Refurbishment .
RPR-000293,000000000080000243,3000,2000008832,4500008777,00010,SESS-001035,ATT-000211,RETURNED,2026-04-30,2026-08-02,2026-08-22,false,110,Repair vendor Gariep Hydraulic Service Centre (Pt.
RPR-000294,000000000080000244,1000,2000008833,4500008778,00010,SESS-001036,ATT-000212,RETURNED,2026-05-19,2026-08-18,2026-09-02,false,100,Repair vendor Orange River Hydraulic Service Cent.
RPR-000295,000000000080000245,4000,2000008834,4500008779,00010,SESS-001037,ATT-000213,BACK_IN_STOCK,2026-03-06,2026-06-06,2026-06-10,false,84,Repair vendor Namaqua Hydraulic Service Centre (P.
RPR-000296,000000000080000246,1000,2000008835,4500008780,00010,SESS-001038,ATT-000214,BACK_IN_STOCK,2026-02-03,2026-03-12,2026-03-14,false,31,Repair vendor Kalahari Rotating Equipment Service.
RPR-000297,000000000080000246,4000,2000008836,4500008781,00010,SESS-001039,ATT-000215,OVERDUE,2026-05-23,2026-07-05,,true,,Repair vendor Kalahari Rotating Equipment Service.
RPR-000298,000000000080000247,1000,2000008837,4500008782,00010,SESS-001040,ATT-000216,BACK_IN_STOCK,2026-04-20,2026-05-30,2026-06-23,false,55,Repair vendor Springbok Hydraulic Service Centre .
RPR-000299,000000000080000248,2000,2000008838,4500008783,00010,SESS-001041,ATT-000217,RETURNED,2025-12-16,2026-03-06,2026-03-14,false,79,Repair vendor Gariep Hydraulic Service Centre (Pt.
RPR-000300,000000000080000248,4000,,,,SESS-001042,,NEW_PURCHASE_INSTEAD,,,,false,,New purchase on 4500008784 while a repairable unit was on hand.
RPR-000301,000000000080000249,1000,,,,SESS-001043,,NEW_PURCHASE_INSTEAD,,,,false,,New purchase on 4500008785 while a repairable unit was on hand.
RPR-000302,000000000080000250,2000,2000008841,4500008786,00010,SESS-001044,ATT-000218,EXPECTED_BACK,2026-07-07,2026-09-09,,false,,Repair vendor Springbok Mechanical Repair Works (.
RPR-000303,000000000080000251,2000,2000008842,4500008787,00010,SESS-001045,,IN_REPAIR,2026-08-24,2026-09-27,,false,,Repair vendor Orange River Gearbox Refurbishment .
RPR-000304,000000000080000252,1000,2000008843,4500008788,00010,SESS-001046,,IN_REPAIR,2026-07-14,2026-10-12,,false,,Repair vendor Springbok Mechanical Repair Works (.
RPR-000305,000000000080000253,3000,2000008844,4500008789,00010,SESS-001047,,OVERDUE,2026-04-08,2026-07-10,,true,,Repair vendor Copperton Gearbox Refurbishment (Pt.
RPR-000306,000000000080000254,4000,2000008845,4500008790,00010,SESS-001048,ATT-000219,OVERDUE,2026-05-10,2026-06-24,,true,,Repair vendor Orange River Hydraulic Service Cent.
RPR-000307,000000000080000255,4000,,,,SESS-001049,,NEW_PURCHASE_INSTEAD,,,,false,,New purchase on 4500008791 while a repairable unit was on hand.
RPR-000308,000000000080000256,1000,2000008847,4500008792,00010,SESS-001050,,RETURNED,2025-12-22,2026-03-24,2026-04-16,false,102,Repair vendor Kalahari Rotating Equipment Service.
RPR-000309,000000000080000257,2000,,,,SESS-001051,,NEW_PURCHASE_INSTEAD,,,,false,,New purchase on 4500008793 while a repairable unit was on hand.
RPR-000310,000000000080000258,4000,2000008849,4500008794,00010,SESS-001052,ATT-000220,EXPECTED_BACK,2026-06-28,2026-09-07,,false,,Repair vendor Springbok Rewind Services (Pty) Ltd.
RPR-000311,000000000080000258,2000,2000008850,4500008795,00010,SESS-001053,ATT-000221,IN_REPAIR,2026-08-19,2026-11-08,,false,,Repair vendor Springbok Hydraulic Service Centre .
RPR-000312,000000000080000259,1000,2000008851,4500008796,00010,SESS-001054,ATT-000222,OVERDUE,2026-05-18,2026-06-28,,true,,Repair vendor Prieska Mechanical Repair Works (Pt.
RPR-000313,000000000080000260,4000,2000008852,4500008797,00010,SESS-001055,,BACK_IN_STOCK,2026-04-25,2026-07-31,2026-08-02,false,95,Repair vendor Kalahari Rotating Equipment Service.
RPR-000314,000000000080000261,3000,,,,SESS-001056,,NEW_PURCHASE_INSTEAD,,,,false,,New purchase on 4500008798 while a repairable unit was on hand.
RPR-000315,000000000080000262,2000,2000008854,4500008799,00010,SESS-001057,ATT-000223,OVERDUE,2026-06-07,2026-08-26,,true,,Repair vendor Orange River Gearbox Refurbishment .
RPR-000316,000000000080000262,1000,2000008855,4500008800,00010,SESS-001058,ATT-000224,EXPECTED_BACK,2026-06-14,2026-09-10,,false,,Repair vendor Springbok Hydraulic Service Centre .
RPR-000317,000000000080000263,3000,2000008856,4500008801,00010,SESS-001059,ATT-000225,OVERDUE,2026-03-07,2026-06-12,,true,,Repair vendor Springbok Rewind Services (Pty) Ltd.
RPR-000318,000000000080000264,4000,2000008857,4500008802,00010,SESS-001060,,IN_REPAIR,2026-08-30,2026-10-16,,false,,Repair vendor Orange River Gearbox Refurbishment .
RPR-000319,000000000080000265,2000,2000008858,4500008803,00010,SESS-001061,ATT-000226,BACK_IN_STOCK,2026-02-06,2026-03-06,2026-03-09,false,24,Repair vendor Springbok Mechanical Repair Works (.
RPR-000320,000000000080000266,3000,2000008859,4500008804,00010,SESS-001062,ATT-000227,IN_REPAIR,2026-08-04,2026-10-18,,false,,Repair vendor Namaqua Hydraulic Service Centre (P.
RPR-000321,000000000080000267,4000,2000008860,4500008805,00010,SESS-001063,ATT-000228,BACK_IN_STOCK,2025-10-20,2026-01-31,2026-02-10,false,105,Repair vendor Aggeneys Rotating Equipment Service.
