Rsnum,Rspos,Matnr,Werks,status,confirmed_used,confirmation_date,replanned_date,reason
1000000000,0001,000000000030000000,4000,AWAITING_USE,false,,,
1000000001,0001,000000000030000000,4000,USED,true,2026-07-28,,
1000000002,0001,000000000030000000,4000,AWAITING_USE,false,,,
1000000003,0001,000000000030000000,1000,PARTIALLY_USED,true,2026-06-30,,
1000000004,0001,000000000030000001,1000,USED,true,2026-04-16,,
1000000005,0001,000000000030000001,1000,PARTIALLY_USED,true,2025-11-27,,
1000000006,0001,000000000030000002,3000,AWAITING_USE,false,,,
1000000007,0001,000000000030000002,3000,PARTIALLY_USED,true,2026-03-08,,
1000000008,0001,000000000030000002,3000,USED,true,2026-02-21,,
1000000009,0001,000000000030000003,4000,AWAITING_PURCHASE_ORDER,false,,,
1000000010,0001,000000000030000003,1000,OVERDUE_USE,false,,,SHUTDOWN_DEFERRED_TO_NEXT_WINDOW
1000000011,0001,000000000030000003,1000,AWAITING_PURCHASE_ORDER,false,,,
1000000012,0001,000000000030000003,1000,AWAITING_USE,false,,,
1000000013,0001,000000000030000004,4000,PARTIALLY_USED,true,2026-01-02,,
1000000014,0001,000000000030000004,4000,AWAITING_PURCHASE_ORDER,false,,,
1000000015,0001,000000000030000004,4000,OVERDUE_USE,false,,,SHUTDOWN_DEFERRED_TO_NEXT_WINDOW
1000000016,0001,000000000030000005,3000,OVERDUE_USE,false,,,SCOPE_CANCELLED_UNIT_HELD_AS_SPARE
1000000017,0001,000000000030000005,3000,OVERDUE_USE,false,,2026-10-06,SHUTDOWN_DEFERRED_TO_NEXT_WINDOW
1000000018,0001,000000000030000006,2000,OVERDUE_USE,false,,2026-10-07,SHUTDOWN_DEFERRED_TO_NEXT_WINDOW
1000000019,0001,000000000030000007,1000,PARTIALLY_USED,true,2026-07-16,,
1000000020,0001,000000000030000007,1000,USED,true,2026-05-31,,
1000000021,0001,000000000030000007,1000,USED,true,2025-11-30,,
1000000022,0001,000000000030000008,3000,AWAITING_PURCHASE_ORDER,false,,,
1000000023,0001,000000000030000008,3000,PARTIALLY_USED,true,2026-06-13,,
1000000024,0001,000000000030000009,3000,USED,true,2026-03-08,,
1000000025,0001,000000000030000009,3000,AWAITING_USE,false,,,
1000000026,0001,000000000030000009,3000,AWAITING_USE,false,,,
1000000027,0001,000000000030000010,4000,AWAITING_USE,false,,,
1000000028,0001,000000000030000010,4000,OVERDUE_USE,false,,,SHUTDOWN_DEFERRED_TO_NEXT_WINDOW
1000000029,0001,000000000030000011,1000,OVERDUE_USE,false,,2026-09-16,EQUIPMENT_STILL_IN_SERVICE
1000000030,0001,000000000030000011,1000,PARTIALLY_USED,true,2026-03-28,,
1000000031,0001,000000000030000011,1000,OVERDUE_USE,false,,2026-09-02,SHUTDOWN_DEFERRED_TO_NEXT_WINDOW
1000000032,0001,000000000030000011,3000,USED,true,2026-04-29,,
1000000033,0001,000000000030000011,3000,USED,true,2026-01-19,,
1000000034,0001,000000000030000011,3000,USED,true,2026-07-25,,
1000000035,0001,000000000030000012,3000,USED,true,2026-07-06,,
1000000036,0001,000000000030000012,3000,USED,true,2026-02-05,,
1000000037,0001,000000000030000013,2000,USED,true,2026-03-07,,
1000000038,0001,000000000030000014,1000,USED,true,2025-12-31,,
1000000039,0001,000000000030000014,1000,AWAITING_USE,false,,,
1000000040,0001,000000000030000014,1000,USED,true,2026-05-14,,
1000000041,0001,000000000030000015,3000,USED,true,2026-04-17,,
1000000042,0001,000000000030000015,3000,USED,true,2026-04-18,,
1000000043,0001,000000000030000016,3000,USED,true,2026-06-23,,
1000000044,0001,000000000030000016,1000,USED,true,2026-02-18,,
1000000045,0001,000000000030000016,1000,OVERDUE_USE,false,,2026-09-20,SCOPE_CANCELLED_UNIT_HELD_AS_SPARE
1000000046,0001,000000000030000016,1000,AWAITING_USE,false,,,
1000000047,0001,000000000030000017,3000,USED,true,2026-08-20,,
1000000048,0001,000000000030000018,4000,OVERDUE_USE,false,,,SHUTDOWN_DEFERRED_TO_NEXT_WINDOW
1000000049,0001,000000000030000019,1000,USED,true,2026-03-09,,
1000000050,0001,000000000030000019,3000,PARTIALLY_USED,true,2026-05-22,,
1000000051,0001,000000000030000020,2000,USED,true,2026-06-30,,
1000000052,0001,000000000030000021,1000,USED,true,2026-08-18,,
1000000053,0001,000000000030000021,1000,PARTIALLY_USED,true,2026-09-03,,
1000000054,0001,000000000030000021,1000,AWAITING_USE,false,,,
1000000055,0001,000000000030000021,4000,AWAITING_USE,false,,,
1000000056,0001,000000000030000021,4000,OVERDUE_USE,false,,,EQUIPMENT_STILL_IN_SERVICE
1000000057,0001,000000000030000022,4000,OVERDUE_USE,false,,,EQUIPMENT_STILL_IN_SERVICE
1000000058,0001,000000000030000022,1000,AWAITING_USE,false,,,
1000000059,0001,000000000030000022,1000,PARTIALLY_USED,true,2026-08-30,,
1000000060,0001,000000000030000022,1000,USED,true,2026-02-07,,
1000000061,0001,000000000030000023,1000,USED,true,2026-05-03,,
1000000062,0001,000000000030000023,1000,AWAITING_USE,false,,,
1000000063,0001,000000000030000024,1000,PARTIALLY_USED,true,2026-01-28,,
1000000064,0001,000000000030000025,3000,AWAITING_PURCHASE_ORDER,false,,,
1000000065,0001,000000000030000025,3000,AWAITING_PURCHASE_ORDER,false,,,
1000000066,0001,000000000030000025,3000,AWAITING_USE,false,,,
1000000067,0001,000000000030000026,3000,AWAITING_USE,false,,,
1000000068,0001,000000000030000027,2000,AWAITING_USE,false,,,
1000000069,0001,000000000030000027,4000,USED,true,2026-07-16,,
1000000070,0001,000000000030000027,4000,USED,true,2026-08-07,,
1000000071,0001,000000000030000028,1000,USED,true,2026-03-29,,
1000000072,0001,000000000030000028,4000,AWAITING_USE,false,,,
1000000073,0001,000000000030000028,4000,USED,true,2026-06-10,,
1000000074,0001,000000000030000028,4000,OVERDUE_USE,false,,,SCOPE_CANCELLED_UNIT_HELD_AS_SPARE
1000000075,0001,000000000030000029,1000,USED,true,2026-01-24,,
1000000076,0001,000000000030000029,1000,AWAITING_USE,false,,,
1000000077,0001,000000000030000030,3000,AWAITING_USE,false,,,
1000000078,0001,000000000030000030,3000,OVERDUE_USE,false,,,SCOPE_CANCELLED_UNIT_HELD_AS_SPARE
1000000079,0001,000000000030000030,3000,OVERDUE_USE,false,,2026-09-03,EQUIPMENT_STILL_IN_SERVICE
1000000080,0001,000000000030000030,4000,AWAITING_PURCHASE_ORDER,false,,,
1000000081,0001,000000000030000031,3000,AWAITING_USE,false,,,
1000000082,0001,000000000030000031,3000,OVERDUE_USE,false,,2026-08-06,EQUIPMENT_STILL_IN_SERVICE
1000000083,0001,000000000030000032,2000,OVERDUE_USE,false,,,SHUTDOWN_DEFERRED_TO_NEXT_WINDOW
1000000084,0001,000000000030000032,2000,AWAITING_PURCHASE_ORDER,false,,,
1000000085,0001,000000000030000032,2000,AWAITING_USE,false,,,
1000000086,0001,000000000030000032,4000,USED,true,2026-04-28,,
1000000087,0001,000000000030000032,4000,USED,true,2026-01-25,,
1000000088,0001,000000000030000033,2000,USED,true,2026-05-21,,
1000000089,0001,000000000030000033,2000,USED,true,2026-01-30,,
1000000090,0001,000000000030000033,2000,USED,true,2026-01-16,,
1000000091,0001,000000000030000034,1000,USED,true,2026-07-26,,
1000000092,0001,000000000030000035,4000,USED,true,2026-02-26,,
1000000093,0001,000000000030000035,4000,OVERDUE_USE,false,,,SCOPE_CANCELLED_UNIT_HELD_AS_SPARE
1000000094,0001,000000000030000035,4000,PARTIALLY_USED,true,2026-08-28,,
1000000095,0001,000000000030000036,1000,USED,true,2026-04-17,,
1000000096,0001,000000000030000036,1000,USED,true,2025-11-29,,
1000000097,0001,000000000030000036,1000,AWAITING_USE,false,,,
1000000098,0001,000000000030000037,4000,USED,true,2026-04-12,,
1000000099,0001,000000000030000037,4000,USED,true,2026-06-20,,
1000000100,0001,000000000030000037,1000,USED,true,2026-06-25,,
1000000101,0001,000000000030000038,4000,PARTIALLY_USED,true,2026-07-26,,
1000000102,0001,000000000030000038,4000,PARTIALLY_USED,true,2026-08-13,,
1000000103,0001,000000000030000039,1000,AWAITING_USE,false,,,
1000000104,0001,000000000030000039,1000,OVERDUE_USE,false,,,EQUIPMENT_STILL_IN_SERVICE
1000000105,0001,000000000030000039,1000,USED,true,2026-07-02,,
1000000106,0001,000000000030000040,1000,OVERDUE_USE,false,,2026-07-02,SHUTDOWN_DEFERRED_TO_NEXT_WINDOW
1000000107,0001,000000000030000040,1000,USED,true,2025-12-22,,
1000000108,0001,000000000030000040,1000,OVERDUE_USE,false,,,EQUIPMENT_STILL_IN_SERVICE
1000000109,0001,000000000030000041,2000,AWAITING_USE,false,,,
1000000110,0001,000000000030000042,4000,USED,true,2026-08-03,,
1000000111,0001,000000000030000042,4000,USED,true,2025-12-14,,
1000000112,0001,000000000030000043,3000,OVERDUE_USE,false,,,SHUTDOWN_DEFERRED_TO_NEXT_WINDOW
1000000113,0001,000000000030000043,3000,AWAITING_USE,false,,,
1000000114,0001,000000000030000044,3000,USED,true,2026-09-03,,
1000000115,0001,000000000030000044,3000,PARTIALLY_USED,true,2026-06-10,,
1000000116,0001,000000000030000045,2000,AWAITING_USE,false,,,
1000000117,0001,000000000030000045,2000,AWAITING_USE,false,,,
1000000118,0001,000000000030000046,3000,AWAITING_USE,false,,,
1000000119,0001,000000000030000046,3000,AWAITING_USE,false,,,
1000000120,0001,000000000030000046,3000,AWAITING_USE,false,,,
1000000121,0001,000000000030000046,4000,AWAITING_USE,false,,,
1000000122,0001,000000000030000046,4000,USED,true,2026-01-14,,
1000000123,0001,000000000030000047,1000,USED,true,2026-01-15,,
1000000124,0001,000000000030000047,1000,USED,true,2026-03-05,,
1000000125,0001,000000000030000047,1000,USED,true,2026-05-13,,
1000000126,0001,000000000030000048,4000,OVERDUE_USE,false,,2026-09-15,EQUIPMENT_STILL_IN_SERVICE
1000000127,0001,000000000030000048,4000,OVERDUE_USE,false,,,SCOPE_CANCELLED_UNIT_HELD_AS_SPARE
1000000128,0001,000000000030000049,2000,AWAITING_USE,false,,,
1000000129,0001,000000000030000049,2000,PARTIALLY_USED,true,2026-05-17,,
1000000130,0001,000000000030000050,3000,OVERDUE_USE,false,,2026-09-05,SHUTDOWN_DEFERRED_TO_NEXT_WINDOW
1000000131,0001,000000000030000050,3000,USED,true,2025-12-22,,
1000000132,0001,000000000030000050,3000,USED,true,2026-03-03,,
1000000133,0001,000000000030000051,1000,USED,true,2026-05-09,,
1000000134,0001,000000000030000051,1000,AWAITING_USE,false,,,
1000000135,0001,000000000030000051,1000,USED,true,2026-09-06,,
1000000136,0001,000000000030000052,1000,OVERDUE_USE,false,,2026-10-02,SHUTDOWN_DEFERRED_TO_NEXT_WINDOW
1000000137,0001,000000000030000052,1000,USED,true,2026-09-07,,
1000000138,0001,000000000030000052,1000,USED,true,2026-02-08,,
1000000139,0001,000000000030000053,1000,AWAITING_PURCHASE_ORDER,false,,,
1000000140,0001,000000000030000054,3000,AWAITING_PURCHASE_ORDER,false,,,
1000000141,0001,000000000030000054,3000,AWAITING_PURCHASE_ORDER,false,,,
1000000142,0001,000000000030000055,4000,AWAITING_USE,false,,,
1000000143,0001,000000000030000055,1000,USED,true,2026-05-23,,
1000000144,0001,000000000030000055,1000,OVERDUE_USE,false,,2026-08-15,EQUIPMENT_STILL_IN_SERVICE
1000000145,0001,000000000030000055,1000,USED,true,2026-07-16,,
1000000146,0001,000000000030000056,2000,PARTIALLY_USED,true,2026-09-07,,
1000000147,0001,000000000030000056,2000,USED,true,2026-04-21,,
1000000148,0001,000000000030000056,2000,AWAITING_USE,false,,,
1000000149,0001,000000000030000057,4000,AWAITING_USE,false,,,
1000000150,0001,000000000030000057,4000,AWAITING_USE,false,,,
1000000151,0001,000000000030000057,4000,USED,true,2026-05-26,,
1000000152,0001,000000000030000058,2000,USED,true,2026-01-26,,
1000000153,0001,000000000030000058,2000,OVERDUE_USE,false,,2026-07-22,SCOPE_CANCELLED_UNIT_HELD_AS_SPARE
1000000154,0001,000000000030000059,4000,USED,true,2026-09-02,,
1000000155,0001,000000000030000059,4000,USED,true,2026-05-27,,
1000000156,0001,000000000030000060,3000,AWAITING_PURCHASE_ORDER,false,,,
1000000157,0001,000000000030000060,3000,OVERDUE_USE,false,,,SHUTDOWN_DEFERRED_TO_NEXT_WINDOW
1000000158,0001,000000000030000060,3000,OVERDUE_USE,false,,,EQUIPMENT_STILL_IN_SERVICE
1000000159,0001,000000000030000061,4000,AWAITING_USE,false,,,
1000000160,0001,000000000030000061,4000,OVERDUE_USE,false,,,SHUTDOWN_DEFERRED_TO_NEXT_WINDOW
1000000161,0001,000000000030000061,4000,OVERDUE_USE,false,,2026-09-18,EQUIPMENT_STILL_IN_SERVICE
1000000162,0001,000000000030000062,2000,USED,true,2026-06-12,,
1000000163,0001,000000000030000063,4000,USED,true,2026-05-03,,
1000000164,0001,000000000030000063,4000,AWAITING_USE,false,,,
1000000165,0001,000000000030000064,4000,OVERDUE_USE,false,,,SCOPE_CANCELLED_UNIT_HELD_AS_SPARE
1000000166,0001,000000000030000064,4000,AWAITING_USE,false,,,
1000000167,0001,000000000030000064,1000,USED,true,2025-12-02,,
1000000168,0001,000000000030000064,1000,USED,true,2025-12-13,,
1000000169,0001,000000000030000064,1000,OVERDUE_USE,false,,,EQUIPMENT_STILL_IN_SERVICE
1000000170,0001,000000000030000065,4000,AWAITING_PURCHASE_ORDER,false,,,
1000000171,0001,000000000030000066,3000,AWAITING_USE,false,,,
1000000172,0001,000000000030000066,3000,AWAITING_USE,false,,,
1000000173,0001,000000000030000067,1000,USED,true,2026-06-06,,
1000000174,0001,000000000030000068,1000,USED,true,2026-01-22,,
1000000175,0001,000000000030000068,1000,USED,true,2026-04-01,,
1000000176,0001,000000000030000068,1000,PARTIALLY_USED,true,2026-02-11,,
1000000177,0001,000000000030000069,3000,PARTIALLY_USED,true,2026-04-10,,
1000000178,0001,000000000030000069,3000,USED,true,2026-01-22,,
1000000179,0001,000000000030000069,4000,USED,true,2026-04-30,,
1000000180,0001,000000000030000070,1000,USED,true,2026-03-25,,
1000000181,0001,000000000030000070,1000,USED,true,2026-06-17,,
1000000182,0001,000000000030000070,1000,PARTIALLY_USED,true,2026-06-30,,
1000000183,0001,000000000030000071,3000,AWAITING_USE,false,,,
1000000184,0001,000000000030000071,3000,USED,true,2026-07-04,,
1000000185,0001,000000000030000072,4000,PARTIALLY_USED,true,2026-03-02,,
1000000186,0001,000000000030000073,4000,USED,true,2026-05-18,,
1000000187,0001,000000000030000073,3000,AWAITING_USE,false,,,
1000000188,0001,000000000030000073,3000,USED,true,2026-05-09,,
1000000189,0001,000000000030000074,4000,AWAITING_USE,false,,,
1000000190,0001,000000000030000074,2000,USED,true,2026-05-01,,
1000000191,0001,000000000030000074,2000,USED,true,2026-09-04,,
1000000192,0001,000000000030000075,4000,USED,true,2026-08-22,,
1000000193,0001,000000000030000075,4000,USED,true,2026-06-09,,
1000000194,0001,000000000030000076,2000,USED,true,2026-04-01,,
1000000195,0001,000000000030000076,2000,USED,true,2026-05-15,,
1000000196,0001,000000000030000077,1000,USED,true,2026-02-19,,
1000000197,0001,000000000030000077,1000,OVERDUE_USE,false,,2026-09-10,SCOPE_CANCELLED_UNIT_HELD_AS_SPARE
1000000198,0001,000000000030000078,4000,AWAITING_USE,false,,,
1000000199,0001,000000000030000079,4000,AWAITING_PURCHASE_ORDER,false,,,
1000000200,0001,000000000030000079,4000,OVERDUE_USE,false,,,SCOPE_CANCELLED_UNIT_HELD_AS_SPARE
1000000201,0001,000000000030000079,4000,USED,true,2026-01-10,,
1000000202,0001,000000000030000080,4000,AWAITING_USE,false,,,
1000000203,0001,000000000030000080,4000,USED,true,2026-05-22,,
1000000204,0001,000000000030000080,4000,USED,true,2026-09-07,,
1000000205,0001,000000000030000080,3000,USED,true,2026-07-31,,
1000000206,0001,000000000030000081,4000,USED,true,2026-06-26,,
1000000207,0001,000000000030000082,1000,AWAITING_USE,false,,,
1000000208,0001,000000000030000083,1000,OVERDUE_USE,false,,2026-10-09,SCOPE_CANCELLED_UNIT_HELD_AS_SPARE
1000000209,0001,000000000030000083,1000,AWAITING_PURCHASE_ORDER,false,,,
1000000210,0001,000000000030000084,4000,USED,true,2026-06-24,,
1000000211,0001,000000000030000084,4000,USED,true,2026-03-26,,
1000000212,0001,000000000030000084,3000,AWAITING_USE,false,,,
1000000213,0001,000000000030000085,3000,AWAITING_USE,false,,,
1000000214,0001,000000000030000086,2000,USED,true,2026-03-25,,
1000000215,0001,000000000030000086,2000,OVERDUE_USE,false,,,SHUTDOWN_DEFERRED_TO_NEXT_WINDOW
1000000216,0001,000000000030000087,2000,OVERDUE_USE,false,,,SHUTDOWN_DEFERRED_TO_NEXT_WINDOW
1000000217,0001,000000000030000087,2000,AWAITING_PURCHASE_ORDER,false,,,
1000000218,0001,000000000030000087,2000,OVERDUE_USE,false,,2026-09-02,SHUTDOWN_DEFERRED_TO_NEXT_WINDOW
1000000219,0001,000000000030000088,4000,AWAITING_USE,false,,,
1000000220,0001,000000000030000089,2000,AWAITING_USE,false,,,
1000000221,0001,000000000030000089,2000,USED,true,2026-06-08,,
1000000222,0001,000000000030000089,4000,OVERDUE_USE,false,,,SCOPE_CANCELLED_UNIT_HELD_AS_SPARE
1000000223,0001,000000000030000090,4000,OVERDUE_USE,false,,2026-09-23,SCOPE_CANCELLED_UNIT_HELD_AS_SPARE
1000000224,0001,000000000030000090,3000,OVERDUE_USE,false,,2026-08-12,EQUIPMENT_STILL_IN_SERVICE
1000000225,0001,000000000030000090,3000,USED,true,2026-01-06,,
1000000226,0001,000000000030000091,1000,USED,true,2026-08-08,,
1000000227,0001,000000000030000091,1000,USED,true,2026-08-21,,
1000000228,0001,000000000030000092,2000,AWAITING_USE,false,,,
1000000229,0001,000000000030000092,2000,USED,true,2026-06-25,,
1000000230,0001,000000000030000093,1000,AWAITING_USE,false,,,
1000000231,0001,000000000030000094,3000,PARTIALLY_USED,true,2026-01-11,,
1000000232,0001,000000000030000094,3000,USED,true,2026-08-28,,
1000000233,0001,000000000030000095,4000,USED,true,2026-07-31,,
1000000234,0001,000000000030000096,1000,AWAITING_USE,false,,,
1000000235,0001,000000000030000096,1000,USED,true,2026-03-06,,
1000000236,0001,000000000030000097,2000,AWAITING_USE,false,,,
1000000237,0001,000000000030000098,3000,AWAITING_PURCHASE_ORDER,false,,,
1000000238,0001,000000000030000098,1000,AWAITING_USE,false,,,
1000000239,0001,000000000030000099,1000,AWAITING_USE,false,,,
1000000240,0001,000000000030000099,1000,AWAITING_USE,false,,,
1000000241,0001,000000000030000099,1000,USED,true,2026-07-09,,
1000000242,0001,000000000030000100,3000,OVERDUE_USE,false,,2026-11-28,EQUIPMENT_STILL_IN_SERVICE
1000000243,0001,000000000030000100,3000,OVERDUE_USE,false,,,SCOPE_CANCELLED_UNIT_HELD_AS_SPARE
1000000244,0001,000000000030000101,4000,OVERDUE_USE,false,,,SHUTDOWN_DEFERRED_TO_NEXT_WINDOW
1000000245,0001,000000000030000102,1000,AWAITING_USE,false,,,
1000000246,0001,000000000030000102,1000,AWAITING_USE,false,,,
1000000247,0001,000000000030000102,1000,PARTIALLY_USED,true,2026-07-05,,
1000000248,0001,000000000030000102,4000,USED,true,2026-01-16,,
1000000249,0001,000000000030000102,4000,OVERDUE_USE,false,,,SHUTDOWN_DEFERRED_TO_NEXT_WINDOW
1000000250,0001,000000000030000103,4000,USED,true,2026-04-20,,
1000000251,0001,000000000030000104,4000,USED,true,2026-07-11,,
1000000252,0001,000000000030000104,4000,USED,true,2026-03-16,,
1000000253,0001,000000000030000105,3000,AWAITING_USE,false,,,
1000000254,0001,000000000030000105,3000,OVERDUE_USE,false,,,EQUIPMENT_STILL_IN_SERVICE
1000000255,0001,000000000030000105,3000,USED,true,2026-02-13,,
1000000256,0001,000000000030000105,2000,AWAITING_PURCHASE_ORDER,false,,,
1000000257,0001,000000000030000105,2000,USED,true,2026-04-22,,
1000000258,0001,000000000030000105,2000,USED,true,2026-04-21,,
1000000259,0001,000000000030000106,2000,AWAITING_USE,false,,,
1000000260,0001,000000000030000107,3000,AWAITING_USE,false,,,
1000000261,0001,000000000030000108,2000,AWAITING_PURCHASE_ORDER,false,,,
1000000262,0001,000000000030000108,2000,USED,true,2026-09-07,,
1000000263,0001,000000000030000108,2000,OVERDUE_USE,false,,,SHUTDOWN_DEFERRED_TO_NEXT_WINDOW
1000000264,0001,000000000030000108,1000,AWAITING_PURCHASE_ORDER,false,,,
1000000265,0001,000000000030000108,1000,OVERDUE_USE,false,,,SCOPE_CANCELLED_UNIT_HELD_AS_SPARE
1000000266,0001,000000000030000108,1000,AWAITING_USE,false,,,
1000000267,0001,000000000030000109,1000,USED,true,2026-05-27,,
1000000268,0001,000000000030000109,1000,OVERDUE_USE,false,,,SHUTDOWN_DEFERRED_TO_NEXT_WINDOW
1000000269,0001,000000000030000109,1000,AWAITING_USE,false,,,
1000000270,0001,000000000030000110,2000,AWAITING_USE,false,,,
1000000271,0001,000000000030000111,3000,USED,true,2026-07-08,,
1000000272,0001,000000000030000111,3000,USED,true,2026-02-08,,
1000000273,0001,000000000030000112,2000,PARTIALLY_USED,true,2026-08-25,,
1000000274,0001,000000000030000113,4000,PARTIALLY_USED,true,2026-01-06,,
1000000275,0001,000000000030000114,3000,PARTIALLY_USED,true,2026-08-14,,
1000000276,0001,000000000030000114,3000,USED,true,2026-05-23,,
1000000277,0001,000000000030000114,3000,AWAITING_USE,false,,,
1000000278,0001,000000000030000115,3000,USED,true,2026-06-16,,
1000000279,0001,000000000030000115,3000,AWAITING_USE,false,,,
1000000280,0001,000000000030000116,1000,PARTIALLY_USED,true,2026-04-20,,
1000000281,0001,000000000030000116,1000,USED,true,2026-09-07,,
1000000282,0001,000000000030000116,1000,OVERDUE_USE,false,,2026-10-16,SCOPE_CANCELLED_UNIT_HELD_AS_SPARE
1000000283,0001,000000000030000117,4000,AWAITING_USE,false,,,
1000000284,0001,000000000030000118,4000,USED,true,2026-01-25,,
1000000285,0001,000000000030000118,4000,USED,true,2026-03-13,,
1000000286,0001,000000000030000118,4000,AWAITING_USE,false,,,
1000000287,0001,000000000030000119,3000,AWAITING_USE,false,,,
1000000288,0001,000000000030000119,3000,USED,true,2026-04-14,,
1000000289,0001,000000000030000120,3000,PARTIALLY_USED,true,2026-01-13,,
1000000290,0001,000000000030000120,3000,OVERDUE_USE,false,,2026-08-25,SCOPE_CANCELLED_UNIT_HELD_AS_SPARE
1000000291,0001,000000000030000120,3000,OVERDUE_USE,false,,2026-08-24,SCOPE_CANCELLED_UNIT_HELD_AS_SPARE
1000000292,0001,000000000030000121,3000,AWAITING_PURCHASE_ORDER,false,,,
1000000293,0001,000000000030000122,3000,USED,true,2026-03-14,,
1000000294,0001,000000000030000122,3000,USED,true,2025-12-30,,
1000000295,0001,000000000030000123,1000,USED,true,2026-05-15,,
1000000296,0001,000000000030000123,1000,USED,true,2026-03-24,,
1000000297,0001,000000000030000123,4000,AWAITING_USE,false,,,
1000000298,0001,000000000030000123,4000,USED,true,2026-04-26,,
1000000299,0001,000000000030000124,3000,PARTIALLY_USED,true,2026-04-24,,
1000000300,0001,000000000030000124,3000,PARTIALLY_USED,true,2026-02-09,,
1000000301,0001,000000000030000124,3000,USED,true,2026-05-08,,
1000000302,0001,000000000030000125,3000,AWAITING_USE,false,,,
1000000303,0001,000000000030000125,1000,AWAITING_USE,false,,,
1000000304,0001,000000000030000126,1000,USED,true,2026-05-11,,
1000000305,0001,000000000030000127,2000,AWAITING_USE,false,,,
1000000306,0001,000000000030000127,2000,OVERDUE_USE,false,,2026-07-20,SHUTDOWN_DEFERRED_TO_NEXT_WINDOW
1000000307,0001,000000000030000128,3000,USED,true,2026-08-19,,
1000000308,0001,000000000030000128,3000,OVERDUE_USE,false,,2026-07-20,SCOPE_CANCELLED_UNIT_HELD_AS_SPARE
1000000309,0001,000000000030000128,3000,USED,true,2026-05-14,,
1000000310,0001,000000000030000129,2000,USED,true,2026-09-07,,
1000000311,0001,000000000030000129,2000,AWAITING_USE,false,,,
1000000312,0001,000000000030000129,2000,AWAITING_PURCHASE_ORDER,false,,,
1000000313,0001,000000000030000130,4000,USED,true,2026-05-05,,
1000000314,0001,000000000030000130,4000,OVERDUE_USE,false,,,SCOPE_CANCELLED_UNIT_HELD_AS_SPARE
1000000315,0001,000000000030000130,2000,AWAITING_USE,false,,,
1000000316,0001,000000000030000130,2000,AWAITING_USE,false,,,
1000000317,0001,000000000030000131,3000,USED,true,2026-01-15,,
1000000318,0001,000000000030000131,3000,AWAITING_USE,false,,,
1000000319,0001,000000000030000132,3000,AWAITING_USE,false,,,
1000000320,0001,000000000030000132,3000,AWAITING_PURCHASE_ORDER,false,,,
1000000321,0001,000000000030000132,3000,OVERDUE_USE,false,,,SHUTDOWN_DEFERRED_TO_NEXT_WINDOW
1000000322,0001,000000000030000133,4000,OVERDUE_USE,false,,2026-07-29,EQUIPMENT_STILL_IN_SERVICE
1000000323,0001,000000000030000133,4000,OVERDUE_USE,false,,2026-09-18,EQUIPMENT_STILL_IN_SERVICE
1000000324,0001,000000000030000134,2000,USED,true,2026-07-02,,
1000000325,0001,000000000030000135,4000,USED,true,2026-07-01,,
1000000326,0001,000000000030000135,4000,AWAITING_PURCHASE_ORDER,false,,,
1000000327,0001,000000000030000136,3000,OVERDUE_USE,false,,,SHUTDOWN_DEFERRED_TO_NEXT_WINDOW
1000000328,0001,000000000030000136,3000,USED,true,2026-01-19,,
1000000329,0001,000000000030000137,3000,AWAITING_PURCHASE_ORDER,false,,,
1000000330,0001,000000000030000138,4000,AWAITING_USE,false,,,
1000000331,0001,000000000030000139,3000,OVERDUE_USE,false,,2026-06-12,SHUTDOWN_DEFERRED_TO_NEXT_WINDOW
1000000332,0001,000000000030000140,3000,AWAITING_USE,false,,,
1000000333,0001,000000000030000140,3000,USED,true,2026-02-02,,
1000000334,0001,000000000030000140,3000,USED,true,2025-12-07,,
1000000335,0001,000000000030000141,3000,AWAITING_PURCHASE_ORDER,false,,,
1000000336,0001,000000000030000141,3000,PARTIALLY_USED,true,2026-04-14,,
1000000337,0001,000000000030000141,2000,USED,true,2026-02-06,,
1000000338,0001,000000000030000141,2000,USED,true,2025-12-17,,
1000000339,0001,000000000030000141,2000,USED,true,2026-03-02,,
1000000340,0001,000000000030000142,1000,AWAITING_USE,false,,,
1000000341,0001,000000000030000142,1000,USED,true,2026-08-11,,
1000000342,0001,000000000030000143,2000,USED,true,2026-04-09,,
1000000343,0001,000000000030000143,2000,USED,true,2026-04-12,,
1000000344,0001,000000000030000143,3000,AWAITING_USE,false,,,
1000000345,0001,000000000030000144,3000,OVERDUE_USE,false,,,SHUTDOWN_DEFERRED_TO_NEXT_WINDOW
1000000346,0001,000000000030000144,3000,AWAITING_USE,false,,,
1000000347,0001,000000000030000145,3000,USED,true,2026-08-27,,
1000000348,0001,000000000030000145,4000,USED,true,2026-01-03,,
1000000349,0001,000000000030000145,4000,AWAITING_USE,false,,,
1000000350,0001,000000000030000146,4000,USED,true,2026-03-07,,
1000000351,0001,000000000030000146,4000,AWAITING_USE,false,,,
1000000352,0001,000000000030000146,4000,AWAITING_USE,false,,,
1000000353,0001,000000000030000147,3000,USED,true,2026-03-22,,
1000000354,0001,000000000030000147,3000,AWAITING_USE,false,,,
1000000355,0001,000000000030000147,3000,USED,true,2026-06-17,,
1000000356,0001,000000000030000148,2000,USED,true,2026-07-26,,
1000000357,0001,000000000030000148,2000,USED,true,2026-04-05,,
1000000358,0001,000000000030000148,2000,USED,true,2026-05-21,,
1000000359,0001,000000000030000149,2000,USED,true,2026-07-17,,
1000000360,0001,000000000030000149,2000,AWAITING_PURCHASE_ORDER,false,,,
1000000361,0001,000000000030000149,2000,AWAITING_USE,false,,,
1000000362,0001,000000000030000150,2000,PARTIALLY_USED,true,2026-09-07,,
1000000363,0001,000000000030000150,2000,AWAITING_USE,false,,,
1000000364,0001,000000000030000150,2000,USED,true,2026-03-29,,
1000000365,0001,000000000030000151,3000,OVERDUE_USE,false,,2026-10-09,SCOPE_CANCELLED_UNIT_HELD_AS_SPARE
1000000366,0001,000000000030000151,3000,AWAITING_USE,false,,,
1000000367,0001,000000000030000151,4000,USED,true,2026-05-18,,
1000000368,0001,000000000030000151,4000,USED,true,2026-09-07,,
1000000369,0001,000000000030000151,4000,USED,true,2026-09-07,,
1000000370,0001,000000000030000152,3000,OVERDUE_USE,false,,2026-08-15,EQUIPMENT_STILL_IN_SERVICE
1000000371,0001,000000000030000152,3000,OVERDUE_USE,false,,,EQUIPMENT_STILL_IN_SERVICE
1000000372,0001,000000000030000152,3000,USED,true,2026-05-14,,
1000000373,0001,000000000030000152,2000,USED,true,2026-04-14,,
1000000374,0001,000000000030000152,2000,AWAITING_PURCHASE_ORDER,false,,,
1000000375,0001,000000000030000152,2000,USED,true,2026-01-10,,
1000000376,0001,000000000030000153,4000,AWAITING_USE,false,,,
1000000377,0001,000000000030000153,4000,AWAITING_USE,false,,,
1000000378,0001,000000000030000153,4000,OVERDUE_USE,false,,2026-10-22,SCOPE_CANCELLED_UNIT_HELD_AS_SPARE
1000000379,0001,000000000030000154,2000,AWAITING_USE,false,,,
1000000380,0001,000000000030000154,2000,OVERDUE_USE,false,,2026-09-11,SHUTDOWN_DEFERRED_TO_NEXT_WINDOW
1000000381,0001,000000000030000154,2000,OVERDUE_USE,false,,2026-08-26,SCOPE_CANCELLED_UNIT_HELD_AS_SPARE
1000000382,0001,000000000030000155,2000,OVERDUE_USE,false,,,SCOPE_CANCELLED_UNIT_HELD_AS_SPARE
1000000383,0001,000000000030000155,2000,AWAITING_USE,false,,,
1000000384,0001,000000000030000155,2000,OVERDUE_USE,false,,2026-07-16,SHUTDOWN_DEFERRED_TO_NEXT_WINDOW
1000000385,0001,000000000030000155,4000,USED,true,2025-12-15,,
1000000386,0001,000000000030000155,4000,PARTIALLY_USED,true,2026-01-11,,
1000000387,0001,000000000030000156,3000,USED,true,2026-02-24,,
1000000388,0001,000000000030000156,3000,USED,true,2025-12-21,,
1000000389,0001,000000000030000157,1000,USED,true,2026-03-19,,
1000000390,0001,000000000030000157,1000,USED,true,2026-02-22,,
1000000391,0001,000000000030000158,3000,PARTIALLY_USED,true,2026-01-11,,
1000000392,0001,000000000030000158,4000,USED,true,2026-02-21,,
1000000393,0001,000000000030000159,3000,AWAITING_USE,false,,,
1000000394,0001,000000000030000159,3000,AWAITING_USE,false,,,
1000000395,0001,000000000030000159,1000,USED,true,2026-01-17,,
1000000396,0001,000000000030000159,1000,USED,true,2026-06-30,,
1000000397,0001,000000000030000160,4000,AWAITING_USE,false,,,
1000000398,0001,000000000030000160,4000,OVERDUE_USE,false,,2026-10-25,SCOPE_CANCELLED_UNIT_HELD_AS_SPARE
1000000399,0001,000000000030000161,2000,OVERDUE_USE,false,,,EQUIPMENT_STILL_IN_SERVICE
1000000400,0001,000000000030000161,2000,AWAITING_USE,false,,,
1000000401,0001,000000000030000161,2000,USED,true,2026-07-09,,
1000000402,0001,000000000030000162,1000,OVERDUE_USE,false,,2026-10-07,SHUTDOWN_DEFERRED_TO_NEXT_WINDOW
1000000403,0001,000000000030000162,3000,PARTIALLY_USED,true,2026-07-31,,
1000000404,0001,000000000030000163,2000,USED,true,2026-04-08,,
1000000405,0001,000000000030000163,2000,USED,true,2026-05-17,,
1000000406,0001,000000000030000163,2000,USED,true,2026-05-18,,
1000000407,0001,000000000030000164,1000,AWAITING_USE,false,,,
1000000408,0001,000000000030000164,1000,USED,true,2025-12-21,,
1000000409,0001,000000000030000165,3000,OVERDUE_USE,false,,,SCOPE_CANCELLED_UNIT_HELD_AS_SPARE
1000000410,0001,000000000030000165,3000,USED,true,2026-05-15,,
1000000411,0001,000000000030000165,3000,OVERDUE_USE,false,,2026-07-03,SHUTDOWN_DEFERRED_TO_NEXT_WINDOW
1000000412,0001,000000000030000166,2000,AWAITING_USE,false,,,
1000000413,0001,000000000030000166,2000,USED,true,2026-01-09,,
1000000414,0001,000000000030000166,2000,AWAITING_PURCHASE_ORDER,false,,,
1000000415,0001,000000000030000167,1000,AWAITING_PURCHASE_ORDER,false,,,
1000000416,0001,000000000030000168,2000,USED,true,2026-03-29,,
1000000417,0001,000000000030000169,4000,OVERDUE_USE,false,,2026-09-04,EQUIPMENT_STILL_IN_SERVICE
1000000418,0001,000000000030000169,4000,AWAITING_USE,false,,,
1000000419,0001,000000000030000169,4000,AWAITING_USE,false,,,
1000000420,0001,000000000030000169,1000,OVERDUE_USE,false,,,SCOPE_CANCELLED_UNIT_HELD_AS_SPARE
1000000421,0001,000000000030000169,1000,USED,true,2026-04-29,,
1000000422,0001,000000000030000170,3000,OVERDUE_USE,false,,2026-07-07,SCOPE_CANCELLED_UNIT_HELD_AS_SPARE
1000000423,0001,000000000030000170,3000,AWAITING_PURCHASE_ORDER,false,,,
1000000424,0001,000000000030000171,2000,AWAITING_PURCHASE_ORDER,false,,,
1000000425,0001,000000000030000171,4000,OVERDUE_USE,false,,,EQUIPMENT_STILL_IN_SERVICE
1000000426,0001,000000000030000172,1000,USED,true,2026-04-18,,
1000000427,0001,000000000030000172,1000,AWAITING_USE,false,,,
1000000428,0001,000000000030000173,2000,USED,true,2026-01-29,,
1000000429,0001,000000000030000174,4000,USED,true,2026-05-14,,
1000000430,0001,000000000030000175,4000,AWAITING_USE,false,,,
1000000431,0001,000000000030000175,4000,OVERDUE_USE,false,,2026-07-15,SCOPE_CANCELLED_UNIT_HELD_AS_SPARE
1000000432,0001,000000000030000175,4000,AWAITING_USE,false,,,
1000000433,0001,000000000030000175,3000,USED,true,2026-01-06,,
1000000434,0001,000000000030000175,3000,USED,true,2026-08-13,,
1000000435,0001,000000000030000175,3000,OVERDUE_USE,false,,,EQUIPMENT_STILL_IN_SERVICE
1000000436,0001,000000000030000176,4000,USED,true,2026-04-23,,
1000000437,0001,000000000030000176,4000,USED,true,2026-03-03,,
1000000438,0001,000000000030000177,1000,USED,true,2026-09-07,,
1000000439,0001,000000000030000178,4000,PARTIALLY_USED,true,2026-07-17,,
1000000440,0001,000000000030000178,4000,USED,true,2026-03-17,,
1000000441,0001,000000000030000178,3000,PARTIALLY_USED,true,2025-12-18,,
1000000442,0001,000000000030000178,3000,USED,true,2026-01-22,,
1000000443,0001,000000000030000179,1000,PARTIALLY_USED,true,2026-01-21,,
1000000444,0001,000000000030000179,1000,USED,true,2025-12-30,,
1000000445,0001,000000000030000179,1000,USED,true,2026-02-01,,
1000000446,0001,000000000030000180,3000,OVERDUE_USE,false,,2026-09-16,SHUTDOWN_DEFERRED_TO_NEXT_WINDOW
1000000447,0001,000000000030000180,3000,AWAITING_USE,false,,,
1000000448,0001,000000000030000180,3000,AWAITING_USE,false,,,
1000000449,0001,000000000030000181,4000,PARTIALLY_USED,true,2026-09-07,,
1000000450,0001,000000000030000181,4000,AWAITING_PURCHASE_ORDER,false,,,
1000000451,0001,000000000030000181,4000,OVERDUE_USE,false,,,SCOPE_CANCELLED_UNIT_HELD_AS_SPARE
1000000452,0001,000000000030000182,3000,OVERDUE_USE,false,,2026-09-16,SCOPE_CANCELLED_UNIT_HELD_AS_SPARE
1000000453,0001,000000000030000183,1000,USED,true,2026-02-02,,
1000000454,0001,000000000030000183,1000,PARTIALLY_USED,true,2026-03-04,,
1000000455,0001,000000000030000183,1000,AWAITING_USE,false,,,
1000000456,0001,000000000030000184,2000,OVERDUE_USE,false,,2026-09-04,SCOPE_CANCELLED_UNIT_HELD_AS_SPARE
1000000457,0001,000000000030000184,2000,AWAITING_USE,false,,,
1000000458,0001,000000000030000184,2000,USED,true,2026-05-28,,
1000000459,0001,000000000030000185,3000,USED,true,2026-02-03,,
1000000460,0001,000000000030000186,2000,AWAITING_USE,false,,,
1000000461,0001,000000000030000187,3000,OVERDUE_USE,false,,,SHUTDOWN_DEFERRED_TO_NEXT_WINDOW
1000000462,0001,000000000030000187,3000,USED,true,2026-02-18,,
1000000463,0001,000000000030000187,1000,AWAITING_USE,false,,,
1000000464,0001,000000000030000187,1000,USED,true,2026-02-05,,
1000000465,0001,000000000030000187,1000,USED,true,2026-01-07,,
1000000466,0001,000000000030000188,3000,AWAITING_PURCHASE_ORDER,false,,,
1000000467,0001,000000000030000188,3000,AWAITING_USE,false,,,
1000000468,0001,000000000030000188,3000,USED,true,2026-02-12,,
1000000469,0001,000000000030000189,2000,AWAITING_USE,false,,,
1000000470,0001,000000000030000189,2000,USED,true,2026-03-10,,
1000000471,0001,000000000030000189,3000,OVERDUE_USE,false,,,SHUTDOWN_DEFERRED_TO_NEXT_WINDOW
1000000472,0001,000000000030000189,3000,USED,true,2026-08-11,,
1000000473,0001,000000000030000190,1000,USED,true,2026-02-25,,
1000000474,0001,000000000030000190,1000,USED,true,2026-08-26,,
1000000475,0001,000000000030000191,2000,USED,true,2026-04-29,,
1000000476,0001,000000000030000192,4000,USED,true,2026-03-21,,
1000000477,0001,000000000030000192,4000,USED,true,2026-09-07,,
1000000478,0001,000000000030000192,4000,USED,true,2026-05-08,,
1000000479,0001,000000000030000192,1000,AWAITING_USE,false,,,
1000000480,0001,000000000030000192,1000,USED,true,2026-07-19,,
1000000481,0001,000000000030000192,1000,USED,true,2026-01-19,,
1000000482,0001,000000000030000193,1000,OVERDUE_USE,false,,2026-10-30,EQUIPMENT_STILL_IN_SERVICE
1000000483,0001,000000000030000194,1000,USED,true,2026-06-17,,
1000000484,0001,000000000030000194,1000,AWAITING_PURCHASE_ORDER,false,,,
1000000485,0001,000000000030000194,1000,USED,true,2026-07-09,,
1000000486,0001,000000000030000195,3000,USED,true,2026-05-02,,
1000000487,0001,000000000030000196,3000,AWAITING_USE,false,,,
1000000488,0001,000000000030000196,3000,PARTIALLY_USED,true,2026-08-20,,
1000000489,0001,000000000030000196,3000,OVERDUE_USE,false,,2026-10-02,SCOPE_CANCELLED_UNIT_HELD_AS_SPARE
1000000490,0001,000000000030000197,3000,USED,true,2026-06-09,,
1000000491,0001,000000000030000197,3000,OVERDUE_USE,false,,2026-07-05,EQUIPMENT_STILL_IN_SERVICE
1000000492,0001,000000000030000197,3000,USED,true,2026-06-20,,
1000000493,0001,000000000030000197,4000,USED,true,2026-01-29,,
1000000494,0001,000000000030000197,4000,USED,true,2026-08-15,,
1000000495,0001,000000000030000197,4000,USED,true,2025-12-31,,
1000000496,0001,000000000030000198,2000,OVERDUE_USE,false,,2026-11-13,SHUTDOWN_DEFERRED_TO_NEXT_WINDOW
1000000497,0001,000000000030000199,3000,AWAITING_USE,false,,,
1000000498,0001,000000000030000199,3000,AWAITING_PURCHASE_ORDER,false,,,
1000000499,0001,000000000030000199,3000,USED,true,2026-07-19,,
1000000500,0001,000000000030000200,1000,USED,true,2026-02-14,,
1000000501,0001,000000000030000200,1000,AWAITING_USE,false,,,
1000000502,0001,000000000030000200,1000,USED,true,2026-02-19,,
1000000503,0001,000000000030000201,2000,USED,true,2026-04-27,,
1000000504,0001,000000000030000202,3000,AWAITING_USE,false,,,
1000000505,0001,000000000030000202,3000,USED,true,2026-07-21,,
1000000506,0001,000000000030000202,3000,USED,true,2026-09-06,,
1000000507,0001,000000000030000203,1000,USED,true,2026-07-08,,
1000000508,0001,000000000030000204,3000,AWAITING_USE,false,,,
1000000509,0001,000000000030000204,3000,USED,true,2026-07-04,,
1000000510,0001,000000000030000204,3000,OVERDUE_USE,false,,,EQUIPMENT_STILL_IN_SERVICE
1000000511,0001,000000000030000205,2000,PARTIALLY_USED,true,2026-02-18,,
1000000512,0001,000000000030000206,2000,USED,true,2026-06-05,,
1000000513,0001,000000000030000206,2000,AWAITING_USE,false,,,
1000000514,0001,000000000030000206,2000,PARTIALLY_USED,true,2025-12-02,,
1000000515,0001,000000000030000206,3000,OVERDUE_USE,false,,,SHUTDOWN_DEFERRED_TO_NEXT_WINDOW
1000000516,0001,000000000030000207,1000,AWAITING_USE,false,,,
1000000517,0001,000000000030000207,1000,AWAITING_USE,false,,,
1000000518,0001,000000000030000208,1000,OVERDUE_USE,false,,2026-10-08,EQUIPMENT_STILL_IN_SERVICE
1000000519,0001,000000000030000208,1000,OVERDUE_USE,false,,2026-07-17,SHUTDOWN_DEFERRED_TO_NEXT_WINDOW
1000000520,0001,000000000030000209,2000,AWAITING_USE,false,,,
1000000521,0001,000000000030000209,2000,USED,true,2026-03-28,,
1000000522,0001,000000000030000209,2000,AWAITING_USE,false,,,
1000000523,0001,000000000030000210,1000,USED,true,2026-01-12,,
1000000524,0001,000000000030000210,1000,AWAITING_USE,false,,,
1000000525,0001,000000000030000210,1000,AWAITING_USE,false,,,
1000000526,0001,000000000030000211,3000,AWAITING_USE,false,,,
1000000527,0001,000000000030000211,3000,AWAITING_USE,false,,,
1000000528,0001,000000000030000212,1000,OVERDUE_USE,false,,2026-11-14,SHUTDOWN_DEFERRED_TO_NEXT_WINDOW
1000000529,0001,000000000030000212,1000,OVERDUE_USE,false,,2026-10-13,SCOPE_CANCELLED_UNIT_HELD_AS_SPARE
1000000530,0001,000000000030000213,4000,USED,true,2026-03-20,,
1000000531,0001,000000000030000214,3000,AWAITING_USE,false,,,
1000000532,0001,000000000030000214,3000,USED,true,2026-06-07,,
1000000533,0001,000000000030000214,3000,USED,true,2026-01-07,,
1000000534,0001,000000000030000215,1000,PARTIALLY_USED,true,2026-02-02,,
1000000535,0001,000000000030000215,1000,PARTIALLY_USED,true,2026-07-15,,
1000000536,0001,000000000030000215,1000,OVERDUE_USE,false,,2026-07-25,SHUTDOWN_DEFERRED_TO_NEXT_WINDOW
1000000537,0001,000000000030000216,4000,OVERDUE_USE,false,,,EQUIPMENT_STILL_IN_SERVICE
1000000538,0001,000000000030000216,4000,AWAITING_PURCHASE_ORDER,false,,,
1000000539,0001,000000000030000217,4000,OVERDUE_USE,false,,2026-10-15,EQUIPMENT_STILL_IN_SERVICE
1000000540,0001,000000000030000217,4000,AWAITING_USE,false,,,
1000000541,0001,000000000030000217,4000,OVERDUE_USE,false,,,SHUTDOWN_DEFERRED_TO_NEXT_WINDOW
1000000542,0001,000000000030000217,3000,USED,true,2026-04-08,,
1000000543,0001,000000000030000218,1000,USED,true,2025-12-16,,
1000000544,0001,000000000030000219,1000,USED,true,2026-06-05,,
1000000545,0001,000000000030000219,1000,PARTIALLY_USED,true,2026-05-26,,
1000000546,0001,000000000030000219,1000,AWAITING_USE,false,,,
1000000547,0001,000000000030000220,2000,OVERDUE_USE,false,,,SHUTDOWN_DEFERRED_TO_NEXT_WINDOW
1000000548,0001,000000000030000220,2000,AWAITING_USE,false,,,
1000000549,0001,000000000030000220,2000,PARTIALLY_USED,true,2026-08-10,,
1000000550,0001,000000000030000221,4000,USED,true,2026-03-20,,
1000000551,0001,000000000030000221,4000,USED,true,2026-06-07,,
1000000552,0001,000000000030000222,1000,USED,true,2026-02-16,,
1000000553,0001,000000000030000222,2000,OVERDUE_USE,false,,,SHUTDOWN_DEFERRED_TO_NEXT_WINDOW
1000000554,0001,000000000030000222,2000,PARTIALLY_USED,true,2026-05-29,,
1000000555,0001,000000000030000222,2000,AWAITING_PURCHASE_ORDER,false,,,
1000000556,0001,000000000030000223,4000,OVERDUE_USE,false,,,SCOPE_CANCELLED_UNIT_HELD_AS_SPARE
1000000557,0001,000000000030000223,4000,PARTIALLY_USED,true,2026-07-13,,
1000000558,0001,000000000030000223,4000,USED,true,2026-09-01,,
1000000559,0001,000000000030000223,3000,USED,true,2026-04-03,,
1000000560,0001,000000000030000224,2000,OVERDUE_USE,false,,2026-06-27,EQUIPMENT_STILL_IN_SERVICE
1000000561,0001,000000000030000224,2000,USED,true,2025-12-06,,
1000000562,0001,000000000030000224,4000,AWAITING_PURCHASE_ORDER,false,,,
1000000563,0001,000000000030000224,4000,AWAITING_USE,false,,,
1000000564,0001,000000000030000225,1000,AWAITING_USE,false,,,
1000000565,0001,000000000030000225,1000,OVERDUE_USE,false,,,EQUIPMENT_STILL_IN_SERVICE
1000000566,0001,000000000030000225,1000,USED,true,2026-07-16,,
1000000567,0001,000000000030000225,4000,OVERDUE_USE,false,,2026-07-28,EQUIPMENT_STILL_IN_SERVICE
1000000568,0001,000000000030000225,4000,PARTIALLY_USED,true,2026-08-03,,
1000000569,0001,000000000030000226,1000,PARTIALLY_USED,true,2026-06-07,,
1000000570,0001,000000000030000226,1000,USED,true,2026-02-18,,
1000000571,0001,000000000030000226,1000,AWAITING_USE,false,,,
1000000572,0001,000000000030000227,3000,USED,true,2026-04-05,,
1000000573,0001,000000000030000227,3000,USED,true,2026-05-28,,
1000000574,0001,000000000030000227,3000,USED,true,2025-11-14,,
1000000575,0001,000000000030000228,2000,USED,true,2026-07-29,,
1000000576,0001,000000000030000228,2000,PARTIALLY_USED,true,2026-05-14,,
1000000577,0001,000000000030000229,3000,AWAITING_USE,false,,,
1000000578,0001,000000000030000230,1000,OVERDUE_USE,false,,2026-10-12,EQUIPMENT_STILL_IN_SERVICE
1000000579,0001,000000000030000230,4000,AWAITING_PURCHASE_ORDER,false,,,
1000000580,0001,000000000030000230,4000,OVERDUE_USE,false,,,SCOPE_CANCELLED_UNIT_HELD_AS_SPARE
1000000581,0001,000000000030000231,1000,AWAITING_USE,false,,,
1000000582,0001,000000000030000232,1000,PARTIALLY_USED,true,2025-12-08,,
1000000583,0001,000000000030000232,1000,AWAITING_USE,false,,,
1000000584,0001,000000000030000233,1000,USED,true,2025-11-28,,
1000000585,0001,000000000030000233,1000,AWAITING_PURCHASE_ORDER,false,,,
1000000586,0001,000000000030000233,1000,OVERDUE_USE,false,,2026-07-15,SHUTDOWN_DEFERRED_TO_NEXT_WINDOW
1000000587,0001,000000000030000234,1000,PARTIALLY_USED,true,2025-11-26,,
1000000588,0001,000000000030000234,1000,AWAITING_PURCHASE_ORDER,false,,,
1000000589,0001,000000000030000234,1000,USED,true,2026-05-02,,
1000000590,0001,000000000030000235,4000,USED,true,2026-09-07,,
1000000591,0001,000000000030000235,4000,AWAITING_USE,false,,,
1000000592,0001,000000000030000236,2000,AWAITING_USE,false,,,
1000000593,0001,000000000030000236,2000,AWAITING_PURCHASE_ORDER,false,,,
1000000594,0001,000000000030000236,2000,OVERDUE_USE,false,,2026-09-25,SHUTDOWN_DEFERRED_TO_NEXT_WINDOW
1000000595,0001,000000000030000237,2000,OVERDUE_USE,false,,,SCOPE_CANCELLED_UNIT_HELD_AS_SPARE
1000000596,0001,000000000030000237,2000,AWAITING_USE,false,,,
1000000597,0001,000000000030000238,2000,USED,true,2026-03-28,,
1000000598,0001,000000000030000239,1000,PARTIALLY_USED,true,2026-03-28,,
1000000599,0001,000000000030000239,1000,USED,true,2026-09-07,,
1000000600,0001,000000000030000240,3000,USED,true,2026-03-09,,
1000000601,0001,000000000030000240,3000,USED,true,2026-02-08,,
1000000602,0001,000000000030000240,3000,AWAITING_USE,false,,,
1000000603,0001,000000000030000241,4000,PARTIALLY_USED,true,2026-04-04,,
1000000604,0001,000000000030000242,4000,OVERDUE_USE,false,,,EQUIPMENT_STILL_IN_SERVICE
1000000605,0001,000000000030000243,1000,USED,true,2026-08-31,,
1000000606,0001,000000000030000243,1000,USED,true,2026-08-18,,
1000000607,0001,000000000030000244,4000,USED,true,2026-03-25,,
1000000608,0001,000000000030000244,4000,AWAITING_PURCHASE_ORDER,false,,,
1000000609,0001,000000000030000244,4000,USED,true,2026-07-02,,
1000000610,0001,000000000030000245,1000,AWAITING_USE,false,,,
1000000611,0001,000000000030000245,1000,OVERDUE_USE,false,,2026-09-17,SHUTDOWN_DEFERRED_TO_NEXT_WINDOW
1000000612,0001,000000000030000245,1000,OVERDUE_USE,false,,2026-08-23,SHUTDOWN_DEFERRED_TO_NEXT_WINDOW
1000000613,0001,000000000030000246,4000,PARTIALLY_USED,true,2026-02-03,,
1000000614,0001,000000000030000246,4000,USED,true,2026-03-02,,
1000000615,0001,000000000030000246,4000,USED,true,2026-09-07,,
1000000616,0001,000000000030000247,4000,AWAITING_USE,false,,,
1000000617,0001,000000000030000247,4000,AWAITING_USE,false,,,
1000000618,0001,000000000030000247,4000,USED,true,2026-06-18,,
1000000619,0001,000000000030000248,4000,USED,true,2026-01-03,,
1000000620,0001,000000000030000248,4000,USED,true,2025-11-16,,
1000000621,0001,000000000030000248,4000,AWAITING_PURCHASE_ORDER,false,,,
1000000622,0001,000000000030000248,2000,USED,true,2026-06-08,,
1000000623,0001,000000000030000248,2000,USED,true,2026-03-06,,
1000000624,0001,000000000030000249,2000,AWAITING_USE,false,,,
1000000625,0001,000000000030000249,2000,PARTIALLY_USED,true,2026-01-25,,
1000000626,0001,000000000030000249,2000,AWAITING_PURCHASE_ORDER,false,,,
1000000627,0001,000000000030000250,4000,USED,true,2026-07-14,,
1000000628,0001,000000000030000251,1000,USED,true,2026-07-25,,
1000000629,0001,000000000030000252,1000,PARTIALLY_USED,true,2026-09-07,,
1000000630,0001,000000000030000252,1000,USED,true,2026-03-29,,
1000000631,0001,000000000030000253,3000,USED,true,2026-09-07,,
1000000632,0001,000000000030000253,3000,USED,true,2026-05-31,,
1000000633,0001,000000000030000254,3000,AWAITING_USE,false,,,
1000000634,0001,000000000030000254,3000,OVERDUE_USE,false,,,SHUTDOWN_DEFERRED_TO_NEXT_WINDOW
1000000635,0001,000000000030000255,1000,AWAITING_USE,false,,,
1000000636,0001,000000000030000256,3000,OVERDUE_USE,false,,,EQUIPMENT_STILL_IN_SERVICE
1000000637,0001,000000000030000256,3000,USED,true,2026-04-06,,
1000000638,0001,000000000030000257,2000,AWAITING_USE,false,,,
1000000639,0001,000000000030000257,3000,USED,true,2026-05-03,,
1000000640,0001,000000000030000257,3000,USED,true,2026-01-06,,
1000000641,0001,000000000030000257,3000,USED,true,2026-04-18,,
1000000642,0001,000000000030000258,2000,USED,true,2026-09-03,,
1000000643,0001,000000000030000258,2000,USED,true,2026-01-15,,
1000000644,0001,000000000030000259,1000,USED,true,2026-04-27,,
1000000645,0001,000000000030000259,1000,AWAITING_PURCHASE_ORDER,false,,,
1000000646,0001,000000000030000259,1000,AWAITING_USE,false,,,
1000000647,0001,000000000030000260,3000,AWAITING_USE,false,,,
1000000648,0001,000000000030000261,2000,OVERDUE_USE,false,,2026-08-07,SHUTDOWN_DEFERRED_TO_NEXT_WINDOW
1000000649,0001,000000000030000261,2000,AWAITING_USE,false,,,
1000000650,0001,000000000030000262,2000,AWAITING_PURCHASE_ORDER,false,,,
1000000651,0001,000000000030000262,2000,USED,true,2026-09-07,,
1000000652,0001,000000000030000263,4000,USED,true,2026-07-08,,
1000000653,0001,000000000030000264,4000,USED,true,2026-09-07,,
1000000654,0001,000000000030000264,4000,AWAITING_USE,false,,,
1000000655,0001,000000000030000264,4000,USED,true,2026-07-27,,
1000000656,0001,000000000030000265,4000,USED,true,2026-08-09,,
1000000657,0001,000000000030000265,4000,AWAITING_USE,false,,,
1000000658,0001,000000000030000266,1000,USED,true,2025-12-24,,
1000000659,0001,000000000030000267,4000,USED,true,2026-04-15,,
1000000660,0001,000000000030000267,4000,USED,true,2026-01-12,,
1000000661,0001,000000000030000268,3000,OVERDUE_USE,false,,,EQUIPMENT_STILL_IN_SERVICE
1000000662,0001,000000000030000268,3000,USED,true,2026-03-24,,
1000000663,0001,000000000030000268,3000,OVERDUE_USE,false,,2026-06-19,SHUTDOWN_DEFERRED_TO_NEXT_WINDOW
1000000664,0001,000000000030000268,1000,OVERDUE_USE,false,,,SCOPE_CANCELLED_UNIT_HELD_AS_SPARE
1000000665,0001,000000000030000268,1000,USED,true,2026-02-27,,
1000000666,0001,000000000030000269,3000,USED,true,2026-09-07,,
1000000667,0001,000000000030000269,3000,OVERDUE_USE,false,,2026-10-27,SCOPE_CANCELLED_UNIT_HELD_AS_SPARE
1000000668,0001,000000000030000270,4000,USED,true,2026-06-24,,
1000000669,0001,000000000030000270,4000,USED,true,2025-12-02,,
1000000670,0001,000000000030000271,4000,USED,true,2026-03-15,,
1000000671,0001,000000000030000272,1000,USED,true,2026-03-18,,
1000000672,0001,000000000030000272,1000,OVERDUE_USE,false,,,SCOPE_CANCELLED_UNIT_HELD_AS_SPARE
1000000673,0001,000000000030000273,4000,AWAITING_USE,false,,,
1000000674,0001,000000000030000274,1000,PARTIALLY_USED,true,2026-06-13,,
1000000675,0001,000000000030000274,1000,USED,true,2026-09-04,,
1000000676,0001,000000000030000275,1000,AWAITING_USE,false,,,
1000000677,0001,000000000030000276,4000,USED,true,2026-01-16,,
1000000678,0001,000000000030000277,4000,AWAITING_PURCHASE_ORDER,false,,,
1000000679,0001,000000000030000277,3000,USED,true,2026-04-29,,
1000000680,0001,000000000030000277,3000,USED,true,2026-02-12,,
1000000681,0001,000000000030000278,3000,USED,true,2025-12-02,,
1000000682,0001,000000000030000279,2000,PARTIALLY_USED,true,2026-09-07,,
1000000683,0001,000000000030000280,2000,OVERDUE_USE,false,,,SHUTDOWN_DEFERRED_TO_NEXT_WINDOW
1000000684,0001,000000000030000280,2000,OVERDUE_USE,false,,,EQUIPMENT_STILL_IN_SERVICE
1000000685,0001,000000000030000281,3000,AWAITING_USE,false,,,
1000000686,0001,000000000030000282,1000,USED,true,2026-01-10,,
1000000687,0001,000000000030000282,1000,OVERDUE_USE,false,,,SHUTDOWN_DEFERRED_TO_NEXT_WINDOW
1000000688,0001,000000000030000282,1000,OVERDUE_USE,false,,2026-10-27,SHUTDOWN_DEFERRED_TO_NEXT_WINDOW
1000000689,0001,000000000030000283,3000,USED,true,2026-05-17,,
1000000690,0001,000000000030000283,3000,USED,true,2026-03-01,,
1000000691,0001,000000000030000283,3000,USED,true,2026-05-22,,
1000000692,0001,000000000030000283,1000,AWAITING_USE,false,,,
1000000693,0001,000000000030000283,1000,USED,true,2026-01-14,,
1000000694,0001,000000000030000283,1000,USED,true,2025-12-12,,
1000000695,0001,000000000030000284,3000,USED,true,2026-04-27,,
1000000696,0001,000000000030000284,2000,USED,true,2026-09-07,,
1000000697,0001,000000000030000284,2000,USED,true,2026-03-17,,
1000000698,0001,000000000030000284,2000,OVERDUE_USE,false,,,EQUIPMENT_STILL_IN_SERVICE
1000000699,0001,000000000030000285,4000,AWAITING_USE,false,,,
1000000700,0001,000000000030000286,1000,USED,true,2026-07-24,,
1000000701,0001,000000000030000286,1000,USED,true,2026-01-30,,
1000000702,0001,000000000030000286,1000,AWAITING_USE,false,,,
1000000703,0001,000000000030000286,4000,USED,true,2026-09-07,,
1000000704,0001,000000000030000286,4000,USED,true,2026-03-12,,
1000000705,0001,000000000030000286,4000,USED,true,2026-04-02,,
1000000706,0001,000000000030000287,4000,USED,true,2026-02-22,,
1000000707,0001,000000000030000287,4000,AWAITING_USE,false,,,
1000000708,0001,000000000030000288,2000,USED,true,2026-01-20,,
1000000709,0001,000000000030000288,3000,USED,true,2026-04-28,,
1000000710,0001,000000000030000289,4000,AWAITING_USE,false,,,
1000000711,0001,000000000030000290,4000,USED,true,2026-05-18,,
1000000712,0001,000000000030000290,4000,AWAITING_PURCHASE_ORDER,false,,,
1000000713,0001,000000000030000291,4000,OVERDUE_USE,false,,,SCOPE_CANCELLED_UNIT_HELD_AS_SPARE
1000000714,0001,000000000030000291,1000,USED,true,2026-01-24,,
1000000715,0001,000000000030000291,1000,USED,true,2026-09-07,,
1000000716,0001,000000000030000291,1000,PARTIALLY_USED,true,2026-02-12,,
1000000717,0001,000000000030000292,3000,USED,true,2026-09-07,,
1000000718,0001,000000000030000292,3000,USED,true,2026-07-22,,
1000000719,0001,000000000030000293,2000,USED,true,2026-07-13,,
1000000720,0001,000000000030000293,2000,USED,true,2026-03-28,,
1000000721,0001,000000000030000293,2000,USED,true,2026-06-01,,
1000000722,0001,000000000030000293,3000,USED,true,2025-12-13,,
1000000723,0001,000000000030000293,3000,USED,true,2026-08-21,,
1000000724,0001,000000000030000293,3000,PARTIALLY_USED,true,2026-01-05,,
1000000725,0001,000000000030000294,2000,AWAITING_USE,false,,,
1000000726,0001,000000000030000294,2000,OVERDUE_USE,false,,2026-11-09,SHUTDOWN_DEFERRED_TO_NEXT_WINDOW
1000000727,0001,000000000030000294,2000,OVERDUE_USE,false,,2026-10-31,EQUIPMENT_STILL_IN_SERVICE
1000000728,0001,000000000030000294,1000,USED,true,2026-03-04,,
1000000729,0001,000000000030000294,1000,OVERDUE_USE,false,,,SHUTDOWN_DEFERRED_TO_NEXT_WINDOW
1000000730,0001,000000000030000295,3000,AWAITING_USE,false,,,
1000000731,0001,000000000030000295,3000,OVERDUE_USE,false,,2026-08-19,SCOPE_CANCELLED_UNIT_HELD_AS_SPARE
1000000732,0001,000000000030000296,3000,USED,true,2026-07-08,,
1000000733,0001,000000000030000296,3000,USED,true,2026-05-02,,
1000000734,0001,000000000030000297,3000,OVERDUE_USE,false,,2026-07-10,EQUIPMENT_STILL_IN_SERVICE
1000000735,0001,000000000030000297,3000,OVERDUE_USE,false,,,SHUTDOWN_DEFERRED_TO_NEXT_WINDOW
1000000736,0001,000000000030000298,1000,USED,true,2026-08-14,,
1000000737,0001,000000000030000299,2000,OVERDUE_USE,false,,2026-07-23,EQUIPMENT_STILL_IN_SERVICE
1000000738,0001,000000000030000299,2000,USED,true,2026-04-09,,
1000000739,0001,000000000030000299,2000,OVERDUE_USE,false,,,SCOPE_CANCELLED_UNIT_HELD_AS_SPARE
1000000740,0001,000000000030000300,3000,AWAITING_USE,false,,,
1000000741,0001,000000000030000300,3000,AWAITING_USE,false,,,
1000000742,0001,000000000030000301,2000,USED,true,2026-05-30,,
1000000743,0001,000000000030000301,4000,USED,true,2026-03-28,,
1000000744,0001,000000000030000301,4000,AWAITING_PURCHASE_ORDER,false,,,
1000000745,0001,000000000030000302,1000,USED,true,2026-01-23,,
1000000746,0001,000000000030000302,1000,USED,true,2026-05-03,,
1000000747,0001,000000000030000302,1000,AWAITING_USE,false,,,
1000000748,0001,000000000030000303,4000,USED,true,2026-02-03,,
1000000749,0001,000000000030000303,4000,USED,true,2026-03-18,,
1000000750,0001,000000000030000303,4000,PARTIALLY_USED,true,2026-05-29,,
1000000751,0001,000000000030000304,2000,AWAITING_USE,false,,,
1000000752,0001,000000000030000304,2000,OVERDUE_USE,false,,,EQUIPMENT_STILL_IN_SERVICE
1000000753,0001,000000000030000305,3000,OVERDUE_USE,false,,2026-08-25,SCOPE_CANCELLED_UNIT_HELD_AS_SPARE
1000000754,0001,000000000030000305,3000,OVERDUE_USE,false,,2026-10-17,SHUTDOWN_DEFERRED_TO_NEXT_WINDOW
1000000755,0001,000000000030000306,2000,AWAITING_PURCHASE_ORDER,false,,,
1000000756,0001,000000000030000306,2000,USED,true,2026-09-07,,
1000000757,0001,000000000030000307,2000,PARTIALLY_USED,true,2026-08-09,,
1000000758,0001,000000000030000307,2000,USED,true,2026-01-29,,
1000000759,0001,000000000030000308,1000,AWAITING_USE,false,,,
1000000760,0001,000000000030000308,1000,USED,true,2026-03-23,,
1000000761,0001,000000000030000308,3000,PARTIALLY_USED,true,2026-05-04,,
1000000762,0001,000000000030000308,3000,USED,true,2026-06-23,,
1000000763,0001,000000000030000309,2000,USED,true,2026-03-20,,
1000000764,0001,000000000030000310,3000,USED,true,2026-07-23,,
1000000765,0001,000000000030000310,3000,AWAITING_PURCHASE_ORDER,false,,,
1000000766,0001,000000000030000310,3000,AWAITING_PURCHASE_ORDER,false,,,
1000000767,0001,000000000030000311,4000,USED,true,2026-01-17,,
1000000768,0001,000000000030000311,4000,USED,true,2026-03-13,,
1000000769,0001,000000000030000312,2000,USED,true,2026-01-31,,
1000000770,0001,000000000030000312,2000,AWAITING_USE,false,,,
1000000771,0001,000000000030000312,3000,USED,true,2026-03-25,,
1000000772,0001,000000000030000312,3000,USED,true,2026-07-23,,
1000000773,0001,000000000030000312,3000,AWAITING_USE,false,,,
1000000774,0001,000000000030000313,1000,AWAITING_PURCHASE_ORDER,false,,,
1000000775,0001,000000000030000313,1000,OVERDUE_USE,false,,2026-10-07,SCOPE_CANCELLED_UNIT_HELD_AS_SPARE
1000000776,0001,000000000030000314,4000,PARTIALLY_USED,true,2026-05-23,,
1000000777,0001,000000000030000315,2000,AWAITING_USE,false,,,
